technique_id,technique_name,tactic,families
T1001,,,DarkGate|FRAMESTING|FlawedAmmyy|FunnyDream|Ninja|Okrum|RDAT|SLOTHFULMEDIA|SideTwist|StrelaStealer|SystemBC|TrailBlazer
T1001.001,,,BeaverTail|BendyBear|Downdelph|GoldMax|GrimAgent|Kevin|LODEINFO|Mori|P2P ZeuS|P8RAT|PLEAD|SUNBURST|TrailBlazer|Turian|UPSTYLE|Uroburos|WellMess
T1001.002,,,Daserf|Duqu|HAMMERTOSS|LightNeuron|LunarMail|LunarWeb|RDAT|SUNBURST|ZeroT|Zox
T1001.003,,,BADCALL|BOOKWORM|Bankshot|Cobalt Strike|FALLCHILL|FRAMESTING|FakeM|HARDRAIN|InvisiMole|KeyBoy|Ninja|Okrum|PUBLOAD|SUNBURST|StarProxy|TAINTEDSCRIBE|TONESHELL|Uroburos
T1003,,,Carbanak|HOMEFRY|MgBot|OnionDuke|PinchDuke|Revenge RAT|Trojan.Karagany
T1003.001,,,Bad Rabbit|Cobalt Strike|CozyCar|Daserf|Emotet|GreyEnergy|Lizar|Mafalda|Net Crawler|NotPetya|Okrum|Olympic Destroyer|PoetRAT|Pysa|Qilin
T1003.002,,,Cobalt Strike|CosmicDuke|CozyCar|HOPLIGHT|IceApple|Mivast|POWERTON|Remsec
T1003.004,,,CosmicDuke|IceApple
T1003.005,,,Okrum
T1003.007,,,PACEMAKER
T1005,,,Action RAT|Amadey|AppleSeed|AuTo Stealer|BADFLICK|BADNEWS|BLINDINGCAN|BRICKSTORM|BadPatch|Bandook|Bankshot|Bazar|BeaverTail|Bisonal|BlackMould|BoxCaon|Bumblebee|CASTLETAP|CHIMNEYSWEEP|Calisto|Caterpillar WebShell|CharmPower|China Chopper|Chrommme|Clambling|Cobalt Strike|CookieMiner|CosmicDuke|CreepyDrive|Crimson|Crutch|Cryptoistic|Cyclops Blink|DRATzarus|DUSTTRAP|DanBot|DarkGate|DarkWatchman|DnsSystem|Drovorub|Dtrack|EnvyScout|FLASHFLOOD|FatDuke|Flagpro|FlawedAmmyy|FoggyWeb|FrameworkPOS|FunnyDream|Gelsemium|GlassWorm|Goopy|GravityRAT|Green Lambert|GrimAgent|Havoc|HiddenFace|Hikit|Hydraq|IPsec Helper|IceApple|InvisiMole|InvisibleFerret|Ixeshe|KGH_SPY|KONNI|KOPILUWAK|Kazuar|Kevin|LAMEHUG|LODEINFO|Latrodectus|LightNeuron|Linfo|LoFiSe|MacMa|Machete|Mafalda|MarkiRAT|MgBot|Milan|Mis-Type|Misdat|MobileOrder|Mongall|Nebulae|Neoichor|NightClub|OSX_OCEANLOTUS.D|Octopus|OutSteel|P.A.S. Webshell|POWERSTATS|PUNCHTRACK|Pasam|Pcexter|Pillowmint|PinchDuke|PingPull|PoisonIvy|PowerLess|Proxysvc|QakBot|QuietSieve|RAPIDPULSE|RCSession|ROKRAT|Raccoon Stealer|RainyDay|Ramsay|RawPOS|RedLine Stealer|Rising Sun|Rover|SDBbot|SLIGHTPULSE|SLOTHFULMEDIA|SPAWNCHIMERA|STARWHALE|SUNBURST|SVCReady|Saint Bot|Samurai|Sardonic|Shark|SharpDisco|ShimRat|SideTwist|SombRAT|SpicyOmelette|StealBit|StrifeWater|SysUpdate|Taidoor|TajMahal|ThreatNeedle|TinyTurla|Tomiris|TrickBot|Troll Stealer|UPPERCUT|USBferry|Uroburos|Ursnif|WarzoneRAT|WellMail|WellMess|Woody RAT|XCSSET|Zox|ZxShell|ZxxZ|ccf32|metaMain|njRAT|xCaon|yty
T1007,,,BBSRAT|Babuk|BitPaymer|Black Basta|Caterpillar WebShell|Cobalt Strike|Comnie|Cuba|DarkTortilla|Dyre|Elise|Embargo|Emissary|Epic|GeminiDuke|GravityRAT|GreyEnergy|Heyoka Backdoor|HotCroissant|Hydraq|HyperBro|InvisiMole|Ixeshe|JPIN|Kwampirs|LAMEHUG|LookBack|Medusa Ransomware|PUBLOAD|Qilin|RATANKBA|REvil|RainyDay|S-Type|SLOTHFULMEDIA|SUNBURST|Sardonic|SombRAT|Sykipot|SynAck|SysUpdate|TrickBot|Ursnif|Volgmer|WINERACK|ZLib|ZxShell|jRAT
T1008,,,Anchor|AppleSeed|BISCUIT|Bazar|BlackEnergy|Bumblebee|CHOPSTICK|Cardinal RAT|CharmPower|Crutch|Derusbi|DustySky|Ebury|Exaramel for Linux|FatDuke|Gelsemium|GlassWorm|HOPLIGHT|HiddenFace|InvisiMole|JHUHUGIT|Kazuar|Kevin|Kwampirs|Linfo|Machete|MiniDuke|Mis-Type|NETEAGLE|OilBooster|PipeMon|QUADAGENT|QUIETEXIT|RDAT|RainyDay|S-Type|Shark|ShimRat|SideTwist|SslMM|Stuxnet|TAINTEDSCRIBE|TinyTurla|TrickBot|Uroburos|Valak|WinMM|XTunnel
T1010,,,Aria-body|Attor|Cadelspy|Catchamas|DUSTTRAP|DarkGate|DarkWatchman|Duqu|Flagpro|FunnyDream|Grandoreiro|HotCroissant|InvisiMole|Kazuar|Machete|Metamorfo|NETWIRE|NetTraveler|NightClub|PAKLOG|PLEAD|PoisonIvy|PowerDuke|QakBot|ROKRAT|Remexi|SOUNDBITE|TONESHELL|Trojan.Karagany|WINERACK|njRAT
T1011.001,,,Flame
T1012,,,ADVSTORESHELL|Attor|Azorult|BACKSPACE|BabyShark|Bankshot|Bazar|BendyBear|Bisonal|BitPaymer|BlackByte Ransomware|Brave Prince|Bumblebee|CHOPSTICK|Carbanak|Carberp|Carbon|Cardinal RAT|CharmPower|Clambling|Cobalt Strike|ComRAT|Crimson|DUSTTRAP|DarkWatchman|Denis|Derusbi|DownPaper|Dtrack|Epic|FELIXROOT|FatDuke|FinFisher|FunnyDream|Gelsemium|Gold Dragon|HOPLIGHT|Hydraq|Industroyer|InvisiMole|JPIN|Kapeka|LiteDuke|LitePower|Lucifer|Mafalda|Milan|Mori|OSInfo|POWERSOURCE|POWRUNER|PUBLOAD|Pillowmint|PlugX|Proxysvc|QUADAGENT|QUIETCANARY|Qilin|RATANKBA|REvil|ROKRAT|Raccoon Stealer|Reaver|RedLine Stealer|Rising Sun|SUNBURST|SVCReady|Saint Bot|Samurai|Shamoon|Shark|Sibot|SodaMaster|StoneDrill|Stuxnet|SynAck|TEARDROP|TRANSLATEXT|Taidoor|TinyTurla|Uroburos|Ursnif|Valak|Volgmer|WINDSHIELD|WastedLocker|Waterbear|Woody RAT|Zebrocy|Zeus Panda|ZxShell|ZxxZ|gh0st RAT|njRAT
T1014,,,COATHANGER|Carberp|Caterpillar WebShell|Drovorub|Ebury|HIDEDRV|Hacking Team UEFI Rootkit|HiddenWasp|Hikit|Hildegard|Line Dancer|LoJax|MEDUSA|PoisonIvy|REPTILE|Ramsay|Skidmap|Stuxnet|Umbreon|Uroburos|WarzoneRAT|Winnti for Linux|Zeroaccess
T1016,,,Action RAT|Agent Tesla|Agent.btz|Amadey|Anchor|AppleSeed|Aria-body|Astaroth|Avaddon|Avenger|Azorult|BADCALL|BADFLICK|BLINDINGCAN|BLUELIGHT|BOLDMOVE|BabyShark|Backdoor.Oldrea|Bandook|Bazar|Bisonal|BlackEnergy|Bonadan|BoxCaon|Brave Prince|Calisto|Carbon|Catchamas|Caterpillar WebShell|CharmPower|Chrommme|Clambling|Cobalt Strike|Comnie|Conti|CreepySnail|Crimson|Cuba|Cyclops Blink|DEADEYE|DUSTTRAP|Denis|Diavol|Dtrack|Duqu|Dyre|EKANS|Elise|Emissary|Epic|Explosive|FALLCHILL|FELIXROOT|FatDuke|Felismus|Flagpro|FunnyDream|GeminiDuke|GoldMax|Gomir|Gootloader|Grandoreiro|GravityRAT|Green Lambert|GrimAgent|Havoc|HexEval Loader|HotCroissant|Hydraq|IceApple|IcedID|Industroyer|InvisiMole|InvisibleFerret|Ixeshe|J-magic|JHUHUGIT|JPIN|KEYMARBLE|KONNI|KOPILUWAK|Kazuar|Kessel|Kevin|KeyBoy|Kobalos|Kwampirs|LAMEHUG|LODEINFO|Latrodectus|LightNeuron|LiteDuke|Lizar|Lokibot|LoudMiner|Lucifer|LunarLoader|LunarWeb|MacMa|Machete|Mafalda|MagicRAT|Manjusaka|Milan|Mis-Type|MoonWind|More_eggs|Mosquito|NETWIRE|NGLite|NOKKI|Naid|NanHaiShu|NanoCore|Neoichor|Nightdoor|Ninja|OSInfo|OSX_OCEANLOTUS.D|OceanSalt|Octopus|Okrum|Olympic Destroyer|Orz|PLAINTEE|POWERSTATS|POWRUNER|PUBLOAD|Pay2Key|Penquin|Pikabot|PingPull|PipeMon|Pisloader|PlugX|PowerDuke|PowerShower|Prikormka|Proxysvc|Pysa|QUADAGENT|QUIETCANARY|QakBot|Qilin|RATANKBA|Ramsay|Reaver|RedLeaves|RedLine Stealer|Remsec|Revenge RAT|Rifdoor|Rising Sun|RogueRobin|Royal|Ryuk|S-Type|SDBbot|SHARPSTATS|STARWHALE|SUNBURST|Sagerunex|Saint Bot|Sardonic|ShadowPad|Shamoon|ShrinkLocker|Sibot|SideTwist|Small Sieve|SocGholish|SoreFang|SpeakUp|SpicyOmelette|Squirrelwaffle|StrongPity|Stuxnet|Sykipot|Sys10|SysUpdate|T9000|TSCookie|Taidoor|TajMahal|Torisma|TrickBot|Trojan.Karagany|Troll Stealer|Turian|UPPERCUT|USBferry|Unknown Logger|VERMIN|Valak|Volgmer|WannaCry|WellMail|WellMess|Woody RAT|XORIndex Loader|Xbash|Zebrocy|ZeroT|cd00r|down_new|iKitten|jRAT|xCaon|yty|zwShell
T1016.001,,,DarkTortilla|GoldFinder|Havoc|More_eggs|NKAbuse|Neoichor|PUBLOAD|QakBot|QuietSieve|Rising Sun|SUGARUSH|SysUpdate|Woody RAT
T1016.002,,,Agent Tesla|CharmPower|Emotet|Machete|PUBLOAD
T1018,,,BADHATCH|Backdoor.Oldrea|Bazar|BitPaymer|Black Basta|BlackCat|Carbon|Cobalt Strike|Comnie|Conti|DRATzarus|DUSTTRAP|Diavol|Epic|Flagpro|FunnyDream|Gomir|Havoc|HermeticWizard|Industroyer|Kinsing|Kwampirs|LODEINFO|MURKYTOP|MgBot|OSInfo|Olympic Destroyer|PoetRAT|QakBot|Qilin|RATANKBA|RansomHub|Remsec|SHOTPUT|Shamoon|SpicyOmelette|Sykipot|TAINTEDSCRIBE|TrickBot|USBferry|WannaCry|njRAT|yty
T1020,,,Attor|CosmicDuke|Crutch|Doki|Ebury|Hannotog|LightNeuron|Machete|OutSteel|Peppy|Raccoon Stealer|Rover|Solar|StrelaStealer|StrongPity|TINYTYPHON|TajMahal|USBStealer
T1021,,,Kivars|MacMa|Stuxnet
T1021.001,,,Carbanak|Cobalt Strike|DarkComet|Pysa|Revenge RAT|SDBbot|ServHelper|WarzoneRAT|ZxShell|jRAT|njRAT|reGeorg|zwShell
T1021.002,,,Anchor|BlackByte Ransomware|BlackEnergy|Cobalt Strike|Conficker|Conti|Diavol|Duqu|Emotet|HermeticWizard|Kwampirs|LockBit 2.0|LockBit 3.0|Lucifer|Net Crawler|NotPetya|Olympic Destroyer|Qilin|RansomHub|Regin|Royal|Ryuk|Shamoon|Stuxnet|Zox|reGeorg|zwShell
T1021.003,,,Cobalt Strike
T1021.004,,,Cobalt Strike|Kinsing|Qilin|reGeorg
T1021.005,,,Carberp|DanBot|Latrodectus|Proton|TrickBot|WarzoneRAT|ZxShell
T1021.006,,,Cobalt Strike
T1025,,,AppleSeed|Aria-body|BADNEWS|CosmicDuke|Crimson|Crutch|Explosive|FLASHFLOOD|FunnyDream|GravityRAT|InvisiMole|Machete|MgBot|ObliqueRAT|Prikormka|Ramsay|Remsec|Rover|TajMahal|USBStealer
T1027,,,ADVSTORESHELL|ANELLDR|Action RAT|Agent Tesla|Amadey|Anchor|AppleJeus|AppleSeed|Avaddon|AvosLocker|BOOKWORM|BPFDoor|BRICKSTORM|BUSHWALK|BoomBox|BoxCaon|Bumblebee|Bundlore|CHIMNEYSWEEP|COATHANGER|CORESHELL|Carbanak|Carbon|Clambling|Cobalt Strike|CoinTicker|ComRAT|Comnie|Conficker|Conti|Cuba|DRATzarus|DarkGate|DarkTortilla|Daserf|Denis|Diavol|Dridex|Drovorub|DustySky|ECCENTRICBANDWAGON|EKANS|Ebury|Ecipekac|Epic|FatDuke|FinFisher|Final1stspy|Flagpro|Fooder|Gootloader|Green Lambert|GrimAgent|H1N1|HTTPBrowser|HTTPTroy|Hancitor|Hydraq|ISMInjector|Industroyer|InnaputRAT|InvisiMole|JPIN|Kazuar|KillDisk|Kobalos|LODEINFO|Lizar|Lokibot|Lumma Stealer|Matryoshka|Maze|MiniDuke|NETWIRE|NOKKI|NOOPLDR|NanoCore|NightClub|OLDBAIT|OopsIE|Orz|P.A.S. Webshell|POSHSPY|PUBLOAD|PUNCHBUGGY|PUNCHTRACK|Pillowmint|Pisloader|PlugX|PoetRAT|PoisonIvy|PolyglotDuke|PowerStallion|QakBot|ROKRAT|RTM|Ramsay|Raspberry Robin|RegDuke|RustyWater|Ryuk|SDBbot|SHOTPUT|SLOWPULSE|SUNBURST|SUNSPOT|SVCReady|Saint Bot|Samurai|Sardonic|ShadowPad|Shai-Hulud|Shamoon|Siloscape|Small Sieve|Snip3|SodaMaster|SombRAT|SoreFang|StreamEx|StrelaStealer|SynAck|TEARDROP|TajMahal|TrickBot|Trojan.Karagany|Turian|Valak|XTunnel|jRAT
T1027.001,,,Bisonal|Black Basta|CHIMNEYSWEEP|Caminho|Comnie|CostaBricks|Emissary|Emotet|Goopy|Grandoreiro|GrimAgent|HeartCrypt|Javali|Kwampirs|Latrodectus|LightSpy|PlugX|QakBot|Rifdoor|Snip3|TAINTEDSCRIBE|TONESHELL
T1027.002,,,Anchor|AppleSeed|Astaroth|BLINDINGCAN|Babuk|Bazar|Bisonal|COATHANGER|China Chopper|Clop|CostaBricks|Cuba|DRATzarus|DarkComet|Daserf|Dok|Dyre|Egregor|Emotet|FYAnti|FatDuke|FinFisher|GoldMax|GreyEnergy|H1N1|HeartCrypt|Hildegard|HotCroissant|HyperBro|IcedID|KONNI|Latrodectus|LiteDuke|LockBit 3.0|Lokibot|Lucifer|Machete|Melcoz|Metamorfo|Misdat|Mongall|NETWIRE|OSX_OCEANLOTUS.D|OopsIE|QakBot|Raindrop|Raspberry Robin|RedLine Stealer|S-Type|SDBbot|Sagerunex|Saint Bot|SeaDuke|ShimRat|Spark|Squirrelwaffle|StrelaStealer|SysUpdate|Tomiris|Torisma|TrickBot|Trojan.Karagany|Troll Stealer|Uroburos|VERMIN|Valak|XLoader|Zebrocy|ZeroT|jRAT|yty
T1027.003,,,ABK|Avenger|BBK|Bandook|Diavol|IcedID|LiteDuke|ObliqueRAT|Okrum|Pikabot|PolyglotDuke|PowerDuke|ProLock|RDAT|Raindrop|Ramsay|RegDuke|build_downer
T1027.004,,,Cardinal RAT|DarkWatchman|FoggyWeb|Samurai|njRAT
T1027.005,,,Cobalt Strike|Daserf|GravityRAT|InvisiMole|Penquin|QakBot|SUNBURST|Waterbear
T1027.006,,,EnvyScout|QakBot
T1027.007,,,AvosLocker|Bazar|CANONSTAGER|CHIMNEYSWEEP|CLAIMLOADER|HTTPTroy|HiddenFace|LODEINFO|LP-Notes|Latrodectus|PlugX|Pteranodon|Raccoon Stealer|Samurai|SplatDropper|TONESHELL
T1027.008,,,Cuckoo Stealer|macOS.OSAMiner
T1027.009,,,BADHATCH|CHIMNEYSWEEP|ComRAT|DEADEYE|DEADWOOD|DUSTPAN|DUSTTRAP|Dtrack|Emotet|IcedID|Moneybird|MultiLayer Wiper|Netwalker|Pikabot|SMOKEDHAM|Uroburos|macOS.OSAMiner
T1027.010,,,Astaroth|BADHATCH|BackConfig|CARROTBAT|ComRAT|CookieMiner|DarkWatchman|Denis|Emotet|FruitFly|Havoc|IceApple|IronWind|KOCTOPUS|LoudMiner|Machete|Netwalker|PHASEJAM|POWERSTATS|PoetRAT|PowerPunch|QUADAGENT|QakBot|RedLine Stealer|RogueRobin|SHARPSTATS|SQLRat|Sardonic|Sibot|Tsundere Botnet|Ursnif|XORIndex Loader|Zeus Panda
T1027.011,,,CHOPSTICK|Chaes|ComRAT|DarkWatchman|Exaramel for Windows|Gelsemium|Grandoreiro|Mosquito|NETWIRE|Pikabot|Pillowmint|PipeMon|PolyglotDuke|QUADAGENT|QakBot|RCSession|REvil|RegDuke|ShadowPad|Sibot|SysUpdate|TYPEFRAME|ThreatNeedle|TinyTurla|Uroburos|Valak|Volgmer
T1027.012,,,TONESHELL
T1027.013,,,ANELLDR|Aria-body|AshTag|Astaroth|Attor|AuditCred|Avenger|BLINDINGCAN|BLUELIGHT|BOOKWORM|BOOSTWRITE|BRICKSTORM|Bazar|BeaverTail|BendyBear|Bisonal|BitPaymer|BlackByte Ransomware|CARROTBAT|Caminho|Carberp|Cardinal RAT|Chinoxy|Chrommme|CorKLOG|CozyCar|Cuckoo Stealer|DCSrv|DEADEYE|DEADWOOD|DOGCALL|DOWNIISSA|DRYHOOK|DUSTPAN|DUSTTRAP|Dacls|DanBot|DarkGate|Elise|Embargo|Emissary|Emotet|EnvyScout|Exaramel for Linux|FELIXROOT|FIVEHANDS|FlawedGrace|FoggyWeb|FunnyDream|Fysbis|Gazer|GlassWorm|GoldMax|GoldenSpy|Grandoreiro|GravityRAT|GreyEnergy|HAWKBALL|HOMEFRY|HeartCrypt|Helminth|HermeticWizard|HexEval Loader|Heyoka Backdoor|Hi-Zor|HiddenFace|HiddenWasp|Hildegard|HotCroissant|HyperBro|IPsec Helper|IcedID|InvisibleFerret|JHUHUGIT|KEYPLUG|KGH_SPY|KONNI|Kapeka|Kerrdown|Kessel|Kevin|KeyBoy|Kwampirs|LODEINFO|LP-Notes|Latrodectus|LightNeuron|LightSpy|LockBit 3.0|LoudMiner|Lumma Stealer|LunarMail|LunarWeb|MEDUSA|MOPSLED|Mafalda|MagicRAT|Mango|Medusa Ransomware|Metamorfo|Micropsia|Milan|Mispadu|More_eggs|Mosquito|NOOPLDR|NanHaiShu|Ninja|OSX_OCEANLOTUS.D|PAKLOG|PHASEJAM|PHPsert|PS1|Penquin|PipeMon|PlugX|Prikormka|PureCrypter|PyDCrypt|Qilin|RAPIDPULSE|REvil|ROADSWEEP|ROAMINGHOUSE|Raccoon Stealer|Raindrop|RainyDay|RansomHub|Reaver|RedLeaves|RedLine Stealer|Remexi|Remsec|Rifdoor|Rising Sun|RustyWater|SPAWNCHIMERA|STARWHALE|SUPERNOVA|Sagerunex|Sakula|SamSam|Seasalt|Shark|Skidmap|Smoke Loader|SocGholish|SpeakUp|SplatDropper|Squirrelwaffle|StealBit|StoneDrill|StrelaStealer|StrongPity|Stuxnet|SysUpdate|TINYTYPHON|TYPEFRAME|Taidoor|ThreatNeedle|Torisma|TrickBot|Tsundere Botnet|UPSTYLE|USBStealer|Uroburos|Ursnif|VERMIN|VersaMem|Volgmer|WastedLocker|Waterbear|WhisperGate|WindTail|Winnti for Linux|Winnti for Windows|Woody RAT|XCSSET|XLoader|XORIndex Loader|YAHOYAH|ZeroT|Zeus Panda|Zox|ZxxZ|metaMain|njRAT
T1027.014,,,BendyBear
T1027.015,,,BADHATCH|DarkWatchman|Gelsemium|Hancitor|HermeticWiper|Kerrdown|LODEINFO|Line Runner|Ninja|PUBLOAD|Pandora|Pillowmint|Pony|RCSession|RTM|SUNBURST|Samurai|ShimRat|SocGholish|StrelaStealer|ThreatNeedle|WindTail|Winnti for Windows
T1027.016,,,ANELLDR|CORESHELL|FatDuke|FinFisher|Gelsemium|Goopy|LODEINFO|Maze|NOOPLDR|POWERSTATS|Pony|PureCrypter|SamSam|StrelaStealer|WastedLocker|XTunnel|ZeroT|yty
T1027.018,,,GlassWorm
T1029,,,ADVSTORESHELL|Chrommme|Cobalt Strike|ComRAT|Dipsind|Flagpro|Kazuar|LightNeuron|Linfo|Machete|Ninja|POWERSTATS|ShadowPad|Shark|ShimRat|TinyTurla|jRAT
T1030,,,AppleSeed|Carbanak|Cobalt Strike|Helminth|Kessel|Kevin|LunarWeb|ObliqueRAT|OopsIE|POSHSPY|RDAT|StealBit
T1033,,,Action RAT|Agent Tesla|Agent.btz|Amadey|Aria-body|AuTo Stealer|Azorult|BADHATCH|BISCUIT|BLUELIGHT|BOOKWORM|BabyShark|Backdoor.Oldrea|Bazar|BlackCat|Bonadan|BoomBox|Bumblebee|CHIMNEYSWEEP|Cannon|Cardinal RAT|Caterpillar WebShell|Chaes|Chrommme|Clambling|CreepySnail|Crimson|Cryptoistic|Cuckoo Stealer|DRATzarus|DarkComet|DarkWatchman|Denis|Derusbi|Diavol|DnsSystem|DownPaper|Dyre|EVILNUM|Egregor|Emotet|Epic|Exaramel for Linux|Explosive|FELIXROOT|Felismus|Flagpro|FlawedAmmyy|FunnyDream|Gazer|Gelsemium|Get2|Gold Dragon|Goopy|Grandoreiro|GravityRAT|GrimAgent|HAPPYWORK|HAWKBALL|Havoc|HexEval Loader|HiddenFace|HotCroissant|InvisiMole|InvisibleFerret|IronWind|Ixeshe|JPIN|KONNI|KOPILUWAK|Kazuar|Komplex|Kwampirs|LAMEHUG|LODEINFO|Latrodectus|Linux Rabbit|LiteDuke|LitePower|Lizar|Lokibot|Lucifer|LunarWeb|MacMa|Mafalda|Mango|MarkiRAT|MechaFlounder|Metamorfo|MgBot|Micropsia|Milan|MirageFox|Mis-Type|MoonWind|More_eggs|Mosquito|NDiskMonitor|NGLite|NOKKI|NanHaiShu|Neoichor|Nightdoor|ObliqueRAT|Octopus|OilBooster|Okrum|POWERSTATS|POWRUNER|PUBLOAD|PlugX|PoetRAT|PowerDuke|PowerShower|Prikormka|PureCrypter|PyDCrypt|QUADAGENT|QakBot|RATANKBA|RCSession|RGDoor|ROKRAT|RTM|Raccoon Stealer|Raspberry Robin|Reaver|RedLeaves|RedLine Stealer|Remsec|Revenge RAT|Rifdoor|Rising Sun|RogueRobin|RustyWater|S-Type|SDBbot|SHARPSTATS|SLOTHFULMEDIA|SMOKEDHAM|STARWHALE|SUNBURST|SVCReady|Saint Bot|ServHelper|ShadowPad|SideTwist|Small Sieve|SocGholish|SodaMaster|SombRAT|Spark|SpeakUp|Squirrelwaffle|SslMM|StrifeWater|SynAck|Sys10|SysUpdate|T9000|TONESHELL|TrickBot|Trojan.Karagany|Turian|UPPERCUT|Unknown Logger|VERMIN|Valak|WINDSHIELD|WINERACK|WellMail|WellMess|WinMM|Woody RAT|XAgentOSX|XLoader|XORIndex Loader|Zebrocy|ZxShell|ZxxZ|metaMain|njRAT|yty|zwShell
T1036,,,AppleSeed|BeaverTail|Bisonal|BoomBox|Dacls|DarkGate|DarkTortilla|DarkWatchman|DynoWiper|EnvyScout|Flagpro|FoggyWeb|GlassWorm|Milan|NativeZone|NotPetya|Pony|PowGoop|RCSession|RTM|Raindrop|Ramsay|RedLine Stealer|Ryuk|Saint Bot|SombRAT|StrelaStealer|TrailBlazer|TrickBot|UPSTYLE|WhisperGate|WindTail|XCSSET
T1036.001,,,BADNEWS|Gelsemium|NETWIRE|Regin|SplatCloak|WindTail
T1036.003,,,CozyCar|DarkGate|Kevin|PHASEJAM|StrelaStealer
T1036.004,,,Attor|BOOKWORM|Bazar|Black Basta|Catchamas|ComRAT|Crutch|DCSrv|DEADEYE|DEADWOOD|Egregor|Emotet|Exaramel for Windows|FunnyDream|Fysbis|GoldMax|Green Lambert|Heyoka Backdoor|Hildegard|InnaputRAT|InvisiMole|KONNI|KillDisk|Kwampirs|Machete|Maze|Meteor|Nebulae|Nidiran|NightClub|OSX_OCEANLOTUS.D|Okrum|POWERSTATS|PingPull|PlugX|Qilin|RDAT|RTM|RainyDay|Raspberry Robin|RawPOS|SLOTHFULMEDIA|SUGARDUMP|SVCReady|Seasalt|Shamoon|ShimRat|Spica|StrongPity|SysUpdate|TONESHELL|Tarrask|TinyTurla|Truvasys|Turian|Uroburos|VIRTUALPITA|Volgmer|ZxxZ|build_downer
T1036.005,,,ANDROMEDA|AppleSeed|AshTag|BADNEWS|BLINDINGCAN|BRICKSTORM|BackConfig|Bad Rabbit|Bazar|Bisonal|Black Basta|Bumblebee|Bundlore|CANONSTAGER|CLAIMLOADER|Calisto|Carberp|ChChes|Chaes|Chinoxy|Cuba|Cuckoo Stealer|Cyclops Blink|DRATzarus|DUSTPAN|DanBot|DarkComet|Daserf|Doki|Dtrack|EKANS|Elise|Felismus|FinFisher|FoggyWeb|Fooder|Fysbis|Gelsemium|GoBear|GoldMax|GoldenSpy|Goopy|Grandoreiro|Green Lambert|HTTPBrowser|HermeticWiper|HermeticWizard|HexEval Loader|IceApple|IcedID|InnaputRAT|InvisiMole|Ixeshe|J-magic|KGH_SPY|KOCTOPUS|KONNI|LAMEHUG|Latrodectus|LightNeuron|LookBack|Machete|MagicRAT|MarkiRAT|MechaFlounder|Metamorfo|Mis-Type|Misdat|NETWIRE|NOKKI|Nebulae|NightClub|Ninja|OLDBAIT|OSX/Shlayer|Octopus|OutSteel|OwaAuth|PUBLOAD|PUNCHBUGGY|Penquin|PipeMon|PlugX|PowGoop|PureCrypter|PyDCrypt|Pysa|QUADAGENT|QUIETEXIT|Qilin|RDAT|REvil|Raindrop|RainyDay|Ramsay|Remsec|RotaJakiro|RustyWater|Ryuk|S-Type|SLOTHFULMEDIA|STATICPLUGIN|SUGARDUMP|SUNBURST|SUNSPOT|SUPERNOVA|Saint Bot|SameCoin|Samurai|Shai-Hulud|Shark|Sibot|Skidmap|Small Sieve|SocGholish|SslMM|Starloader|StrelaStealer|StrifeWater|StrongPity|TAINTEDSCRIBE|TEARDROP|TONESHELL|TRANSLATEXT|Tarrask|ThiefQuest|ThreatNeedle|TinyTurla|Troll Stealer|Tsundere Botnet|USBStealer|Ursnif|VIRTUALPITA|Winnti for Windows|XORIndex Loader|ZLib
T1036.006,,,Keydnap
T1036.007,,,Bazar|DarkGate|Milan
T1036.008,,,ANDROMEDA|AvosLocker|HeartCrypt|Kapeka|Lumma Stealer|MagicRAT|OSX_OCEANLOTUS.D|PureCrypter|QakBot|Raspberry Robin|STATICPLUGIN|StrelaStealer
T1036.009,,,BPFDoor|Shai-Hulud
T1036.010,,,Flame|ServHelper
T1036.011,,,BPFDoor
T1036.012,,,FatDuke
T1037,,,RotaJakiro|SPAWNCHIMERA|VIRTUALPITA
T1037.001,,,Attor|JHUHUGIT|KGH_SPY|Zebrocy
T1037.004,,,Cyclops Blink|Green Lambert|HiddenWasp|iKitten
T1037.005,,,jRAT
T1039,,,BADNEWS|CosmicDuke|Egregor|Ramsay
T1040,,,CASTLETAP|Emotet|FoggyWeb|J-magic|JumbledPath|Line Dancer|MESSAGETAP|Penquin|Regin|SPAWNCHIMERA|VersaMem|cd00r
T1041,,,ADVSTORESHELL|Amadey|AppleJeus|AppleSeed|AshTag|Astaroth|Attor|AuTo Stealer|BACKSPACE|BADHATCH|BLINDINGCAN|BLUELIGHT|BRICKSTORM|Bandook|Bankshot|BeaverTail|Bisonal|BoxCaon|Bumblebee|CHIMNEYSWEEP|CallMe|Cannon|Carberp|Caterpillar WebShell|CharmPower|Chrommme|CreepySnail|Crimson|Crutch|Cuckoo Stealer|Cyclops Blink|DUSTTRAP|DarkGate|DnsSystem|Doki|Drovorub|DustySky|Dyre|EVILNUM|Ebury|Emotet|Flagpro|FlawedAmmyy|FoggyWeb|FunnyDream|GoldMax|GoldenSpy|Goopy|Grandoreiro|GrimAgent|HAWKBALL|HOPLIGHT|HTTPTroy|HexEval Loader|HotCroissant|IPsec Helper|IceApple|Industroyer|InvisibleFerret|KGH_SPY|KONNI|KOPILUWAK|Kessel|Kevin|LAMEHUG|LODEINFO|Latrodectus|LightNeuron|LightSpy|Line Dancer|Line Runner|LitePower|Lokibot|Lumma Stealer|LunarMail|MacMa|Machete|Mafalda|MagicRAT|Mango|Manjusaka|MarkiRAT|MechaFlounder|Metamorfo|Mis-Type|Misdat|Mispadu|MobileOrder|Mongall|MuddyViper|NETEAGLE|NightClub|ODAgent|Octopus|OilBooster|Okrum|OopsIE|OutSteel|PHASEJAM|Penquin|Pikabot|PingPull|PlugX|PoetRAT|PowerExchange|PowerShower|Proxysvc|Psylo|Pteranodon|QakBot|RDAT|REvil|ROKRAT|Raccoon Stealer|RedLine Stealer|Remexi|Rising Sun|RotaJakiro|S-Type|SDBbot|SLOTHFULMEDIA|SMOKEDHAM|STARWHALE|SUGARDUMP|SVCReady|Sagerunex|Shai-Hulud|Shark|SharpDisco|ShrinkLocker|SideTwist|Solar|SombRAT|Spark|Squirrelwaffle|StrelaStealer|StrifeWater|StrongPity|Stuxnet|SysUpdate|TRANSLATEXT|TajMahal|ThiefQuest|Tomiris|Torisma|TrickBot|Troll Stealer|Ursnif|Valak|WarzoneRAT|Woody RAT|XCSSET|XORIndex Loader|ZLib|Zebrocy|metaMain|njRAT
T1046,,,BADHATCH|Backdoor.Oldrea|BlackByte Ransomware|BlackEnergy|Caterpillar WebShell|China Chopper|Cobalt Strike|Conficker|HDoor|HermeticWizard|Hildegard|Industroyer|InvisiMole|LightSpy|Lucifer|MURKYTOP|MgBot|P.A.S. Webshell|Pysa|Ramsay|Remsec|Royal|SpeakUp|XTunnel|Xbash|ZxShell
T1047,,,Action RAT|Agent Tesla|Akira|AshTag|Astaroth|Avaddon|BADHATCH|Bazar|Black Basta|BlackCat|BlackEnergy|Bumblebee|CharmPower|Cobalt Strike|DEATHRANSOM|DarkGate|DarkTortilla|DarkWatchman|DustySky|EKANS|EVILNUM|Emotet|EvilBunny|FELIXROOT|FIVEHANDS|FlawedAmmyy|FunnyDream|GravityRAT|HALFBAKED|HELLOKITTY|HOPLIGHT|HermeticWizard|IMAPLoader|INC Ransomware|IcedID|KOMPROGO|Kazuar|LAMEHUG|LODEINFO|Latrodectus|LockBit 2.0|Lucifer|LunarWeb|Maze|Meteor|Micropsia|MoleNet|Mosquito|Netwalker|NotPetya|Octopus|Olympic Destroyer|OopsIE|POWERSTATS|POWRUNER|PUBLOAD|ProLock|PyDCrypt|QakBot|Qilin|RATANKBA|REvil|ROAMINGHOUSE|Raspberry Robin|Remexi|RogueRobin|SUNBURST|SVCReady|Sardonic|SharpStage|ShrinkLocker|Sibot|Snip3|SocGholish|StoneDrill|Stuxnet|SysUpdate|TAMECAT|TONESHELL|Ursnif|Valak|WannaCry|Zebrocy|jRAT
T1048,,,Bundlore|Chaes|FrameworkPOS|Hydraq|Kobalos|PoetRAT
T1048.002,,,BRUSHFIRE|IcedID
T1048.003,,,Agent Tesla|Brave Prince|CORALDECK|Carbon|CharmPower|Cherry Picker|CookieMiner|CosmicDuke|Dok|InvisibleFerret|KONNI|Kessel|PUBLOAD|PoetRAT|Remsec|SocGholish|WARPWIRE|WindTail|ccf32
T1049,,,Aria-body|BADHATCH|Babuk|BlackEnergy|Carbon|Cobalt Strike|Comnie|Conti|Cuba|Dtrack|Duqu|Egregor|Epic|Flagpro|GravityRAT|KONNI|KOPILUWAK|Kwampirs|Lizar|Lucifer|LunarWeb|MESSAGETAP|Mafalda|Maze|NETWIRE|OSInfo|Okrum|POWRUNER|PUBLOAD|PlugX|PyDCrypt|QakBot|RATANKBA|Ramsay|RedLeaves|Remsec|SHOTPUT|SLOTHFULMEDIA|Sardonic|Sibot|SpeakUp|Sykipot|Torisma|Trojan.Karagany|USBferry|Volgmer|Waterbear|Zebrocy|jRAT
T1052.001,,,Agent.btz|Machete|Remsec|SPACESHIP|USBStealer
T1053,,,Lokibot
T1053.002,,,MURKYTOP
T1053.003,,,Anchor|Exaramel for Linux|GoldMax|Gomir|Janicab|Kinsing|NETWIRE|NKAbuse|Penquin|Skidmap|SpeakUp|Xbash
T1053.005,,,Agent Tesla|Anchor|Apostle|AppleJeus|AshTag|Attor|BADHATCH|BADNEWS|BONDUPDATER|BabyShark|BackConfig|Bad Rabbit|Bazar|BlackByte Ransomware|Bumblebee|CHIMNEYSWEEP|CLAIMLOADER|Carbon|ComRAT|CorKLOG|CosmicDuke|CozyCar|Crutch|DanBot|DarkWatchman|Disco|Dridex|Duqu|Dyre|Embargo|Emotet|EvilBunny|GRIFFON|Gazer|GoldMax|Goopy|GravityRAT|GrimAgent|Helminth|HermeticWiper|HiddenFace|HotCroissant|IMAPLoader|ISMInjector|IcedID|InvisiMole|JHUHUGIT|JSS Loader|Kapeka|Latrodectus|LitePower|LockBit 2.0|Lokibot|Lucifer|Machete|MagicRAT|Mango|Matryoshka|Maze|Meteor|Milan|MuddyViper|MultiLayer Wiper|NETWIRE|Nightdoor|NotPetya|Okrum|OopsIE|POWERSTATS|POWRUNER|PUBLOAD|PlugX|Prestige|Pteranodon|PureCrypter|QUADAGENT|QakBot|Qilin|RTM|RainyDay|Ramsay|RedLine Stealer|Remexi|RemoteCMD|Remsec|Revenge RAT|Ryuk|SQLRat|SUGARDUMP|SVCReady|Saint Bot|SameCoin|ServHelper|Shamoon|SharpDisco|SharpStage|Sibot|Smoke Loader|Solar|SoreFang|Spica|StrifeWater|Stuxnet|SystemBC|TONESHELL|Tarrask|Tomiris|TrickBot|Valak|XLoader|Zebrocy|ZxxZ|ccf32|yty|zwShell
T1055,,,ABK|ANDROMEDA|Agent Tesla|Attor|AuditCred|Avenger|BADHATCH|BBK|Backdoor.Oldrea|Bazar|BlackByte 2.0 Ransomware|Bumblebee|COATHANGER|Cardinal RAT|Clambling|Cobalt Strike|CostaBricks|DOWNIISSA|DUSTTRAP|Dyre|Egregor|Gazer|GuLoader|HOPLIGHT|HiddenFace|HyperBro|InvisiMole|JHUHUGIT|JPIN|LODEINFO|Lizar|Mis-Type|Mispadu|NETWIRE|NOOPLDR|NavRAT|Ninja|Pandora|PureCrypter|QakBot|REvil|ROKRAT|Ryuk|SLOTHFULMEDIA|ShadowPad|Smoke Loader|StoneDrill|TSCookie|TrickBot|WarzoneRAT|Waterbear|Wiarp|Wingbird|Woody RAT|gh0st RAT|metaMain
T1055.001,,,Aria-body|BADHATCH|BlackEnergy|Bumblebee|Carberp|Carbon|Cobalt Strike|ComRAT|Conti|DarkTortilla|Derusbi|Duqu|Dyre|Elise|Emissary|Emotet|FinFisher|FunnyDream|Gelsemium|Get2|HIDEDRV|Havoc|Heyoka Backdoor|Kazuar|Lizar|Matryoshka|Maze|MegaCortex|Metamorfo|Mongall|Netwalker|PS1|PipeMon|PoisonIvy|Qilin|RARSTONE|RATANKBA|Ramsay|Remsec|SDBbot|Sagerunex|Saint Bot|ShadowPad|Socksbot|SombRAT|Stuxnet|Sykipot|TONESHELL|Taidoor|TajMahal|Uroburos|ZxShell
T1055.002,,,Carbanak|DUSTPAN|Gootloader|GreyEnergy|Havoc|InvisiMole|Lizar|Pikabot|RustyWater|SPAWNCHIMERA|Zeus Panda
T1055.003,,,Gazer|Pikabot|Trojan.Karagany|Waterbear
T1055.004,,,Attor|BADHATCH|Bumblebee|Carberp|HeartCrypt|IcedID|InvisiMole|Pillowmint|Saint Bot|Sardonic|TURNEDUP|XLoader
T1055.005,,,CANONSTAGER|Ursnif
T1055.008,,,PACEMAKER
T1055.011,,,Epic|Power Loader
T1055.012,,,Agent Tesla|Astaroth|Azorult|BADNEWS|BBSRAT|Bandook|Bazar|Caminho|Clambling|Cobalt Strike|DarkGate|Denis|Dtrack|Duqu|Emotet|Gootloader|HeartCrypt|ISMInjector|IcedID|Lokibot|Lumma Stealer|NETWIRE|Orz|QakBot|RCSession|Raspberry Robin|Saint Bot|Smoke Loader|Snip3|TRAILBLAZE|TrickBot|Ursnif|WhisperGate|Woody RAT|XLoader
T1055.013,,,Bazar|SynAck
T1055.015,,,InvisiMole
T1056,,,Chaes|FlawedAmmyy|InvisibleFerret|Kobalos|Mafalda|metaMain
T1056.001,,,ADVSTORESHELL|Agent Tesla|AppleSeed|Astaroth|Attor|BADNEWS|BISCUIT|BOOKWORM|BabyShark|BadPatch|Bandook|BlackEnergy|CHIMNEYSWEEP|CHOPSTICK|Cadelspy|Carbanak|Cardinal RAT|Catchamas|Clambling|Cobalt Strike|Cobian RAT|CorKLOG|CosmicDuke|Crimson|Cuba|DOGCALL|DRYHOOK|DUSTTRAP|DarkComet|DarkGate|DarkTortilla|DarkWatchman|Daserf|Derusbi|Dtrack|Duqu|DustySky|ECCENTRICBANDWAGON|EvilGrab|Explosive|FakeM|FlawedAmmyy|FunnyDream|Fysbis|Grandoreiro|GreyEnergy|HTTPBrowser|Helminth|HexEval Loader|InvisiMole|InvisibleFerret|JPIN|KGH_SPY|KONNI|Kasidet|KeyBoy|Kivars|LODEINFO|Lokibot|MacMa|MacSpy|Machete|MarkiRAT|Matryoshka|Metamorfo|MgBot|Micropsia|Mispadu|MoonWind|NETWIRE|NanoCore|NavRAT|NetTraveler|NightClub|Okrum|OwaAuth|PAKLOG|Peppy|PlugX|PoetRAT|PoisonIvy|PowerLess|Prikormka|Proton|QakBot|RCSession|ROKRAT|RTM|Regin|Remexi|Remsec|Revenge RAT|Rover|RunningRAT|SLOTHFULMEDIA|SMOKEDHAM|SslMM|Sykipot|TONESHELL|TajMahal|ThiefQuest|TinyZBot|Trojan.Karagany|Unknown Logger|VERMIN|WarzoneRAT|XAgentOSX|XLoader|Zeus Panda|ZxShell|gh0st RAT|jRAT|metaMain|njRAT|yty
T1056.002,,,Bundlore|Calisto|Cuckoo Stealer|Dok|Keydnap|LP-Notes|Metamorfo|Mispadu|MuddyViper|Proton|XCSSET|iKitten
T1056.003,,,IceApple|WARPWIRE
T1056.004,,,Carberp|FinFisher|NOKKI|RDFSNIFFER|TrickBot|Ursnif|VersaMem|Zebrocy|Zeus Panda|ZxShell
T1057,,,4H RAT|ADVSTORESHELL|Agent Tesla|Akira|Apostle|AppleSeed|Aria-body|AshTag|Astaroth|Avaddon|Avenger|AvosLocker|Azorult|BACKSPACE|BADHATCH|BBSRAT|BISCUIT|BLACKCOFFEE|BLUELIGHT|BRICKSTORM|Babuk|BabyShark|Backdoor.Oldrea|Bad Rabbit|Bankshot|Bazar|Bisonal|BlackEnergy|Bonadan|Brave Prince|Bumblebee|Bundlore|CHIMNEYSWEEP|COATHANGER|CaddyWiper|Cannon|Carbanak|Carberp|Carbon|Cardinal RAT|Caterpillar WebShell|ChChes|CharmPower|Clambling|Clop|Cobalt Strike|Comnie|Conti|Crimson|Cuba|Cuckoo Stealer|Cyclops Blink|DRATzarus|DUSTTRAP|Dacls|DarkComet|DarkGate|DarkTortilla|Derusbi|Diavol|Doki|Dtrack|Duqu|DustySky|EKANS|ELMER|Elise|Embargo|Emotet|Epic|EvilBunny|FELIXROOT|FatDuke|FinFisher|Final1stspy|Flagpro|FoggyWeb|FrameworkPOS|FruitFly|FunnyDream|Fysbis|Gelsemium|GeminiDuke|Get2|Gold Dragon|Goopy|Grandoreiro|GravityRAT|HALFBAKED|HELLOKITTY|HIUPAN|Havoc|Helminth|Heyoka Backdoor|HiddenFace|HotCroissant|Hydraq|INC Ransomware|IPsec Helper|Industroyer2|InvisiMole|InvisibleFerret|Ixeshe|JHUHUGIT|JPIN|Javali|KEYMARBLE|KONNI|KOPILUWAK|Kasidet|Kazuar|KillDisk|Kinsing|Komplex|Kwampirs|LAMEHUG|LODEINFO|LP-Notes|Latrodectus|LightSpy|Linfo|Lizar|LockBit 2.0|LockBit 3.0|LookBack|LoudMiner|Lucifer|LunarWeb|MacMa|Machete|Mafalda|MarkiRAT|Maze|Medusa Ransomware|Megazord|Metamorfo|Meteor|MgBot|Mispadu|MobileOrder|MoonWind|Mosquito|MuddyViper|NETEAGLE|NETWIRE|NKAbuse|NavRAT|Nebulae|NightClub|Nightdoor|Ninja|ObliqueRAT|OceanSalt|Orz|OutSteel|P8RAT|PAKLOG|PLAINTEE|PLEAD|POORAIM|POWERSTATS|POWRUNER|PUBLOAD|Pandora|Pasam|Pillowmint|PipeMon|PlugX|PoetRAT|PowerDuke|PowerShower|PowerStallion|Proxysvc|PureCrypter|QakBot|Qilin|RATANKBA|RCSession|ROKRAT|RTM|RainyDay|Ramsay|RansomHub|Raspberry Robin|Remsec|Rising Sun|RogueRobin|RotaJakiro|Royal|Ryuk|SDBbot|SHOTPUT|SLOTHFULMEDIA|SPAWNCHIMERA|SUNBURST|SUNSPOT|SVCReady|SYSCON|Sagerunex|Saint Bot|Sardonic|Seasalt|ShadowPad|ShrinkLocker|Skidmap|SocGholish|Socksbot|SodaMaster|SombRAT|SoreFang|StreamEx|StrongPity|Sykipot|SynAck|SysUpdate|SystemBC|TAINTEDSCRIBE|TONESHELL|TRAILBLAZE|TSCookie|Taidoor|TajMahal|ThiefQuest|TrickBot|Trojan.Karagany|UBoatRAT|UPSTYLE|USBferry|Uroburos|Ursnif|VERMIN|Valak|Volgmer|WINERACK|WarzoneRAT|Waterbear|WinMM|Winnti for Windows|Woody RAT|XAgentOSX|ZIPLINE|Zebrocy|Zeus Panda|Zox|ZxShell|ZxxZ|down_new|gh0st RAT|iKitten|jRAT|macOS.OSAMiner|metaMain|njRAT|yty
T1059,,,Bandook|Bonadan|CHOPSTICK|DarkComet|FIVEHANDS|Get2|Kessel|Matryoshka|MuddyViper|NICECURL|P.A.S. Webshell|Raspberry Robin|SLIGHTPULSE|SpeakUp|StarProxy|VersaMem|WINERACK|ZeroCleare|Zeus Panda|gh0st RAT
T1059.001,,,Akira|AppleSeed|AutoIt backdoor|BADHATCH|BONDUPDATER|Bandook|Bazar|Black Basta|Bumblebee|CHIMNEYSWEEP|CharmPower|Clambling|Cobalt Strike|ComRAT|CreepyDrive|CreepySnail|Cuba|DarkGate|DarkWatchman|Denis|DownPaper|Egregor|Emotet|FatDuke|Ferocious|FlawedAmmyy|GLASSTOKEN|GRIFFON|Gootloader|HALFBAKED|HAMMERTOSS|Hancitor|Havoc|Helminth|IPsec Helper|InvisibleFerret|JCry|JSS Loader|KGH_SPY|KOCTOPUS|KONNI|KeyBoy|LP-Notes|LazyWiper|LitePower|Lizar|LockBit 2.0|LockBit 3.0|Lokibot|Lumma Stealer|LunarWeb|Mafalda|Medusa Ransomware|Meteor|MoleNet|Mosquito|MuddyViper|NETWIRE|Netwalker|OSX_OCEANLOTUS.D|POSHSPY|POWERSOURCE|POWERSTATS|POWERTON|POWRUNER|PS1|PUNCHBUGGY|Pillowmint|PowGoop|PowerExchange|PowerLess|PowerPunch|PowerShower|PowerStallion|Prestige|PureCrypter|PyDCrypt|Pysa|QUADAGENT|QakBot|Qilin|RATANKBA|REvil|RansomHub|RegDuke|Revenge RAT|RogueRobin|SHARPSTATS|SMOKEDHAM|SQLRat|Saint Bot|Sardonic|SeaDuke|ServHelper|Shai-Hulud|SharpStage|ShrinkLocker|Snip3|Socksbot|Spica|Squirrelwaffle|StrelaStealer|StrongPity|SystemBC|TAMECAT|TRANSLATEXT|TrickBot|Troll Stealer|Tsundere Botnet|Ursnif|Valak|WarzoneRAT|WellMess|WhisperGate|Woody RAT|Xbash|ZeroCleare|Zeus Panda|njRAT
T1059.002,,,Bundlore|Cuckoo Stealer|Dok|GlassWorm|ThiefQuest|macOS.OSAMiner
T1059.003,,,4H RAT|ABK|ADVSTORESHELL|Action RAT|Akira|Anchor|Astaroth|AuTo Stealer|AuditCred|BACKSPACE|BADHATCH|BADNEWS|BBK|BISCUIT|BLACKCOFFEE|BLINDINGCAN|BONDUPDATER|Babuk|BabyShark|BackConfig|Bandook|Bankshot|Bazar|Bisonal|Black Basta|BlackCat|BlackMould|BoxCaon|Bumblebee|CALENDAR|CARROTBAT|Carbanak|Cardinal RAT|Caterpillar WebShell|Chaes|CharmPower|China Chopper|Clambling|Clop|Cobalt Strike|Cobian RAT|CoinTicker|ComRAT|Comnie|Conti|CozyCar|Crimson|Cuba|DEADEYE|DUSTTRAP|DanBot|DarkComet|DarkGate|DarkTortilla|DarkWatchman|Daserf|DealersChoice|Denis|Dipsind|DnsSystem|DownPaper|DropBook|Dtrack|ECCENTRICBANDWAGON|Egregor|Embargo|Emissary|Emotet|EnvyScout|EvilBunny|Exaramel for Windows|FELIXROOT|Felismus|Flagpro|FlawedAmmyy|FunnyDream|Gelsemium|Gold Dragon|GoldMax|GoldenSpy|Goopy|GravityRAT|GreyEnergy|GrimAgent|H1N1|HARDRAIN|HAWKBALL|HOMEFRY|HOPLIGHT|HTTPBrowser|HTTPTroy|Hannotog|Havoc|HeartCrypt|Helminth|HermeticWiper|HermeticWizard|Hi-Zor|HiddenWasp|Hikit|HotCroissant|IPsec Helper|InnaputRAT|InvisiMole|IronWind|Ixeshe|JCry|JHUHUGIT|JPIN|KEYMARBLE|KGH_SPY|KOCTOPUS|KOMPROGO|KONNI|Kapeka|Kasidet|Kazuar|Kevin|KeyBoy|LAMEHUG|Latrodectus|LightNeuron|Linfo|Lizar|LockBit 2.0|Lokibot|LookBack|LoudMiner|Lucifer|LunarWeb|MURKYTOP|Mafalda|MagicRAT|Manjusaka|MarkiRAT|Maze|MechaFlounder|Medusa Ransomware|MegaCortex|Megazord|Metamorfo|Meteor|Micropsia|Milan|MirageFox|Mis-Type|Misdat|Mivast|MoleNet|MoonWind|More_eggs|Mosquito|MuddyViper|MultiLayer Wiper|NETEAGLE|NETWIRE|NanoCore|NavRAT|Nebulae|Netwalker|Nightdoor|ODAgent|OceanSalt|OilBooster|Okrum|OopsIE|Orz|OutSteel|PHOREAL|PLAINTEE|PLEAD|POWRUNER|PUBLOAD|Peppy|Pikabot|PingPull|Pisloader|PlugX|PoetRAT|PoisonIvy|Pony|PowerDuke|Proxysvc|Pteranodon|PyDCrypt|QUADAGENT|QakBot|Qilin|RATANKBA|RCSession|RDAT|REvil|RGDoor|ROADSWEEP|RTM|Ragnar Locker|RainyDay|RansomHub|Raspberry Robin|RedLeaves|RedLine Stealer|Remexi|Revenge RAT|Rising Sun|RobbinHood|RogueRobin|RunningRAT|Ryuk|S-Type|SDBbot|SEASHARPEE|SLOTHFULMEDIA|SNUGRIDE|SQLRat|STARWHALE|SUGARUSH|SYSCON|Saint Bot|Sakula|SamSam|SampleCheck5000|Samurai|Sardonic|SeaDuke|Seasalt|ServHelper|Seth-Locker|Shark|SharpDisco|SharpStage|ShimRat|SideTwist|Siloscape|Small Sieve|Spark|Squirrelwaffle|StreamEx|StrelaStealer|StrifeWater|SystemBC|TAINTEDSCRIBE|TAMECAT|TDTESS|TEXTMATE|TONESHELL|TSCookie|TURNEDUP|TYPEFRAME|Taidoor|Tarrask|TinyTurla|TinyZBot|TrickBot|Trojan.Karagany|Troll Stealer|Turian|UBoatRAT|UPPERCUT|USBferry|Umbreon|Uroburos|Volgmer|WEBC2|WarzoneRAT|WastedLocker|WellMess|WhisperGate|Wiarp|Woody RAT|XTunnel|ZLib|Zebrocy|Zeus Panda|ZxShell|adbupd|ccf32|hcdLoader|httpclient|jRAT|njRAT|xCaon|zwShell
T1059.004,,,Anchor|AppleJeus|BOLDMOVE|BPFDoor|BRICKSTORM|Bundlore|CASTLETAP|COATHANGER|CallMe|Chaos|CoinTicker|CookieMiner|Cuckoo Stealer|Derusbi|Doki|Drovorub|Ebury|Exaramel for Linux|Fysbis|Gomir|Green Lambert|Hildegard|J-magic|Kazuar|Kinsing|Kobalos|LoudMiner|MacMa|NETWIRE|NKAbuse|OSX/Shlayer|OSX_OCEANLOTUS.D|PACEMAKER|PITSTOP|PULSECHECK|Penquin|Proton|REPTILE|RIFLESPINE|Shai-Hulud|Skidmap|SnappyTCP|Turian|VIRTUALPITA|WindTail|XCSSET|ZIPLINE
T1059.005,,,Astaroth|BabyShark|BackConfig|Bandook|Bisonal|Bumblebee|CHIMNEYSWEEP|Chaes|Cobalt Strike|Comnie|DanBot|DarkGate|Emotet|Exaramel for Windows|Ferocious|Flagpro|Goopy|Grandoreiro|Helminth|IPsec Helper|IcedID|JCry|JSS Loader|Javali|KOCTOPUS|Kerrdown|KeyBoy|Lokibot|LookBack|LunarMail|Melcoz|Metamorfo|Mispadu|NETWIRE|NanHaiShu|NanoCore|OSX_OCEANLOTUS.D|OopsIE|POWERSTATS|PoetRAT|PowerShower|Pteranodon|QUADAGENT|QakBot|REvil|ROKRAT|Ramsay|Remexi|STARWHALE|SUNBURST|SVCReady|Saint Bot|ShrinkLocker|Sibot|Smoke Loader|Snip3|Squirrelwaffle|StoneDrill|SystemBC|TAMECAT|TYPEFRAME|Ursnif|VBShower|WhisperGate|Xbash|jRAT
T1059.006,,,Bandook|Bundlore|Chaes|Cobalt Strike|CoinTicker|CookieMiner|DRYHOOK|DropBook|Ebury|FRAMESTING|InvisibleFerret|KeyBoy|Keydnap|LAMEHUG|Lizar|Lumma Stealer|Machete|MechaFlounder|Neo-reGeorg|PUNCHBUGGY|PoetRAT|PyDCrypt|Pysa|SPAWNCHIMERA|Small Sieve|SpeakUp|THINCRUST|Turian|UPSTYLE|VIRTUALPIE|VIRTUALPITA|reGeorg
T1059.007,,,AppleSeed|AshTag|Astaroth|Avaddon|BeaverTail|BlackByte Ransomware|Bundlore|Chaes|Cobalt Strike|DarkWatchman|EnvyScout|GRIFFON|GlassWorm|Gootloader|HexEval Loader|InvisiMole|JSS Loader|KONNI|KOPILUWAK|Latrodectus|Metamorfo|NanHaiShu|POWERSTATS|QakBot|Shai-Hulud|SocGholish|SpicyOmelette|StrelaStealer|Tsundere Botnet|Valak|WARPWIRE|XORIndex Loader|Xbash|jRAT
T1059.008,,,DRYHOOK|Line Dancer|PHASEJAM
T1059.010,,,DarkGate|Lumma Stealer|Melcoz|OutSteel|XLoader
T1059.011,,,EvilBunny|Line Runner|PoetRAT|RedLine Stealer|Remsec
T1059.012,,,Cheerscrypt|Royal|VIRTUALPIE
T1068,,,BlackByte 2.0 Ransomware|Carberp|Cobalt Strike|CosmicDuke|Embargo|Hildegard|InvisiMole|JHUHUGIT|Pandora|ProLock|Remsec|Siloscape|Stuxnet|Wingbird|XCSSET|ZeroCleare|Zox
T1069,,,Carbon|IcedID|MURKYTOP|Siloscape|TrickBot
T1069.001,,,Caterpillar WebShell|Cobalt Strike|Emissary|Epic|Exbyte|Flagpro|FlawedAmmyy|Gomir|Helminth|JPIN|Kazuar|Kwampirs|LunarWeb|OSInfo|POWRUNER|QakBot|Sys10
T1069.002,,,BADHATCH|BlackCat|Cobalt Strike|Egregor|GRIFFON|Gootloader|Helminth|Kwampirs|LAMEHUG|Latrodectus|OSInfo|POWRUNER|Qilin|REvil|SoreFang|WellMess
T1070,,,BPFDoor|Bankshot|BlackEnergy|DUSTTRAP|DarkWatchman|EVILNUM|Flagpro|FunnyDream|HermeticWiper|IPsec Helper|IronWind|Maze|Metamorfo|MultiLayer Wiper|Neoichor|Orz|Rising Sun|SDBbot|SUNBURST|Sardonic|ShadowPad|Sibot|Stuxnet
T1070.003,,,Hildegard|J-magic|Kobalos
T1070.004,,,ADVSTORESHELL|AcidPour|Anchor|Apostle|AppleJeus|AppleSeed|Aria-body|Attor|AuditCred|Azorult|BADHATCH|BBSRAT|BLACKCOFFEE|BLINDINGCAN|BLUELIGHT|BOLDMOVE|BPFDoor|BRICKSTORM|BabyShark|BackConfig|Backdoor.Oldrea|Bandook|Bankshot|Bazar|BeaverTail|Bisonal|BlackByte 2.0 Ransomware|Bumblebee|CARROTBAT|COATHANGER|Calisto|Carbanak|Cardinal RAT|CharmPower|Cherry Picker|Crimson|Cryptoistic|Cuba|DOWNIISSA|DanBot|DarkGate|DarkWatchman|Denis|Derusbi|Drovorub|Dtrack|DustySky|ECCENTRICBANDWAGON|Elise|Embargo|Epic|EvilBunny|Exaramel for Linux|Exbyte|FALLCHILL|FELIXROOT|FatDuke|Ferocious|FlawedAmmyy|FruitFly|FunnyDream|Fysbis|Gazer|Gelsemium|Gold Dragon|GoldenSpy|Gomir|Grandoreiro|Green Lambert|GreyEnergy|GrimAgent|GuLoader|HALFBAKED|HAWKBALL|HTTPBrowser|HTTPTroy|Hancitor|HermeticWiper|Heyoka Backdoor|Hi-Zor|Hildegard|HotCroissant|Hydraq|HyperBro|IPsec Helper|IceApple|InnaputRAT|InvisiMole|Ixeshe|JHUHUGIT|JPIN|KEYMARBLE|KONNI|Kazuar|Kevin|KillDisk|Kivars|Komplex|LODEINFO|Latrodectus|LightNeuron|Line Runner|Linfo|LiteDuke|LockBit 2.0|LockBit 3.0|LockerGoga|Lokibot|LookBack|LoudMiner|LunarMail|LunarWeb|MESSAGETAP|MURKYTOP|MacMa|MacSpy|Machete|MagicRAT|Medusa Ransomware|Metamorfo|Meteor|Milan|Misdat|MoonWind|More_eggs|Mori|Mosquito|MultiLayer Wiper|NICECURL|NOKKI|NOOPLDR|NanHaiShu|Nebulae|Nightdoor|ODAgent|OSX_OCEANLOTUS.D|OceanSalt|Okrum|OopsIE|OutSteel|P.A.S. Webshell|PLEAD|POWERSTATS|PUNCHBUGGY|Pasam|Pay2Key|Penquin|Pillowmint|PlugX|PoetRAT|Pony|PowerDuke|PowerShower|Prikormka|ProLock|Proton|Proxysvc|Pteranodon|PureCrypter|PyDCrypt|Pysa|QUADAGENT|QakBot|Qilin|RCSession|RDAT|RDFSNIFFER|REvil|ROADSWEEP|ROKRAT|RTM|Raccoon Stealer|RainyDay|RansomHub|Raspberry Robin|Reaver|RedLeaves|Remsec|Rising Sun|RunningRAT|S-Type|SDBbot|SLOTHFULMEDIA|SPAWNCHIMERA|SQLRat|SUNBURST|SUNSPOT|Saint Bot|Sakula|SamSam|SeaDuke|Seasalt|ServHelper|Shark|ShimRat|ShrinkLocker|Sibot|Solar|SombRAT|SpeakUp|StealBit|StoneDrill|StrifeWater|StrongPity|Stuxnet|SysUpdate|TAINTEDSCRIBE|TDTESS|TONESHELL|TRAILBLAZE|TYPEFRAME|Taidoor|Trojan.Karagany|Troll Stealer|UPSTYLE|USBStealer|Uroburos|Ursnif|VBShower|VERMIN|VersaMem|Volgmer|WINDSHIELD|WhisperGate|WindTail|Wingbird|Winnti for Windows|Woody RAT|XAgentOSX|XLoader|Zebrocy|ZeroCleare|Zeus Panda|ZxShell|ccf32|gh0st RAT|jRAT|metaMain|njRAT|pngdowner|zwShell
T1070.005,,,DUSTTRAP|InvisiMole|RobbinHood
T1070.006,,,3PARA RAT|Attor|BLINDINGCAN|BOOKWORM|BPFDoor|Bankshot|BitPaymer|BlackByte 2.0 Ransomware|CHIMNEYSWEEP|China Chopper|Cobalt Strike|Cyclops Blink|Derusbi|EVILNUM|Elise|FALLCHILL|Gazer|Gelsemium|HiddenFace|InvisiMole|KeyBoy|Kobalos|MacMa|Misdat|MultiLayer Wiper|NightClub|Ninja|OSX_OCEANLOTUS.D|OwaAuth|POSHSPY|PingPull|PowerStallion|Psylo|SEASHARPEE|SPAWNCHIMERA|Shamoon|Stuxnet|TAINTEDSCRIBE|TDTESS|UPSTYLE|USBStealer|Winnti for Windows|metaMain
T1070.007,,,SUNBURST
T1070.008,,,Goopy|LunarMail
T1070.009,,,Bazar|GrimAgent|IPsec Helper|KOCTOPUS|Kapeka|Misdat|Pillowmint|PlugX|RTM|Raspberry Robin|S-Type|SUNBURST|SplatDropper|njRAT
T1070.010,,,BRICKSTORM
T1071,,,Clambling|Duqu|Hildegard|Lucifer|NETEAGLE|Nightdoor|QUIETEXIT|Raspberry Robin|Siloscape
T1071.001,,,3PARA RAT|4H RAT|ABK|ADVSTORESHELL|ANDROMEDA|Action RAT|Agent Tesla|Amadey|Anchor|AppleJeus|AppleSeed|Aria-body|AshTag|AuTo Stealer|Avenger|BACKSPACE|BADHATCH|BADNEWS|BBK|BBSRAT|BLINDINGCAN|BLUELIGHT|BOLDMOVE|BOOKWORM|BRICKSTORM|BUBBLEWRAP|BackConfig|BadPatch|Bankshot|Bazar|BeaverTail|Bisonal|BlackEnergy|BlackMould|BoomBox|Bundlore|CHIMNEYSWEEP|CHOPSTICK|COATHANGER|CORESHELL|Carbanak|Carberp|Carbon|Cardinal RAT|ChChes|Chaes|CharmPower|China Chopper|Clambling|CloudDuke|Cobalt Strike|ComRAT|Comnie|CosmicDuke|CozyCar|CreepyDrive|CreepySnail|Crimson|Crutch|Cuckoo Stealer|Cyclops Blink|DEATHRANSOM|DRATzarus|Dacls|DanBot|DarkComet|DarkTortilla|DarkWatchman|Daserf|DealersChoice|Diavol|Dipsind|Doki|DownPaper|Dridex|Drovorub|DustySky|Dyre|ELMER|Egregor|Elise|Emissary|Emotet|Epic|EvilBunny|Exaramel for Linux|Explosive|FELIXROOT|FRAMESTING|FatDuke|Felismus|Final1stspy|Flagpro|FlawedAmmyy|FoggyWeb|Gazer|Gelsemium|GeminiDuke|Get2|GlassWorm|Gold Dragon|GoldFinder|GoldMax|GoldenSpy|Gomir|Goopy|Grandoreiro|GravityRAT|GreyEnergy|GrimAgent|GuLoader|HAMMERTOSS|HAWKBALL|HTTPBrowser|HTTPTroy|Havoc|Helminth|HexEval Loader|Hi-Zor|Hikit|HyperBro|IPsec Helper|IceApple|IcedID|Industroyer|InvisiMole|InvisibleFerret|IronWind|Ixeshe|JHUHUGIT|KEYPLUG|KGH_SPY|KONNI|KOPILUWAK|Kapeka|Kazuar|Kevin|Keydnap|Kinsing|Komplex|LAMEHUG|LIGHTWIRE|LOWBALL|Latrodectus|LightSpy|Line Dancer|Line Runner|LiteDuke|LitePower|LockBit 3.0|Lokibot|LookBack|Lumma Stealer|LunarWeb|MOPSLED|MacSpy|Machete|Mafalda|MagicRAT|Mango|Manjusaka|MarkiRAT|Maze|MechaFlounder|Metamorfo|Micropsia|Milan|MiniDuke|Mis-Type|Mongall|More_eggs|Mori|MuddyViper|NETEAGLE|NETWIRE|NGLite|NICECURL|NOKKI|Neo-reGeorg|Neoichor|Ninja|OLDBAIT|OSX_OCEANLOTUS.D|Octopus|OilBooster|Okrum|OnionDuke|OopsIE|OutSteel|OwaAuth|P.A.S. Webshell|PHPsert|PLEAD|POWERTON|POWRUNER|PUBLOAD|PULSECHECK|PUNCHBUGGY|Pandora|Peppy|PinchDuke|PingPull|PlugX|PoetRAT|PolyglotDuke|Pony|PowGoop|PowerShower|Proxysvc|Psylo|Pteranodon|QUADAGENT|QUIETCANARY|QakBot|QuietSieve|RATANKBA|RCSession|RDAT|REvil|RGDoor|RIFLESPINE|RIPTIDE|ROKRAT|RTM|Raccoon Stealer|RainyDay|Ramsay|Raspberry Robin|Reaver|RedLeaves|RedLine Stealer|Regin|Remexi|Remsec|Rising Sun|RustyWater|S-Type|SLIGHTPULSE|SLOTHFULMEDIA|SMOKEDHAM|SNUGRIDE|STARWHALE|STEADYPULSE|SUGARDUMP|SUNBURST|SUPERNOVA|SVCReady|Sagerunex|Saint Bot|Sakula|SampleCheck5000|Samurai|SeaDuke|Seasalt|ServHelper|ShadowPad|Shai-Hulud|Shamoon|Shark|ShimRat|ShrinkLocker|Sibot|SideTwist|Small Sieve|Smoke Loader|SnappyTCP|SoreFang|Spark|SpeakUp|Squirrelwaffle|StealBit|StrelaStealer|StrongPity|Stuxnet|Sys10|TAMECAT|THINCRUST|TONESHELL|TRANSLATEXT|TSCookie|Taidoor|ThiefQuest|TinyTurla|Tomiris|Torisma|TrailBlazer|TrickBot|Trojan.Karagany|Troll Stealer|Tsundere Botnet|Turian|UBoatRAT|UPPERCUT|Uroburos|Ursnif|VBShower|VERMIN|Valak|VaporRage|Vasport|WIREFIRE|WellMess|WhisperGate|WinMM|WindTail|Winnti for Linux|Winnti for Windows|Woody RAT|XLoader|XORIndex Loader|Xbash|YAHOYAH|ZLib|Zebrocy|ZeroT|Zeus Panda|ZxShell|down_new|httpclient|metaMain|njRAT|pngdowner|reGeorg|xCaon
T1071.002,,,Attor|BADHATCH|Cobalt Strike|Disco|Havoc|JPIN|Kazuar|Machete|NOKKI|PUBLOAD|PoetRAT|Qilin|Regin|SYSCON|ShadowPad|SharpDisco|XAgentOSX|ZxShell
T1071.003,,,Agent Tesla|BadPatch|CHOPSTICK|CORESHELL|Cannon|ComRAT|Goopy|IMAPLoader|JPIN|LightNeuron|LunarMail|NavRAT|NightClub|OLDBAIT|PowerExchange|RDAT|Remsec|SUGARDUMP|Uroburos|Zebrocy
T1071.004,,,Anchor|BONDUPDATER|BRICKSTORM|Cobalt Strike|Cobian RAT|DanBot|DarkGate|Denis|DnsSystem|Ebury|Gelsemium|Goopy|Green Lambert|HTTPBrowser|Helminth|Heyoka Backdoor|InvisiMole|Kevin|Matryoshka|Milan|Mori|NanHaiShu|NightClub|POWERSOURCE|POWRUNER|Pisloader|PlugX|QUADAGENT|RDAT|Remsec|SOUNDBITE|SUNBURST|ShadowPad|Shark|SombRAT|SysUpdate|SystemBC|TEXTMATE|Uroburos|WellMess
T1071.005,,,GLOOXMAIL
T1072,,,Wiper
T1074,,,Kevin|Kobalos|QUIETCANARY|Shark
T1074.001,,,ADVSTORESHELL|AppleSeed|Astaroth|Attor|AuTo Stealer|BADNEWS|BadPatch|BeaverTail|BoxCaon|CHIMNEYSWEEP|Calisto|Carbon|Catchamas|Chrommme|CorKLOG|Crutch|Cuckoo Stealer|DRYHOOK|DarkWatchman|Dtrack|Duqu|DustySky|Dyre|ECCENTRICBANDWAGON|Elise|Exaramel for Windows|FLASHFLOOD|FrameworkPOS|FunnyDream|GlassWorm|Gold Dragon|Helminth|InvisiMole|InvisibleFerret|KGH_SPY|KOPILUWAK|Kazuar|LAMEHUG|LODEINFO|LP-Notes|LightNeuron|LoFiSe|Lumma Stealer|LunarMail|MESSAGETAP|MacMa|Machete|Mafalda|MarkiRAT|Milan|MirrorStealer|Mis-Type|MoonWind|NETWIRE|NOKKI|NavRAT|NightClub|ObliqueRAT|Octopus|OilBooster|OopsIE|PACEMAKER|PAKLOG|PUNCHBUGGY|PUNCHTRACK|PlugX|PoisonIvy|PowerLess|Prikormka|Pteranodon|QakBot|RIFLESPINE|RainyDay|Ramsay|RawPOS|Rover|SLIGHTPULSE|SLOWPULSE|SPACESHIP|STARWHALE|SUGARDUMP|Sagerunex|SampleCheck5000|SocGholish|SombRAT|Trojan.Karagany|Troll Stealer|Turian|USBStealer|Ursnif|VersaMem|Zebrocy|ccf32|metaMain
T1074.002,,,ccf32
T1078,,,Dtrack|Duqu|Industroyer|Kinsing|LP-Notes|Linux Rabbit|SeaDuke
T1078.001,,,HyperStack|Stuxnet
T1078.002,,,Cobalt Strike|CreepySnail|Ryuk|Shamoon|Stuxnet
T1078.003,,,Cobalt Strike|Emotet|LockBit 3.0|NotPetya|Umbreon
T1078.004,,,Shai-Hulud
T1080,,,Conti|H1N1|InvisiMole|Miner-C|Ramsay|Stuxnet|Ursnif
T1082,,,4H RAT|ADVSTORESHELL|AcidPour|Action RAT|Agent Tesla|Akira|Amadey|Anchor|AppleJeus|AppleSeed|Aria-body|AshTag|Astaroth|AuTo Stealer|Avenger|Azorult|BACKSPACE|BADCALL|BADFLICK|BADHATCH|BISCUIT|BLINDINGCAN|BLUELIGHT|BOLDMOVE|BUBBLEWRAP|BabyShark|BackConfig|Backdoor.Oldrea|BadPatch|Bankshot|Bazar|BeaverTail|Bisonal|Black Basta|BlackByte Ransomware|BlackCat|BlackEnergy|Bonadan|BoomBox|Brave Prince|Bumblebee|Bundlore|CARROTBAT|CORESHELL|CaddyWiper|Cadelspy|Cannon|Carberp|Cardinal RAT|Caterpillar WebShell|ChChes|Chaes|CharmPower|Chrommme|Clambling|Comnie|CozyCar|Crimson|Cuckoo Stealer|Cyclops Blink|DEADEYE|DUSTTRAP|DarkComet|DarkGate|DarkTortilla|DarkWatchman|Denis|Derusbi|Diavol|DownPaper|Dridex|DropBook|Dtrack|DustySky|Dyre|EVILNUM|Egregor|Elise|Emissary|EnvyScout|Epic|Explosive|FALLCHILL|FELIXROOT|FatDuke|Felismus|Ferocious|FinFisher|Final1stspy|FlawedAmmyy|Fysbis|GRIFFON|Gelsemium|Get2|GlassWorm|Gold Dragon|GoldenSpy|Gomir|Gootloader|Grandoreiro|GravityRAT|Green Lambert|GrimAgent|HALFBAKED|HAPPYWORK|HAWKBALL|HOPLIGHT|Havoc|HermeticWiper|HexEval Loader|HiddenFace|Hildegard|HotCroissant|Hydraq|IMAPLoader|IceApple|IcedID|Industroyer|InnaputRAT|InvisiMole|InvisibleFerret|IronWind|Ixeshe|JPIN|KARAE|KEYMARBLE|KOCTOPUS|KOMPROGO|KONNI|Kapeka|Kasidet|Kazuar|Kerrdown|Kessel|Kevin|KeyBoy|Kobalos|Kwampirs|LAMEHUG|LITTLELAMB.WOOLTEA|LODEINFO|Latrodectus|LazyWiper|LightNeuron|LightSpy|Line Dancer|Linfo|LiteDuke|LitePower|Lizar|LockBit 2.0|LockBit 3.0|Lokibot|LoudMiner|Lucifer|Lumma Stealer|LunarMail|LunarWeb|MURKYTOP|MacMa|Machete|Mafalda|MagicRAT|Mango|Manjusaka|MarkiRAT|Maze|Medusa Ransomware|Metamorfo|Meteor|Micropsia|Milan|MiniDuke|MirageFox|Mis-Type|Misdat|Mispadu|MobileOrder|MoleNet|Mongall|MoonWind|More_eggs|NDiskMonitor|NETWIRE|NKAbuse|NOKKI|NOOPLDR|Naid|NanHaiShu|NavRAT|Neoichor|Netwalker|Nightdoor|Ninja|OSInfo|OSX/Shlayer|OSX_OCEANLOTUS.D|ObliqueRAT|OceanSalt|Octopus|OilBooster|Okrum|OopsIE|Orz|PLAINTEE|POORAIM|POWERSTATS|POWRUNER|PUBLOAD|PUNCHBUGGY|Pasam|Pay2Key|Penquin|Pikabot|PinchDuke|PingPull|PipeMon|Pisloader|PlugX|PoetRAT|Pony|PowerDuke|PowerShower|Prikormka|Proxysvc|PureCrypter|QakBot|Qilin|RATANKBA|RCSession|REvil|RIFLESPINE|ROKRAT|RTM|Raccoon Stealer|RansomHub|Raspberry Robin|Reaver|RedLeaves|RedLine Stealer|Remsec|Revenge RAT|Rifdoor|Rising Sun|RogueRobin|RotaJakiro|Royal|RunningRAT|RustyWater|S-Type|SDBbot|SHARPSTATS|SHUTTERSPEED|SLOTHFULMEDIA|SLOWDRIFT|SMOKEDHAM|SOUNDBITE|SPAWNCHIMERA|STARWHALE|SUNBURST|SVCReady|SYSCON|Sagerunex|Saint Bot|SampleCheck5000|Sardonic|ServHelper|ShadowPad|Shai-Hulud|Shamoon|Shark|SharpStage|ShrinkLocker|SideTwist|Skidmap|Snip3|SocGholish|SodaMaster|Solar|SombRAT|SoreFang|Spark|SpeakUp|SpicyOmelette|SplatCloak|Squirrelwaffle|SslMM|StealBit|StoneDrill|StreamEx|StrelaStealer|StrifeWater|Stuxnet|SynAck|Sys10|SysUpdate|SystemBC|T9000|TONESHELL|TURNEDUP|TajMahal|ThreatNeedle|TrickBot|Trojan.Karagany|Troll Stealer|Tsundere Botnet|Turian|UPPERCUT|Unknown Logger|Uroburos|Ursnif|VERMIN|Valak|Volgmer|WINDSHIELD|WINERACK|WarzoneRAT|WellMess|WinMM|Wingbird|Winnti for Windows|Woody RAT|XAgentOSX|XCSSET|XLoader|XORIndex Loader|YAHOYAH|ZLib|Zebrocy|ZeroT|Zeus Panda|ZxShell|ZxxZ|gh0st RAT|jRAT|macOS.OSAMiner|metaMain|njRAT|yty|zwShell
T1083,,,3PARA RAT|4H RAT|ADVSTORESHELL|ANELLDR|AcidPour|AcidRain|Action RAT|Akira|Akira _v2|Amadey|AppleSeed|Aria-body|AshTag|Attor|AuditCred|AutoIt backdoor|Avaddon|Avenger|AvosLocker|Azorult|BACKSPACE|BADFLICK|BADNEWS|BBSRAT|BLACKCOFFEE|BLINDINGCAN|BLUELIGHT|BOLDMOVE|BRICKSTORM|Babuk|BabyShark|BackConfig|Backdoor.Oldrea|BadPatch|Bandook|Bankshot|Bazar|BeaverTail|Bisonal|Black Basta|BlackCat|BlackEnergy|BlackMould|BoomBox|BoxCaon|Brave Prince|CHIMNEYSWEEP|CHOPSTICK|COATHANGER|CORALDECK|CaddyWiper|Cannon|Cardinal RAT|Caterpillar WebShell|ChChes|CharmPower|Cheerscrypt|China Chopper|Clambling|Clop|Cobalt Strike|Conti|CookieMiner|CosmicDuke|CreepyDrive|Crimson|CrossRAT|Cryptoistic|Cuba|Cuckoo Stealer|Cyclops Blink|DDKONG|DEATHRANSOM|DUSTTRAP|Dacls|DarkGate|DarkWatchman|Denis|Derusbi|Diavol|Doki|DropBook|Dtrack|DustySky|DynoWiper|ELMER|Elise|Embargo|Epic|Exbyte|FALLCHILL|FIVEHANDS|FLASHFLOOD|FYAnti|FatDuke|FinFisher|FoggyWeb|FruitFly|FunnyDream|Fysbis|Gelsemium|GeminiDuke|Gold Dragon|GoldenSpy|Gomir|GravityRAT|GrimAgent|HOPLIGHT|HTTPBrowser|Havoc|HermeticWiper|Heyoka Backdoor|HotCroissant|Hydraq|INC Ransomware|IceApple|Industroyer|InnaputRAT|InvisiMole|InvisibleFerret|Ixeshe|JPIN|KEYMARBLE|KGH_SPY|KONNI|Kasidet|Kazuar|KeyBoy|KillDisk|Kinsing|Kivars|Kwampirs|LAMEHUG|LITTLELAMB.WOOLTEA|LODEINFO|Latrodectus|LazyWiper|LightSpy|Linfo|LoFiSe|LockBit 2.0|LockBit 3.0|Lokibot|LookBack|LunarMail|LunarWeb|MESSAGETAP|MacMa|Machete|Mafalda|Mango|Manjusaka|MarkiRAT|Medusa Ransomware|MegaCortex|Megazord|Metamorfo|Micropsia|MiniDuke|Misdat|Mispadu|MobileOrder|MoonWind|MultiLayer Wiper|NDiskMonitor|NETEAGLE|NETWIRE|Nebulae|NightClub|Ninja|NotPetya|ODAgent|OSX/Shlayer|ObliqueRAT|OceanSalt|Octopus|Okrum|Orz|OutSteel|OwaAuth|P.A.S. Webshell|PACEMAKER|PLEAD|POORAIM|POWRUNER|Pasam|Pcexter|Penquin|Peppy|PinchDuke|PingPull|Pisloader|Playcrypt|PlugX|PoetRAT|PowerDuke|Prestige|Prikormka|Proxysvc|Psylo|Pteranodon|QakBot|Qilin|QuietSieve|RARSTONE|REvil|ROADSWEEP|ROKRAT|RTM|Raccoon Stealer|RainyDay|Ramsay|RansomHub|Raspberry Robin|RedLeaves|Remexi|Remsec|Rising Sun|Rover|Royal|Ryuk|SDBbot|SHOTPUT|SLOTHFULMEDIA|SOUNDBITE|SPACESHIP|SUGARDUMP|SUNBURST|SUNSPOT|Saint Bot|SameCoin|Samurai|Seasalt|SharpDisco|ShimRat|SideTwist|Siloscape|Skidmap|Smoke Loader|SombRAT|SoreFang|Spica|SplatCloak|StealBit|StreamEx|StrifeWater|StrongPity|Stuxnet|SynAck|SysUpdate|TAINTEDSCRIBE|TINYTYPHON|TSCookie|TYPEFRAME|Taidoor|TajMahal|ThreatNeedle|TrickBot|Trojan.Karagany|Troll Stealer|Turian|UPPERCUT|USBStealer|USBferry|Uroburos|Volgmer|WINERACK|WannaCry|WarzoneRAT|WastedLocker|WhisperGate|WinMM|WindTail|Winnti for Windows|Woody RAT|XAgentOSX|XCSSET|ZIPLINE|ZLib|Zebrocy|Zeus Panda|Zox|ZxShell|ccf32|down_new|jRAT|metaMain|njRAT|yty|zwShell
T1087,,,Havoc|TONESHELL|Woody RAT|XCSSET
T1087.001,,,Agent Tesla|Bankshot|Bazar|BitPaymer|Comnie|DUSTTRAP|Duqu|Elise|Epic|GeminiDuke|HyperStack|InvisiMole|InvisibleFerret|Kazuar|Kwampirs|MURKYTOP|MgBot|Milan|Mis-Type|OSInfo|P.A.S. Webshell|POWERSTATS|PUNCHBUGGY|Pikabot|Pony|Qilin|RATANKBA|Raccoon Stealer|RedLine Stealer|Remsec|S-Type|SHOTPUT|SMOKEDHAM|SoreFang|Stuxnet|SystemBC|TrickBot|USBferry|Valak
T1087.002,,,Bankshot|Bazar|BlackCat|BoomBox|Cobalt Strike|DUSTTRAP|IceApple|IcedID|LAMEHUG|Latrodectus|MgBot|OSInfo|POWRUNER|Qilin|RustyWater|SoreFang|Stuxnet|Sykipot|Valak
T1087.003,,,Backdoor.Oldrea|BoomBox|Emotet|Grandoreiro|Lizar|TrickBot
T1090,,,Aria-body|AuditCred|BADCALL|BADHATCH|Bisonal|Cardinal RAT|Dridex|FunnyDream|GoBear|Green Lambert|HARDRAIN|HOPLIGHT|Havoc|KEYPLUG|KOCTOPUS|Kapeka|Kessel|LITTLELAMB.WOOLTEA|LunarWeb|NETWIRE|Neo-reGeorg|PLEAD|RainyDay|RansomHub|SDBbot|Sagerunex|Samurai|Socksbot|SombRAT|TSCookie|TYPEFRAME|Ursnif|Vasport|WarzoneRAT|XTunnel|ZIPLINE|ZxShell|jRAT|reGeorg
T1090.001,,,BACKSPACE|BRICKSTORM|CHOPSTICK|Cobalt Strike|Drovorub|Duqu|FatDuke|GlassWorm|Gomir|HiddenFace|Hikit|InvisiMole|Kazuar|Mafalda|MiniDuke|Ninja|Pay2Key|StarProxy|Stuxnet|Winnti for Windows|metaMain
T1090.002,,,InvisiMole|Okrum|POWERSTATS|QUIETEXIT|QakBot|Regin|ShimRat|TrickBot|Winnti for Windows
T1090.003,,,Attor|BOLDMOVE|Cyclops Blink|Dok|Dridex|GreyEnergy|Industroyer|Keydnap|Kobalos|MacSpy|NGLite|NKAbuse|Ninja|Siloscape|StrongPity|SystemBC|Uroburos|Ursnif|WannaCry
T1090.004,,,Cobalt Strike|SMOKEDHAM
T1091,,,ANDROMEDA|Agent.btz|CHOPSTICK|Conficker|Crimson|DustySky|Flame|H1N1|HIUPAN|PlugX|QakBot|Ramsay|Raspberry Robin|SHIPSHAPE|Stuxnet|USBStealer|USBferry|Unknown Logger|Ursnif|njRAT
T1092,,,CHOPSTICK|USBStealer
T1095,,,Anchor|Aria-body|AuTo Stealer|BUBBLEWRAP|Bandook|Bisonal|COATHANGER|Carbon|Clambling|Cobalt Strike|Crimson|Cryptoistic|Cuckoo Stealer|Derusbi|Drovorub|FakeM|FunnyDream|Gelsemium|HiddenFace|HiddenWasp|InvisiMole|InvisibleFerret|J-magic|KEYPLUG|LITTLELAMB.WOOLTEA|Lizar|LookBack|LunarMail|MOPSLED|MacMa|Mafalda|Metamorfo|Mis-Type|Misdat|MoonWind|NETEAGLE|NETWIRE|Nebulae|Neo-reGeorg|Ninja|OSX_OCEANLOTUS.D|PHOREAL|Pay2Key|Penquin|PingPull|PipeMon|PlugX|QUIETEXIT|QakBot|RARSTONE|RCSession|REPTILE|RainyDay|Reaver|Regin|Remsec|RotaJakiro|Royal|SDBbot|SUGARUSH|Samurai|Sardonic|ShadowPad|SnappyTCP|SombRAT|Spica|StarProxy|StealBit|SystemBC|TONESHELL|TSCookie|Taidoor|Umbreon|Uroburos|WINDSHIELD|WarzoneRAT|WellMail|Winnti for Linux|Winnti for Windows|ZIPLINE|cd00r|gh0st RAT|metaMain|reGeorg
T1098,,,Calisto|Shai-Hulud
T1098.004,,,Bundlore|Skidmap|XCSSET
T1098.007,,,DarkGate|SMOKEDHAM|ServHelper
T1102,,,AshTag|BADHATCH|BRICKSTORM|Bazar|BoomBox|Bumblebee|CHIMNEYSWEEP|Carbon|CharmPower|DarkTortilla|Doki|DropBook|GuLoader|Hildegard|Latrodectus|MOPSLED|NETWIRE|Nightdoor|PureCrypter|Raspberry Robin|RedLine Stealer|SMOKEDHAM|SharpStage|ShrinkLocker|Sibot|Snip3|SocGholish|WhisperGate
T1102.001,,,Astaroth|BADNEWS|BLACKCOFFEE|CharmPower|GlassWorm|Grandoreiro|Javali|KEYPLUG|MOPSLED|Metamorfo|MiniDuke|PlugX|PolyglotDuke|RTM|TRANSLATEXT|Tsundere Botnet|Xbash
T1102.002,,,BADNEWS|BLACKCOFFEE|BLUELIGHT|BoxCaon|CALENDAR|Clambling|CloudDuke|ComRAT|Comnie|CozyCar|CreepyDrive|Crutch|DOGCALL|GLOOXMAIL|Grandoreiro|KARAE|Kazuar|LAMEHUG|LOWBALL|ODAgent|OilBooster|OilCheck|Orz|POORAIM|PowerStallion|RIFLESPINE|ROKRAT|RegDuke|Revenge RAT|RogueRobin|SLOWDRIFT|Sagerunex|SampleCheck5000|Small Sieve|TRANSLATEXT|UBoatRAT|yty
T1102.003,,,EVILNUM|HAMMERTOSS|Metamorfo|OnionDuke|Sagerunex|UPSTYLE
T1104,,,BACKSPACE|BLACKCOFFEE|Bazar|Chaos|JumbledPath|Latrodectus|LunarWeb|Snip3|Uroburos|Valak
T1105,,,ABK|ANDROMEDA|Action RAT|Agent Tesla|Agent.btz|Amadey|Anchor|Aria-body|AshTag|Astaroth|Attor|AuditCred|Avenger|Azorult|BADFLICK|BADHATCH|BADNEWS|BBK|BISCUIT|BLINDINGCAN|BLUELIGHT|BONDUPDATER|BRICKSTORM|BUSHWALK|BabyShark|BackConfig|Backdoor.Oldrea|BadPatch|Bandook|Bankshot|Bazar|BeaverTail|BendyBear|Bisonal|BlackMould|Bonadan|BoomBox|BoxCaon|Briba|Bumblebee|Bundlore|CARROTBAT|CASTLETAP|CHIMNEYSWEEP|CHOPSTICK|CORESHELL|Calisto|CallMe|Caminho|Cannon|Carberp|Cardinal RAT|Caterpillar WebShell|ChChes|Chaes|CharmPower|China Chopper|Chrommme|CloudDuke|Cobalt Strike|CoinTicker|Conficker|CookieMiner|CostaBricks|CreepyDrive|Crimson|Cryptoistic|Cuba|Cyclops Blink|DDKONG|DEATHRANSOM|DOGCALL|DOWNIISSA|DRATzarus|DUSTTRAP|Dacls|DanBot|DarkComet|DarkGate|DarkTortilla|Daserf|Denis|Diavol|Dipsind|Disco|DnsSystem|Doki|Downdelph|DropBook|Drovorub|Dtrack|Dyre|EVILNUM|Ecipekac|Egregor|Elise|Emissary|Emotet|EvilBunny|Exaramel for Linux|Explosive|FELIXROOT|FYAnti|Felismus|Flagpro|FlawedAmmyy|FoggyWeb|FunnyDream|Gazer|Gelsemium|GlassWorm|Gold Dragon|GoldMax|GoldenSpy|Gootloader|Grandoreiro|GreyEnergy|GrimAgent|GuLoader|H1N1|HAPPYWORK|HOPLIGHT|HTTPBrowser|HTTPTroy|Hancitor|Hannotog|Havoc|Helminth|HexEval Loader|Hi-Zor|HiddenFace|HiddenWasp|Hikit|Hildegard|HotCroissant|Hydraq|HyperBro|IMAPLoader|IcedID|Industroyer|InvisiMole|InvisibleFerret|Ixeshe|JHUHUGIT|JPIN|JSS Loader|Javali|KARAE|KEYMARBLE|KGH_SPY|KOCTOPUS|KONNI|Kasidet|Kazuar|Kerrdown|Kessel|Kevin|KeyBoy|Kinsing|Kivars|Kwampirs|LODEINFO|LOWBALL|Latrodectus|LightNeuron|LightSpy|Linfo|LiteDuke|LitePower|Lizar|Lokibot|LoudMiner|Lucifer|MacMa|Machete|Mafalda|MagicRAT|MarkiRAT|MechaFlounder|Melcoz|Metamorfo|Meteor|Micropsia|Milan|MiniDuke|Mis-Type|Misdat|Mivast|MobileOrder|MoleNet|Mongall|More_eggs|Mosquito|MuddyViper|NDiskMonitor|NETWIRE|NICECURL|NOKKI|NanHaiShu|NanoCore|NavRAT|Nebulae|Neo-reGeorg|Neoichor|Nerex|Netwalker|Nidiran|NightClub|ODAgent|OSX/Shlayer|OSX_OCEANLOTUS.D|Octopus|OilBooster|OilCheck|Okrum|OopsIE|Orz|OutSteel|P.A.S. Webshell|P8RAT|PHASEJAM|PHPsert|PLAINTEE|PLEAD|POSHSPY|POWERSOURCE|POWERSTATS|POWRUNER|PS1|PUBLOAD|PUNCHBUGGY|Pandora|Pasam|Penquin|Peppy|PipeMon|Pisloader|PlugX|PoetRAT|PoisonIvy|PolyglotDuke|Pony|PowerDuke|PowerExchange|PowerLess|PowerPunch|Psylo|Pteranodon|PureCrypter|QakBot|QuietSieve|RARSTONE|RATANKBA|RCSession|RDAT|REvil|RGDoor|RIFLESPINE|ROKRAT|RTM|Raccoon Stealer|RainyDay|Raspberry Robin|RedLeaves|RedLine Stealer|RegDuke|RemoteCMD|Remsec|Revenge RAT|RogueRobin|S-Type|SDBbot|SEASHARPEE|SHARPSTATS|SHUTTERSPEED|SLIGHTPULSE|SLOTHFULMEDIA|SLOWDRIFT|SMOKEDHAM|SQLRat|STEADYPULSE|SUNBURST|SVCReady|Saint Bot|Sakula|SampleCheck5000|Samurai|Sardonic|SeaDuke|Seasalt|ServHelper|Seth-Locker|ShadowPad|Shai-Hulud|Shamoon|Shark|SharpDisco|SharpStage|ShimRat|Sibot|SideTwist|Skidmap|Small Sieve|Smoke Loader|Snip3|SocGholish|SodaMaster|Solar|SombRAT|SoreFang|SpeakUp|Spica|SpicyOmelette|Squirrelwaffle|StoneDrill|StrelaStealer|StrifeWater|StrongPity|SysUpdate|SystemBC|TAINTEDSCRIBE|TAMECAT|TDTESS|TONESHELL|TSCookie|TURNEDUP|TYPEFRAME|Taidoor|ThiefQuest|ThreatNeedle|TinyTurla|Tomiris|TrickBot|Trojan.Karagany|Tsundere Botnet|Turian|UBoatRAT|UPPERCUT|Unknown Logger|Uroburos|Ursnif|VBShower|VERMIN|VIRTUALPITA|Valak|VaporRage|Vasport|Volgmer|WEBC2|WIREFIRE|WarzoneRAT|Waterbear|WellMail|WellMess|WhisperGate|Wiarp|Winnti for Linux|Winnti for Windows|Woody RAT|XCSSET|XORIndex Loader|Xbash|YAHOYAH|ZIPLINE|ZLib|Zebrocy|ZeroT|Zeus Panda|Zox|ZxShell|ZxxZ|build_downer|down_new|gh0st RAT|jRAT|macOS.OSAMiner|metaMain|njRAT|reGeorg|xCaon
T1106,,,ADVSTORESHELL|ANELLDR|Akira|Amadey|AppleSeed|Aria-body|Attor|Avaddon|AvosLocker|BADHATCH|BADNEWS|BBK|BOOKWORM|Babuk|BackConfig|Bad Rabbit|Bandook|Bankshot|Bazar|BendyBear|Bisonal|BitPaymer|Black Basta|BlackByte Ransomware|BoxCaon|Bumblebee|CANONSTAGER|CHIMNEYSWEEP|CLAIMLOADER|CaddyWiper|Caminho|Carberp|Chaes|Chrommme|Clop|Cobalt Strike|ComRAT|Conti|CostaBricks|Cuba|Cyclops Blink|DCSrv|DEADEYE|DOWNIISSA|DRATzarus|DarkGate|DarkTortilla|Denis|Diavol|Dridex|DynoWiper|Egregor|Embargo|Emotet|EvilBunny|Exbyte|Explosive|FatDuke|Flagpro|FoggyWeb|Fooder|FunnyDream|Gelsemium|GoldenSpy|Goopy|Grandoreiro|GrimAgent|GuLoader|HAWKBALL|HTTPTroy|Hancitor|Havoc|HeartCrypt|HermeticWiper|HermeticWizard|HotCroissant|HyperBro|HyperStack|IMAPLoader|INC Ransomware|IcedID|InnaputRAT|InvisiMole|KOCTOPUS|KONNI|Kapeka|Kevin|KillDisk|LODEINFO|LP-Notes|Latrodectus|LightNeuron|LitePower|Lizar|LockBit 3.0|Lokibot|MacMa|Mafalda|Mango|MarkiRAT|Maze|Medusa Ransomware|MegaCortex|Metamorfo|Meteor|Milan|Mis-Type|Misdat|Mispadu|Mosquito|MuddyViper|NETWIRE|NOOPLDR|Nebulae|Netwalker|NightClub|Ninja|ODAgent|OilBooster|PAKLOG|PLEAD|PUBLOAD|Pikabot|Pillowmint|PipeMon|PlugX|PolyglotDuke|Pony|Prestige|Pteranodon|QUIETCANARY|QakBot|Qilin|RCSession|RDFSNIFFER|REvil|ROKRAT|RTM|RainyDay|Ramsay|Rising Sun|RotaJakiro|Royal|RustyWater|Ryuk|S-Type|SUNSPOT|SVCReady|Sagerunex|Saint Bot|Samurai|Sardonic|SharpDisco|ShimRat|SideTwist|Siloscape|SodaMaster|SombRAT|SplatCloak|SplatDropper|StarProxy|StealBit|StrifeWater|Stuxnet|SynAck|SysUpdate|SystemBC|TONESHELL|TRAILBLAZE|Taidoor|ThiefQuest|TinyTurla|Torisma|TrickBot|Uroburos|Ursnif|Volgmer|WarzoneRAT|WastedLocker|Waterbear|WhisperGate|WindTail|Winnti for Windows|Woody RAT|XAgentOSX|XLoader|ZeroCleare|ZxShell|ZxxZ|build_downer|gh0st RAT|metaMain|njRAT|xCaon
T1110,,,Caterpillar WebShell|Chaos|Kinsing|Pysa|QakBot
T1110.001,,,China Chopper|Emotet|HermeticWizard|Lucifer|P.A.S. Webshell|Pony|SpeakUp|Xbash
T1110.002,,,Net Crawler
T1110.003,,,Bad Rabbit|Linux Rabbit
T1110.004,,,TrickBot
T1111,,,SLOWPULSE|Sykipot
T1112,,,ADVSTORESHELL|Agent Tesla|Amadey|Attor|Avaddon|BACKSPACE|BADCALL|BOOKWORM|Bankshot|Bisonal|BitPaymer|Black Basta|BlackByte 2.0 Ransomware|BlackByte Ransomware|BlackCat|CHIMNEYSWEEP|CHOPSTICK|Cardinal RAT|Catchamas|Caterpillar WebShell|Chaes|CharmPower|Clambling|Clop|Cobalt Strike|ComRAT|Conficker|Crimson|DCSrv|DarkComet|DarkTortilla|DarkWatchman|EVILNUM|Embargo|Exaramel for Windows|Explosive|FELIXROOT|Ferocious|Gelsemium|Grandoreiro|GreyEnergy|HIUPAN|HOPLIGHT|HermeticWiper|HiddenFace|Hydraq|HyperStack|IPsec Helper|InvisiMole|KEYMARBLE|KOCTOPUS|KONNI|Kapeka|LoJax|LockBit 2.0|LockBit 3.0|Lokibot|Mafalda|MegaCortex|Metamorfo|Mori|Mosquito|MuddyViper|NETWIRE|NOOPLDR|Naid|NanoCore|Neoichor|Nerex|Netwalker|NightClub|Orz|PHOREAL|PLAINTEE|Pandora|Pillowmint|PipeMon|PlugX|PoetRAT|PoisonIvy|PolyglotDuke|PowerShower|Prestige|Pysa|QUADAGENT|QakBot|Qilin|RCSession|REvil|ROKRAT|RTM|RegDuke|Regin|Rover|SLOTHFULMEDIA|SMOKEDHAM|SOUNDBITE|SUNBURST|Samurai|ShadowPad|Shamoon|ShimRat|ShrinkLocker|Sibot|StreamEx|Stuxnet|SynAck|SysUpdate|TEARDROP|TRANSLATEXT|TYPEFRAME|Taidoor|TajMahal|Tarrask|ThreatNeedle|TinyTurla|TrickBot|Uroburos|Ursnif|Valak|Volgmer|WarzoneRAT|WastedLocker|Waterbear|Zeus Panda|ZxShell|gh0st RAT|metaMain|njRAT|zwShell
T1113,,,Agent Tesla|AppleSeed|Aria-body|AshTag|Attor|Azorult|BADHATCH|BADNEWS|BISCUIT|BLUELIGHT|BadPatch|Bandook|BlackEnergy|CHIMNEYSWEEP|CHOPSTICK|Cadelspy|Cannon|Carbanak|Carberp|Cardinal RAT|Catchamas|Chaes|CharmPower|Chrommme|Clambling|Cobalt Strike|Cobian RAT|CosmicDuke|Crimson|CrossRAT|Cuckoo Stealer|DOGCALL|DUSTTRAP|Daserf|Derusbi|DustySky|ECCENTRICBANDWAGON|EvilGrab|FinFisher|Flame|FlawedAmmyy|FruitFly|FunnyDream|GRIFFON|HALFBAKED|HTTPTroy|Havoc|HotCroissant|Hydraq|HyperBro|InvisiMole|JHUHUGIT|Janicab|KEYMARBLE|KONNI|Kasidet|Kazuar|KeyBoy|Kivars|LODEINFO|LightSpy|LitePower|Lizar|LookBack|Lumma Stealer|LunarMail|MacMa|MacSpy|Machete|Mafalda|Manjusaka|MarkiRAT|Matryoshka|Metamorfo|Micropsia|Mispadu|NETWIRE|NKAbuse|NightClub|ObliqueRAT|Octopus|POORAIM|POWERSTATS|POWRUNER|Peppy|PlugX|PoetRAT|Prikormka|Proton|Pteranodon|QuietSieve|RCSession|RDAT|ROKRAT|RTM|Raccoon Stealer|RainyDay|Ramsay|RedLeaves|RedLine Stealer|Remexi|Revenge RAT|RogueRobin|Rover|SHUTTERSPEED|SLOTHFULMEDIA|SMOKEDHAM|SVCReady|SharpStage|Socksbot|StoneDrill|StrifeWater|SysUpdate|T9000|TONESHELL|TRANSLATEXT|TURNEDUP|TajMahal|TinyZBot|Trojan.Karagany|Troll Stealer|Turian|UPPERCUT|Ursnif|VERMIN|Valak|Woody RAT|XAgentOSX|XCSSET|XLoader|ZLib|Zebrocy|Zeus Panda|ZxShell|gh0st RAT|jRAT|metaMain|njRAT|yty
T1114,,,Emotet|TRANSLATEXT
T1114.001,,,Carbanak|CosmicDuke|Crimson|Emotet|KGH_SPY|LunarMail|QakBot|Smoke Loader
T1114.002,,,LightNeuron|SeaDuke|Valak
T1115,,,Agent Tesla|Astaroth|Attor|BOOKWORM|CHIMNEYSWEEP|Cadelspy|Catchamas|Clambling|CosmicDuke|DarkComet|DarkGate|DarkTortilla|Explosive|FlawedAmmyy|Grandoreiro|Helminth|InvisibleFerret|JHUHUGIT|KONNI|MacSpy|Machete|MarkiRAT|Melcoz|Metamorfo|MgBot|Mispadu|PAKLOG|ROKRAT|RTM|Remexi|RunningRAT|TajMahal|TinyZBot|VERMIN|XLoader|Zeus Panda|jRAT
T1119,,,AppleSeed|Attor|BADNEWS|Bankshot|Comnie|Crutch|DarkGate|FunnyDream|GoldFinder|Helminth|InvisiMole|LAMEHUG|LightNeuron|LoFiSe|Lumma Stealer|MESSAGETAP|Metamorfo|Micropsia|NETWIRE|OutSteel|PACEMAKER|PoetRAT|Proxysvc|RTM|Raccoon Stealer|Ramsay|RotaJakiro|Rover|Shai-Hulud|StrelaStealer|StrongPity|T9000|TajMahal|USBStealer|VERMIN|Valak|WindTail|Zebrocy|ccf32
T1120,,,ADVSTORESHELL|AcidPour|Attor|BADNEWS|Bandook|BlackEnergy|CHIMNEYSWEEP|Cadelspy|Crimson|Crutch|DarkWatchman|DustySky|DynoWiper|Ferocious|FlawedAmmyy|FunnyDream|HIUPAN|Heyoka Backdoor|INC Ransomware|LockBit 2.0|LockBit 3.0|Machete|Mongall|MoonWind|NightClub|ObliqueRAT|PlugX|Prikormka|QakBot|QuietSieve|ROADSWEEP|RTM|Ragnar Locker|Ramsay|SVCReady|SharpDisco|Stuxnet|T9000|TajMahal|Turian|USBStealer|USBferry|WannaCry|WastedLocker|Zebrocy|jRAT|njRAT
T1123,,,Attor|Bandook|Cadelspy|Cobian RAT|Crimson|DOGCALL|DarkComet|Derusbi|EvilGrab|Flame|InvisiMole|Janicab|LightSpy|MacMa|MacSpy|Machete|MgBot|Micropsia|NanoCore|NightClub|ROKRAT|Revenge RAT|T9000|TajMahal|VERMIN|jRAT
T1124,,,Agent Tesla|AppleSeed|Astaroth|AvosLocker|Azorult|BADHATCH|BISCUIT|BLUELIGHT|Bazar|BeaverTail|BendyBear|Bisonal|Cannon|Carbon|Clambling|ComRAT|Conficker|Crimson|DCSrv|DEADWOOD|DRATzarus|DUSTTRAP|DarkGate|DarkWatchman|Egregor|Epic|EvilBunny|FELIXROOT|FunnyDream|GRIFFON|GlassWorm|GoldMax|Grandoreiro|GravityRAT|Green Lambert|HOPLIGHT|InvisiMole|KEYPLUG|LODEINFO|Medusa Ransomware|Metamorfo|MoonWind|NOKKI|Nightdoor|Okrum|OopsIE|PAKLOG|PUBLOAD|PipeMon|PlugX|PowerDuke|Proxysvc|QakBot|RTM|Raccoon Stealer|SHARPSTATS|SUNBURST|SVCReady|ShadowPad|Shamoon|ShrinkLocker|SombRAT|StarProxy|StoneDrill|StrifeWater|Stuxnet|SystemBC|T9000|TAINTEDSCRIBE|Taidoor|TajMahal|Torisma|UPPERCUT|WindTail|Zebrocy|Zeus Panda|build_downer|ccf32
T1125,,,Agent Tesla|Bandook|Clambling|Cobian RAT|Crimson|DarkComet|Derusbi|EvilGrab|InvisiMole|Kazuar|Machete|NanoCore|ObliqueRAT|PoetRAT|Revenge RAT|SDBbot|T9000|TajMahal|WarzoneRAT|ZxShell|jRAT|njRAT
T1127.001,,,NOOPLDR|PlugX
T1129,,,Astaroth|Attor|BLINDINGCAN|BOOSTWRITE|Bumblebee|DarkWatchman|Dtrack|Ebury|FoggyWeb|Hydraq|KillDisk|LightSpy|Metamorfo|OSX_OCEANLOTUS.D|PUNCHBUGGY|PipeMon|RotaJakiro|Stuxnet|TajMahal|VersaMem|gh0st RAT
T1132,,,BADNEWS|H1N1|LAMEHUG|Linux Rabbit|Ursnif
T1132.001,,,ADVSTORESHELL|Astaroth|AutoIt backdoor|BADNEWS|BLINDINGCAN|BRICKSTORM|BS2005|BabyShark|Backdoor.Oldrea|Bisonal|Bumblebee|CORESHELL|Carbanak|ChChes|Chaes|CharmPower|Cobalt Strike|Cobian RAT|CreepySnail|DarkWatchman|Daserf|Denis|Dipsind|DnsSystem|Ebury|Elise|Emotet|Felismus|Flagpro|Fysbis|GLASSTOKEN|Gomir|Gootloader|GrimAgent|HOPLIGHT|Helminth|Ixeshe|JHUHUGIT|KONNI|Kapeka|Kazuar|Kessel|Kevin|Latrodectus|LockBit 3.0|LunarWeb|Machete|Mafalda|Mango|Manjusaka|MechaFlounder|Mis-Type|Misdat|Mongall|More_eggs|Mori|OSX_OCEANLOTUS.D|Octopus|Okrum|OopsIE|PHPsert|POWERSTATS|POWRUNER|PULSECHECK|Pikabot|PingPull|Pisloader|PowerShower|Prikormka|QUADAGENT|QUIETCANARY|QakBot|RDAT|Ramsay|RedLine Stealer|Revenge RAT|RogueRobin|RotaJakiro|RustyWater|S-Type|SLIGHTPULSE|SMOKEDHAM|STARWHALE|STEADYPULSE|SUNBURST|Saint Bot|Samurai|Sardonic|SeaDuke|SideTwist|Solar|Spark|SpeakUp|Squirrelwaffle|StrelaStealer|Stuxnet|SysUpdate|TAMECAT|Torisma|TrickBot|Troll Stealer|UPPERCUT|Valak|WARPWIRE|WIREFIRE|WellMess|Zebrocy|down_new|gh0st RAT|njRAT|xCaon
T1132.002,,,BACKSPACE|Bankshot|CHIMNEYSWEEP|Cyclops Blink|HTTPTroy|InvisiMole|Lizar|Neo-reGeorg|NightClub|Ninja|OceanSalt|PowGoop|RDAT|ShadowPad|Small Sieve|TONESHELL|Uroburos
T1133,,,Doki|Hildegard|Kinsing|Linux Rabbit|Mafalda
T1134,,,AppleSeed|BlackCat|Cuba|Duqu|Gelsemium|HermeticWiper|Hydraq|KillDisk|Mafalda|MegaCortex|Qilin|Ryuk|SUNSPOT|Sagerunex|SslMM
T1134.001,,,Aria-body|BADHATCH|BitPaymer|Cobalt Strike|Emotet|FinFisher|Fooder|Havoc|LP-Notes|Okrum|REvil|Shamoon|Siloscape|Stuxnet|Tarrask
T1134.002,,,Aria-body|Azorult|Bankshot|KONNI|PipeMon|REvil|TONESHELL|WhisperGate|ZxShell
T1134.003,,,Cobalt Strike|Mafalda
T1134.004,,,Cobalt Strike|DarkGate|KONNI|PipeMon
T1135,,,Akira|Avaddon|AvosLocker|BADHATCH|Babuk|Bad Rabbit|Bazar|BitPaymer|BlackByte 2.0 Ransomware|BlackByte Ransomware|BlackCat|Clambling|Clop|Cobalt Strike|Conti|Cuba|DEATHRANSOM|DUSTTRAP|Diavol|Embargo|Emotet|FIVEHANDS|Flagpro|HELLOKITTY|INC Ransomware|IcedID|InvisiMole|KOPILUWAK|Kwampirs|Latrodectus|LockBit 2.0|LockBit 3.0|LunarWeb|MURKYTOP|Medusa Ransomware|OSInfo|Olympic Destroyer|PlugX|QakBot|Qilin|QuietSieve|Ramsay|RansomHub|Royal|Sardonic|ShimRat|Stuxnet|TrickBot|WastedLocker|WhisperGate|Zebrocy
T1136,,,LockBit 2.0
T1136.001,,,Calisto|Carbanak|DarkGate|Flame|GoldenSpy|HiddenWasp|Hildegard|Mis-Type|S-Type|SMOKEDHAM|ServHelper|ZxShell
T1137.001,,,BackConfig|Cobalt Strike|ROAMINGHOUSE
T1137.006,,,Bisonal|LunarLoader|LunarMail
T1140,,,ABK|ANELLDR|Action RAT|Agent Tesla|Amadey|Apostle|AppleJeus|AppleSeed|Aria-body|AshTag|Astaroth|AuditCred|Avaddon|Avenger|AvosLocker|Azorult|BADFLICK|BBK|BBSRAT|BLINDINGCAN|BOOKWORM|BOOSTWRITE|BRICKSTORM|BRUSHFIRE|BUSHWALK|Babuk|BabyShark|BackConfig|Bandook|Bankshot|Bazar|BendyBear|Bisonal|BlackByte Ransomware|BoomBox|Bumblebee|Bundlore|CASTLETAP|CHIMNEYSWEEP|CLAIMLOADER|COATHANGER|Caminho|Carbon|Cardinal RAT|Chaes|CharmPower|Chinoxy|Chrommme|Clambling|Clop|Cobalt Strike|CoinTicker|ComRAT|Conti|CookieMiner|CorKLOG|CostaBricks|Crimson|Cuckoo Stealer|Cyclops Blink|DDKONG|DEADEYE|DEADWOOD|DOWNIISSA|DUSTPAN|DUSTTRAP|DanBot|DarkGate|DarkTortilla|DarkWatchman|Denis|DropBook|Drovorub|Dtrack|Dyre|Ebury|Ecipekac|Egregor|Embargo|Emotet|EnvyScout|Exaramel for Linux|Exbyte|FIVEHANDS|FRAMESTING|FYAnti|FatDuke|FinFisher|Final1stspy|FoggyWeb|Fooder|GLASSTOKEN|Gelsemium|GlassWorm|GoldMax|Goopy|Gootloader|Grandoreiro|Green Lambert|GrimAgent|HTTPTroy|HUI Loader|Hancitor|HeartCrypt|HermeticWiper|HexEval Loader|Heyoka Backdoor|HiddenFace|HiddenWasp|Hildegard|HyperBro|INC Ransomware|ISMInjector|IceApple|Industroyer|InvisiMole|InvisibleFerret|IronWind|KEYPLUG|KGH_SPY|KOCTOPUS|KONNI|Kapeka|Kerrdown|Kessel|Kobalos|Kwampirs|LAMEHUG|LIGHTWIRE|LP-Notes|Latrodectus|LightNeuron|Line Dancer|LiteDuke|Lizar|LockBit 2.0|LockBit 3.0|Lokibot|LookBack|Lucifer|Lumma Stealer|LunarLoader|LunarMail|LunarWeb|MESSAGETAP|MOPSLED|MacMa|Machete|Mafalda|MagicRAT|Medusa Ransomware|MegaCortex|Metamorfo|MirageFox|Mispadu|Mongall|More_eggs|Mori|MuddyViper|NOKKI|NOOPLDR|NativeZone|Netwalker|Nightdoor|Ninja|ODAgent|OSX/Shlayer|OSX_OCEANLOTUS.D|OilBooster|Okrum|OnionDuke|OopsIE|P.A.S. Webshell|PHASEJAM|PHPsert|PITSTOP|POWERSTATS|PS1|PUBLOAD|PUNCHBUGGY|Pikabot|Pillowmint|PingPull|PipeMon|PlugX|PoetRAT|PolyglotDuke|PowGoop|PowerExchange|PowerLess|Proton|Pteranodon|PureCrypter|PyDCrypt|QUADAGENT|QUIETCANARY|QakBot|RAPIDPULSE|RDAT|REPTILE|REvil|RGDoor|RIFLESPINE|ROADSWEEP|ROAMINGHOUSE|ROKRAT|Raccoon Stealer|Raindrop|RainyDay|Ramsay|RansomHub|Raspberry Robin|RedLine Stealer|RegDuke|Remexi|Rising Sun|RogueRobin|RotaJakiro|RustyWater|SDBbot|SLIGHTPULSE|SPAWNCHIMERA|SQLRat|STEADYPULSE|SUNSPOT|Sagerunex|Saint Bot|SampleCheck5000|Sardonic|ShadowPad|Shamoon|Shark|SharpStage|ShimRat|Sibot|SideTwist|Siloscape|Skidmap|Smoke Loader|Snip3|SombRAT|SoreFang|Spark|Spica|SplatDropper|Squirrelwaffle|StarProxy|Starloader|StealBit|StrelaStealer|Stuxnet|SysUpdate|SystemBC|TEARDROP|THINCRUST|TONESHELL|TSCookie|TYPEFRAME|Taidoor|ThreatNeedle|Torisma|TrickBot|Tsundere Botnet|Turian|UPSTYLE|Uroburos|Ursnif|VERMIN|Valak|VaporRage|Volgmer|WIREFIRE|WarzoneRAT|WastedLocker|Waterbear|WellMail|WellMess|WhisperGate|WindTail|Winnti for Linux|Winnti for Windows|Woody RAT|XLoader|XORIndex Loader|YAHOYAH|Zebrocy|ZeroT|Zeus Panda|ZxxZ|gh0st RAT|metaMain|xCaon
T1176.001,,,Bundlore|Grandoreiro|Lumma Stealer|Mispadu|OSX/Shlayer|TRANSLATEXT
T1185,,,Agent Tesla|Carberp|Chaes|Cobalt Strike|Dridex|Grandoreiro|IcedID|Melcoz|QakBot|TRANSLATEXT|TrickBot|Ursnif|XLoader
T1187,,,EnvyScout
T1189,,,Bad Rabbit|Bundlore|Grandoreiro|IcedID|KARAE|LoudMiner|POORAIM|REvil|Snip3|SocGholish
T1190,,,BOLDMOVE|COATHANGER|Qilin|Siloscape|SoreFang|ZxShell
T1195,,,Lumma Stealer|Raccoon Stealer
T1195.001,,,BeaverTail|GlassWorm|Shai-Hulud|Tsundere Botnet|XCSSET
T1195.002,,,CCBkdr|GoldenSpy|SUNSPOT
T1197,,,Bazar|Cobalt Strike|Egregor|JPIN|MarkiRAT|ProLock|UBoatRAT
T1201,,,Kwampirs
T1202,,,Revenge RAT
T1203,,,Agent Tesla|Bankshot|Cobalt Strike|DealersChoice|EvilBunny|HAWKBALL|InvisiMole|Ramsay|SUPERNOVA|SpeakUp|VersaMem|Woody RAT|XLoader|Xbash
T1204,,,Lumma Stealer|Raspberry Robin
T1204.001,,,AppleJeus|BackConfig|Bazar|Bumblebee|Emotet|Gootloader|Grandoreiro|GuLoader|Hancitor|Javali|KOCTOPUS|Kerrdown|Latrodectus|Melcoz|NETWIRE|ObliqueRAT|OutSteel|PLEAD|Pony|QakBot|Qilin|ROAMINGHOUSE|SMOKEDHAM|Saint Bot|Snip3|SocGholish|SpicyOmelette|Squirrelwaffle|TSCookie
T1204.002,,,Agent Tesla|AppleJeus|AppleSeed|AshTag|Astaroth|BADFLICK|BLINDINGCAN|Bad Rabbit|Bandook|BeaverTail|Bisonal|Black Basta|BoomBox|Bumblebee|Bundlore|CLAIMLOADER|Cardinal RAT|Chaes|Clambling|DanBot|DarkGate|DarkTortilla|Disco|DnsSystem|Dridex|Emotet|EnvyScout|Flagpro|Grandoreiro|GuLoader|HIUPAN|Hancitor|Havoc|Heyoka Backdoor|IcedID|InvisiMole|JCry|JSS Loader|Javali|KGH_SPY|KOCTOPUS|KONNI|KOPILUWAK|Kerrdown|LAMEHUG|LODEINFO|Latrodectus|Lokibot|Lumma Stealer|LunarMail|Mango|Metamorfo|Mispadu|Mongall|NETWIRE|NativeZone|Ninja|OSX/Shlayer|Octopus|OutSteel|PLEAD|PlugX|PoetRAT|Pony|QakBot|Qilin|REvil|ROAMINGHOUSE|ROKRAT|RTM|Ramsay|RedLine Stealer|Rifdoor|RustyWater|SQLRat|STARWHALE|STATICPLUGIN|SUGARDUMP|SVCReady|SYSCON|Saint Bot|Snip3|Squirrelwaffle|StrelaStealer|StrongPity|TYPEFRAME|Taidoor|ThreatNeedle|TrickBot|Valak|WarzoneRAT|Woody RAT|ZxxZ
T1204.004,,,Havoc
T1205,,,BRUSHFIRE|BUSHWALK|Chaos|J-magic|Kobalos|PUBLOAD|Pandora|Penquin|REPTILE|Ryuk|SYNful Knock|TONESHELL|TRANSLATEXT|Umbreon|Uroburos|Winnti for Linux|ZIPLINE
T1205.001,,,Mafalda|REPTILE|cd00r|metaMain
T1205.002,,,BPFDoor|CASTLETAP|PITSTOP|Penquin
T1210,,,Bad Rabbit|Conficker|Emotet|Flame|InvisiMole|Lucifer|NotPetya|QakBot|Stuxnet|TrickBot|WannaCry
T1213,,,Raccoon Stealer|Troll Stealer
T1213.003,,,GlassWorm|Shai-Hulud
T1213.006,,,GlassWorm|MgBot|P.A.S. Webshell
T1217,,,BeaverTail|Calisto|Cuckoo Stealer|DarkWatchman|Dtrack|GlassWorm|LightSpy|Lizar|Lumma Stealer|Machete|Mafalda|Mispadu|MobileOrder|PowerLess|RedLine Stealer|SUGARDUMP|Troll Stealer
T1218.001,,,Astaroth
T1218.002,,,InvisiMole|Reaver
T1218.003,,,CHIMNEYSWEEP|LockBit 3.0
T1218.004,,,Chaes|Saint Bot|WhisperGate
T1218.005,,,BabyShark|Lumma Stealer|Metamorfo|NanHaiShu|POWERSTATS|Pteranodon|Revenge RAT|Sibot|Xbash
T1218.007,,,AppleJeus|Chaes|Clop|DEADEYE|DOWNIISSA|Duqu|FlawedAmmyy|Grandoreiro|IcedID|Javali|Latrodectus|LoudMiner|Maze|Melcoz|Metamorfo|Mispadu|QakBot|RCSession|Ragnar Locker|Raspberry Robin|RedLine Stealer|Tsundere Botnet
T1218.008,,,Bumblebee|Raspberry Robin
T1218.009,,,Agent Tesla
T1218.010,,,AppleSeed|Astaroth|Derusbi|Dridex|EVILNUM|Egregor|Emotet|HermeticWizard|Hi-Zor|More_eggs|Mori|Orz|QakBot|Ragnar Locker|Raspberry Robin|RogueRobin|Saint Bot|Squirrelwaffle|TONESHELL|Valak|Xbash
T1218.011,,,ADVSTORESHELL|Attor|BLINDINGCAN|Backdoor.Oldrea|Bad Rabbit|Bisonal|BoomBox|Briba|Bumblebee|CORESHELL|Cobalt Strike|Comnie|CozyCar|DDKONG|DEADEYE|EVILNUM|Egregor|Elise|Emissary|EnvyScout|FELIXROOT|FatDuke|Flame|FlawedAmmyy|FunnyDream|GreyEnergy|HermeticWizard|Heyoka Backdoor|IcedID|InvisiMole|JHUHUGIT|KONNI|Kapeka|Kwampirs|Latrodectus|Matryoshka|MegaCortex|Mispadu|Mongall|Mosquito|NOKKI|NativeZone|Ninja|NotPetya|PUNCHBUGGY|PolyglotDuke|PowerDuke|Prikormka|Pteranodon|QakBot|RTM|Ragnar Locker|Raspberry Robin|SDBbot|SUNBURST|SVCReady|Sakula|ServHelper|Sibot|Squirrelwaffle|StreamEx|StrelaStealer|Troll Stealer|USBferry|Winnti for Windows|ZxShell|gh0st RAT
T1218.012,,,Hancitor
T1218.013,,,TONESHELL
T1218.015,,,Lumma Stealer
T1219,,,Carbanak|Dridex|Egregor|Hildegard|InvisibleFerret|RTM|TrickBot
T1219.002,,,Qilin
T1220,,,Astaroth
T1221,,,Chaes|WarzoneRAT
T1222,,,Qilin
T1222.001,,,BitPaymer|BlackByte Ransomware|BlackCat|CaddyWiper|Grandoreiro|JPIN|Ryuk|WannaCry|WastedLocker
T1222.002,,,Black Basta|Bundlore|COATHANGER|DRYHOOK|Dok|Kinsing|OSX/Shlayer|OSX_OCEANLOTUS.D|P.A.S. Webshell|Penquin|XCSSET
T1480,,,Akira _v2|Anchor|Apostle|BOLDMOVE|BPFDoor|BitPaymer|BlackByte Ransomware|BoomBox|CHIMNEYSWEEP|DEADEYE|DarkGate|EnvyScout|Exbyte|GlassWorm|HiddenFace|LODEINFO|LazyWiper|LightSpy|LockBit 2.0|LockBit 3.0|LunarLoader|NativeZone|PureCrypter|Qilin|ROADSWEEP|ROAMINGHOUSE|RansomHub|Raspberry Robin|RedLine Stealer|SUNSPOT|Sagerunex|ShrinkLocker|Small Sieve|StealBit|StrelaStealer|Stuxnet|SystemBC|TONESHELL|Torisma|Tsundere Botnet|VaporRage
T1480.001,,,InvisiMole|Ninja|PUBLOAD|Pikabot|PowerPunch|ROKRAT|TONESHELL|Winnti for Windows
T1480.002,,,BPFDoor|Black Basta|CLAIMLOADER|Embargo|Gazer|GrimAgent|HiddenFace|LockBit 3.0|PlugX|PoisonIvy|PureCrypter|Qilin|REvil|SPAWNCHIMERA|SUNSPOT|StrelaStealer|TONESHELL|Troll Stealer
T1482,,,BADHATCH|Bazar|DUSTTRAP|IcedID|LAMEHUG|Latrodectus|MgBot|Pikabot|QakBot|SocGholish|TrickBot
T1484.001,,,Egregor|HermeticWiper|LockBit 2.0|LockBit 3.0|Meteor|Prestige|Qilin
T1485,,,AcidPour|AcidRain|Apostle|BlackEnergy|CaddyWiper|DEADWOOD|Diavol|DynoWiper|HermeticWiper|Industroyer|Kazuar|KillDisk|LazyWiper|Meteor|MultiLayer Wiper|Olympic Destroyer|PowerDuke|Proxysvc|REvil|SameCoin|Shai-Hulud|Shamoon|ShrinkLocker|StoneDrill|WhisperGate|Xbash
T1486,,,Akira|Akira _v2|Apostle|Avaddon|AvosLocker|Babuk|Bad Rabbit|BitPaymer|Black Basta|BlackByte 2.0 Ransomware|BlackByte Ransomware|BlackCat|Cheerscrypt|Clop|Conti|Cuba|DCSrv|DEATHRANSOM|DarkGate|Diavol|EKANS|Egregor|Embargo|FIVEHANDS|HELLOKITTY|INC Ransomware|JCry|KillDisk|LODEINFO|LockBit 2.0|LockBit 3.0|LockerGoga|Maze|Medusa Ransomware|MegaCortex|Megazord|Moneybird|Netwalker|NotPetya|Pay2Key|Playcrypt|Prestige|ProLock|Pysa|Qilin|REvil|ROADSWEEP|Ragnar Locker|RansomHub|RobbinHood|Royal|Ryuk|SamSam|Seth-Locker|Shamoon|ShrinkLocker|SynAck|ThiefQuest|WannaCry|WastedLocker|XCSSET|Xbash
T1489,,,Akira _v2|Avaddon|AvosLocker|BRICKSTORM|Babuk|BlackByte 2.0 Ransomware|BlackCat|Cheerscrypt|Clop|Conti|Cuba|DRYHOOK|Diavol|EKANS|Embargo|Hannotog|HermeticWiper|HotCroissant|INC Ransomware|Industroyer|InvisibleFerret|KillDisk|LockBit 2.0|LockBit 3.0|LookBack|Maze|Medusa Ransomware|MegaCortex|Megazord|Meteor|Netwalker|Olympic Destroyer|PHASEJAM|Pay2Key|Prestige|Pysa|Qilin|REvil|ROADSWEEP|Ragnar Locker|RansomHub|RobbinHood|Royal|Ryuk|SLOTHFULMEDIA|VIRTUALPITA|WannaCry
T1490,,,Akira|Avaddon|BFG Agonizer|Babuk|BitPaymer|Black Basta|BlackByte 2.0 Ransomware|BlackByte Ransomware|BlackCat|Clop|Conficker|Conti|DEATHRANSOM|DarkGate|DarkWatchman|Diavol|EKANS|Embargo|FIVEHANDS|H1N1|HELLOKITTY|HermeticWiper|INC Ransomware|InvisiMole|JCry|LockBit 2.0|LockBit 3.0|Maze|Medusa Ransomware|MegaCortex|Meteor|MultiLayer Wiper|Netwalker|Olympic Destroyer|Playcrypt|Prestige|ProLock|Pysa|Qilin|REvil|ROADSWEEP|Ragnar Locker|RansomHub|RobbinHood|Royal|Ryuk|WannaCry|WastedLocker
T1491.001,,,Black Basta|BlackCat|Diavol|INC Ransomware|Meteor|Qilin|ROADSWEEP|RansomHub|SameCoin|ShrinkLocker
T1495,,,Bad Rabbit|TrickBot
T1496.001,,,Bonadan|CookieMiner|DarkGate|Hildegard|Kinsing|LoudMiner|Lucifer|Skidmap
T1497,,,Agent Tesla|Bazar|Bisonal|Black Basta|Bumblebee|CHOPSTICK|Carberp|CozyCar|Egregor|Gelsemium|Hancitor|IcedID|Kevin|Metamorfo|Pteranodon|RTM|Raspberry Robin|RedLine Stealer|Squirrelwaffle|StoneDrill|StrelaStealer|XLoader
T1497.001,,,Astaroth|Attor|BLUELIGHT|BadPatch|Black Basta|BlackByte Ransomware|Bumblebee|DUSTTRAP|DarkGate|DarkTortilla|Denis|Dyre|EvilBunny|Exbyte|Ferocious|FinFisher|GoldMax|Grandoreiro|GravityRAT|GuLoader|HeartCrypt|InvisiMole|Latrodectus|Lucifer|Lumma Stealer|MegaCortex|Mispadu|NativeZone|Nightdoor|OSX_OCEANLOTUS.D|ObliqueRAT|Okrum|OopsIE|P8RAT|Pikabot|PlugX|PoetRAT|QakBot|ROKRAT|Raspberry Robin|RogueRobin|SUNBURST|SVCReady|Saint Bot|Shark|Smoke Loader|Snip3|SodaMaster|SynAck|Trojan.Karagany|UBoatRAT|WastedLocker|WhisperGate|XLoader|macOS.OSAMiner|yty
T1497.002,,,Cobalt Strike|Okrum|ROAMINGHOUSE|Spark|TONESHELL
T1497.003,,,AppleJeus|BADFLICK|Bazar|BendyBear|Bisonal|Bumblebee|Clambling|Clop|Crimson|DRATzarus|DarkTortilla|Egregor|EvilBunny|FatDuke|GoldMax|GoldenSpy|Gootloader|GrimAgent|GuLoader|Havoc|HermeticWiper|HiddenFace|IPsec Helper|LiteDuke|Lokibot|LunarWeb|Okrum|P8RAT|Pony|QakBot|Raindrop|RansomHub|SUNBURST|SVCReady|Saint Bot|Snip3|SodaMaster|StrifeWater|ThiefQuest|Tomiris|TrickBot|Ursnif|WhisperGate|XCSSET|metaMain
T1498,,,Lucifer|NKAbuse
T1499,,,OnionDuke|ZxShell
T1499.004,,,Industroyer
T1505.001,,,Stuxnet
T1505.002,,,LightNeuron
T1505.003,,,ASPXSpy|BUSHWALK|China Chopper|FRAMESTING|GLASSTOKEN|LIGHTWIRE|Line Runner|Neo-reGeorg|OwaAuth|P.A.S. Webshell|PHASEJAM|PHPsert|PULSECHECK|RAPIDPULSE|SEASHARPEE|SLIGHTPULSE|SPAWNCHIMERA|STEADYPULSE|SUPERNOVA|SnappyTCP|WIREFIRE|reGeorg
T1505.004,,,IceApple|OwaAuth|RGDoor
T1505.006,,,VIRTUALPIE
T1518,,,Bazar|Bundlore|CharmPower|Cobalt Strike|ComRAT|Cuckoo Stealer|Dridex|DustySky|Dyre|GlassWorm|HotCroissant|InvisiMole|InvisibleFerret|IronWind|KGH_SPY|LightSpy|LunarWeb|MarkiRAT|Metamorfo|Orz|P.A.S. Webshell|PUBLOAD|QakBot|RTM|Raccoon Stealer|RedLine Stealer|SUGARDUMP|SVCReady|Samurai|Siloscape|SocGholish|SpicyOmelette|StrelaStealer|TajMahal|Woody RAT|XCSSET|down_new
T1518.001,,,ABK|Action RAT|Amadey|Astaroth|AuTo Stealer|Avenger|BLUELIGHT|BadPatch|Bazar|BlackByte Ransomware|Bumblebee|CHIMNEYSWEEP|CHOPSTICK|Carberp|Clop|Comnie|CookieMiner|CozyCar|Crimson|DUSTTRAP|DarkGate|DarkTortilla|DarkWatchman|DustySky|EVILNUM|Epic|EvilBunny|Exbyte|FELIXROOT|Felismus|Ferocious|FinFisher|Flame|FlawedAmmyy|FunnyDream|Gelsemium|Gold Dragon|Grandoreiro|HiddenFace|IcedID|InvisiMole|JPIN|Kasidet|Latrodectus|LiteDuke|LitePower|Lizar|Lumma Stealer|LunarWeb|Mafalda|MarkiRAT|Medusa Ransomware|Metamorfo|Meteor|Micropsia|Mispadu|MoleNet|More_eggs|Mosquito|MuddyViper|Netwalker|NotPetya|POWERSTATS|POWRUNER|PUBLOAD|PUNCHBUGGY|PipeMon|Prikormka|PureCrypter|QakBot|ROAMINGHOUSE|RTM|Raspberry Robin|RedLine Stealer|Remsec|RogueRobin|RustyWater|SPAWNCHIMERA|SUNBURST|Skidmap|SpicyOmelette|SplatCloak|StoneDrill|StreamEx|StrongPity|Stuxnet|T9000|TAMECAT|TONESHELL|TajMahal|ThiefQuest|VERMIN|Valak|Waterbear|WhisperGate|Wingbird|Woody RAT|XCSSET|YAHOYAH|Zeus Panda|ZxxZ|build_downer|down_new|jRAT|xCaon
T1528,,,Shai-Hulud
T1529,,,AcidPour|AcidRain|Apostle|AvosLocker|BFG Agonizer|Black Basta|CHIMNEYSWEEP|DCSrv|DarkGate|DynoWiper|HermeticWiper|KillDisk|Latrodectus|LockerGoga|LookBack|Maze|MultiLayer Wiper|NotPetya|Olympic Destroyer|Qilin|Shamoon|ShrinkLocker|WhisperGate|XLoader
T1531,,,DEADWOOD|LockerGoga|MegaCortex|Meteor
T1534,,,SameCoin
T1539,,,BLUELIGHT|Chaes|CookieMiner|DarkGate|EVILNUM|GlassWorm|Grandoreiro|LODEINFO|Lumma Stealer|MgBot|QakBot|Raccoon Stealer|RedLine Stealer|Spica|TRANSLATEXT|TajMahal|XCSSET|XLoader
T1542.001,,,Hacking Team UEFI Rootkit|LoJax|Trojan.Mebromi
T1542.002,,,Cyclops Blink
T1542.003,,,BOOTRASH|Carberp|FinFisher|ROCKBOOT|TrickBot|WhisperGate
T1543,,,Akira _v2|BOLDMOVE|BRICKSTORM|Exaramel for Linux|IMAPLoader|LITTLELAMB.WOOLTEA|LunarMail
T1543.001,,,Bundlore|Calisto|CoinTicker|CookieMiner|CrossRAT|Cuckoo Stealer|Dacls|Dok|FruitFly|GlassWorm|Green Lambert|InvisibleFerret|Keydnap|Komplex|MacMa|MacSpy|NETWIRE|OSX_OCEANLOTUS.D|Proton|ThiefQuest|macOS.OSAMiner
T1543.002,,,Exaramel for Linux|Fysbis|Gomir|Hildegard|RIFLESPINE|RotaJakiro|Shai-Hulud|SysUpdate
T1543.003,,,Anchor|AppleJeus|Attor|AuditCred|BBSRAT|BOOKWORM|Bankshot|Bisonal|BitPaymer|Black Basta|BlackEnergy|Briba|Carbon|Catchamas|Clambling|Cobalt Strike|Conficker|CorKLOG|CosmicDuke|CozyCar|Cuba|DCSrv|DUSTPAN|Dtrack|Duqu|Dyre|Elise|Embargo|Emissary|Emotet|Exaramel for Windows|FALLCHILL|FinFisher|FunnyDream|Gelsemium|GoldenSpy|GreyEnergy|Hannotog|HermeticWiper|Hydraq|Industroyer|InnaputRAT|InvisiMole|JHUHUGIT|KONNI|Kazuar|KeyBoy|Kwampirs|LockBit 3.0|LoudMiner|Medusa Ransomware|MoonWind|Naid|Nebulae|Nerex|Nidiran|NightClub|Ninja|Okrum|Pandora|PingPull|PipeMon|PlugX|PoisonIvy|QakBot|RDAT|Ragnar Locker|RainyDay|RawPOS|Reaver|SLOTHFULMEDIA|STARWHALE|SUGARUSH|Sakula|Samurai|Seasalt|Shamoon|ShimRat|SplatDropper|StreamEx|StrongPity|Stuxnet|SysUpdate|TDTESS|TEARDROP|TONESHELL|TYPEFRAME|ThreatNeedle|TinyZBot|TrickBot|Uroburos|Ursnif|Volgmer|WannaCry|WastedLocker|Wiarp|Wingbird|Winnti for Windows|ZLib|ZeroT|ZxShell|gh0st RAT|hcdLoader|zwShell
T1543.004,,,AppleJeus|Bundlore|COATHANGER|Dacls|Green Lambert|LoudMiner|OSX_OCEANLOTUS.D|REPTILE|ThiefQuest|XCSSET
T1546,,,UPSTYLE|XCSSET
T1546.002,,,Gazer
T1546.003,,,BADHATCH|HOPLIGHT|Kevin|POSHSPY|POWERTON|RegDuke|Sardonic|SeaDuke|TrailBlazer|adbupd|metaMain
T1546.004,,,Green Lambert|Linux Rabbit|PHASEJAM|RotaJakiro|XCSSET
T1546.009,,,PUNCHBUGGY
T1546.010,,,Cherry Picker|Ramsay|T9000
T1546.011,,,Pillowmint|SDBbot|ShimRat
T1546.012,,,SDBbot|SUNBURST
T1546.015,,,ADVSTORESHELL|BBSRAT|ComRAT|Ferocious|JHUHUGIT|KONNI|Mosquito|SVCReady|WarzoneRAT
T1546.016,,,AppleJeus|Shai-Hulud
T1546.017,,,REPTILE
T1547,,,BoxCaon|Dtrack|Mis-Type|Misdat|xCaon
T1547.001,,,ADVSTORESHELL|ANDROMEDA|Agent Tesla|Amadey|AppleSeed|Aria-body|Astaroth|AuTo Stealer|Avaddon|AvosLocker|BACKSPACE|BADNEWS|BBSRAT|BabyShark|Backdoor.Oldrea|BadPatch|Bazar|Bisonal|BitPaymer|BlackEnergy|BoomBox|Briba|CLAIMLOADER|CORESHELL|Carbanak|Carberp|Cardinal RAT|ChChes|Chaes|Chinoxy|Clambling|Cobian RAT|Comnie|Conficker|CozyCar|Crimson|CrossRAT|DarkComet|DarkGate|DarkTortilla|DnsSystem|DownPaper|DustySky|EVILNUM|Elise|Embargo|Emissary|Emotet|EvilBunny|EvilGrab|FELIXROOT|FLASHFLOOD|FatDuke|FinFisher|Final1stspy|Flagpro|FlawedAmmyy|FunnyDream|GRIFFON|Gazer|Gelsemium|GlassWorm|Gold Dragon|Gootloader|Grandoreiro|GrimAgent|GuLoader|HIUPAN|HTTPBrowser|Hancitor|HeartCrypt|Helminth|Heyoka Backdoor|Hi-Zor|IcedID|InnaputRAT|InvisiMole|InvisibleFerret|Ixeshe|JCry|JHUHUGIT|KOCTOPUS|KONNI|Kasidet|Kazuar|LODEINFO|Latrodectus|LiteDuke|LoJax|LockBit 2.0|LookBack|Lucifer|Lumma Stealer|Machete|MagicRAT|MarkiRAT|Matryoshka|Maze|Metamorfo|Mispadu|Mivast|MoleNet|Mongall|Mosquito|MuddyViper|NETEAGLE|NETWIRE|NOKKI|NanHaiShu|NanoCore|NavRAT|Nebulae|ObliqueRAT|Octopus|Okrum|PLAINTEE|POWERSOURCE|POWERTON|PUBLOAD|PUNCHBUGGY|Pikabot|Pisloader|PlugX|PoetRAT|PoisonIvy|PowerDuke|PowerShower|Prikormka|Pteranodon|PureCrypter|QakBot|Qilin|RCSession|ROADSWEEP|RTM|Ramsay|RansomHub|Raspberry Robin|Reaver|RedLeaves|Remexi|Rifdoor|RogueRobin|Rover|RunningRAT|RustyWater|Ryuk|S-Type|SDBbot|SHIPSHAPE|SMOKEDHAM|SNUGRIDE|SPACESHIP|STARWHALE|Saint Bot|Sakula|SeaDuke|Seasalt|ServHelper|SharpStage|ShimRat|Small Sieve|Smoke Loader|Snip3|SslMM|StrongPity|Sykipot|SysUpdate|TAINTEDSCRIBE|TINYTYPHON|TONESHELL|TURNEDUP|Taidoor|ThreatNeedle|TinyZBot|TrickBot|Trojan.Karagany|Truvasys|Tsundere Botnet|Turian|USBStealer|Ursnif|VBShower|Vasport|WarzoneRAT|Winnti for Windows|XLoader|Xbash|Zebrocy|Zeus Panda|build_downer|gh0st RAT|njRAT
T1547.002,,,Flame
T1547.004,,,Bazar|Cannon|DarkTortilla|Dipsind|Gazer|KeyBoy|LockBit 3.0|Qilin|Remexi|Revenge RAT
T1547.006,,,Drovorub|REPTILE|Skidmap
T1547.008,,,Pasam|Wingbird
T1547.009,,,Astaroth|BACKSPACE|Bazar|BlackEnergy|Comnie|FELIXROOT|Gazer|Grandoreiro|Helminth|InvisiMole|KONNI|Kazuar|MarkiRAT|Micropsia|Okrum|Reaver|RedLeaves|RogueRobin|S-Type|SHIPSHAPE|SPACESHIP|SeaDuke|SslMM|TinyZBot
T1547.012,,,Gelsemium|PipeMon
T1547.013,,,CrossRAT|Fysbis|InvisibleFerret|NETWIRE|RotaJakiro
T1547.014,,,PoisonIvy
T1547.015,,,Dok|Green Lambert|NETWIRE
T1548,,,Raspberry Robin
T1548.001,,,Exaramel for Linux|Keydnap
T1548.002,,,AppleJeus|AutoIt backdoor|Avaddon|BADHATCH|Bad Rabbit|BitPaymer|BlackCat|BlackEnergy|Bumblebee|CHIMNEYSWEEP|Clambling|Cobalt Strike|DarkGate|Downdelph|FinFisher|Gelsemium|Grandoreiro|H1N1|HTTPTroy|InvisiMole|KOCTOPUS|KONNI|LockBit 2.0|LockBit 3.0|Lokibot|PLAINTEE|PipeMon|Qilin|RCSession|RTM|Ramsay|Raspberry Robin|Saint Bot|Sakula|Shamoon|ShimRat|UPPERCUT|WarzoneRAT|WastedLocker|Winnti for Windows|ZeroT
T1548.003,,,Cobalt Strike|Dok|Proton|Shai-Hulud
T1548.004,,,OSX/Shlayer
T1548.006,,,XCSSET
T1550,,,FoggyWeb
T1550.001,,,CreepyDrive|Shai-Hulud
T1550.002,,,BADHATCH|Cobalt Strike|HOPLIGHT
T1550.003,,,SeaDuke
T1552,,,Astaroth|DarkGate
T1552.001,,,Agent Tesla|Azorult|BlackEnergy|Emotet|Hildegard|Pysa|Shai-Hulud|Smoke Loader|StrelaStealer|TrickBot|XTunnel|jRAT|pngdowner
T1552.002,,,Agent Tesla|IceApple|StrelaStealer|TrickBot|Valak
T1552.003,,,Kinsing
T1552.004,,,Ebury|FoggyWeb|Hildegard|Kinsing|Machete|Mafalda|Troll Stealer|jRAT
T1552.005,,,Hildegard|Shai-Hulud
T1552.006,,,MirrorStealer
T1553,,,Shai-Hulud
T1553.001,,,CoinTicker|Cuckoo Stealer|MacMa|OSX/Shlayer|OSX_OCEANLOTUS.D|XCSSET
T1553.002,,,Anchor|AppleJeus|BLINDINGCAN|BOOKWORM|BOOSTWRITE|BackConfig|Bandook|Bazar|Black Basta|CHIMNEYSWEEP|ChChes|Clop|Cobalt Strike|CorKLOG|Daserf|Ebury|Ecipekac|Epic|Gazer|GoBear|GreyEnergy|Helminth|HermeticWiper|HermeticWizard|Janicab|LockerGoga|Lumma Stealer|MacMa|Metamorfo|More_eggs|Nerex|PAKLOG|PUBLOAD|PipeMon|QakBot|ROADSWEEP|RTM|RedLine Stealer|SPAWNCHIMERA|STATICPLUGIN|SUNBURST|SpicyOmelette|SplatDropper|StrelaStealer|StrongPity|Stuxnet|SysUpdate|TONESHELL|TrickBot|Troll Stealer|ZeroCleare
T1553.004,,,Dok|Hikit|RTM
T1553.005,,,Amadey|QakBot
T1553.006,,,BlackEnergy|Hikit|Pandora
T1554,,,BFG Agonizer|BOLDMOVE|BUSHWALK|Bonadan|Ebury|FRAMESTING|GlassWorm|Industroyer|Kessel|Kobalos|LIGHTWIRE|LITTLELAMB.WOOLTEA|PHASEJAM|SLOWPULSE|ThiefQuest|WARPWIRE|WIREFIRE|XCSSET
T1555,,,Agent Tesla|Astaroth|BeaverTail|Carberp|CosmicDuke|DarkGate|KGH_SPY|Lokibot|Manjusaka|Matryoshka|MgBot|MirrorStealer|Mispadu|NETWIRE|OLDBAIT|PLEAD|PinchDuke|Prikormka|RedLine Stealer|XLoader
T1555.001,,,BeaverTail|Calisto|Cuckoo Stealer|GlassWorm|Green Lambert|LightSpy|MacMa|Proton|iKitten
T1555.002,,,Keydnap
T1555.003,,,Agent Tesla|Azorult|BLUELIGHT|Backdoor.Oldrea|BeaverTail|BlackEnergy|Carberp|ChChes|Chaes|CookieMiner|CosmicDuke|Crimson|Emotet|GlassWorm|Grandoreiro|H1N1|InvisibleFerret|Javali|KGH_SPY|KONNI|KeyBoy|Lizar|Lokibot|Lumma Stealer|Machete|Manjusaka|Melcoz|MgBot|MirrorStealer|Mispadu|NETWIRE|OLDBAIT|Olympic Destroyer|PLEAD|PinchDuke|PoetRAT|Prikormka|Proton|QakBot|ROKRAT|Raccoon Stealer|RainyDay|RedLeaves|RedLine Stealer|SUGARDUMP|Smoke Loader|TRANSLATEXT|TSCookie|TrickBot|Trojan.Karagany|Unknown Logger|WarzoneRAT|XAgentOSX|XLoader|Zebrocy|jRAT|njRAT
T1555.004,,,KGH_SPY|Lizar|ROKRAT|RainyDay|Valak
T1555.005,,,InvisibleFerret|MarkiRAT|Proton|TrickBot
T1555.006,,,Shai-Hulud
T1556,,,DRYHOOK|Ebury|Kessel
T1556.001,,,Skeleton Key
T1556.002,,,Remsec
T1556.003,,,Ebury|Skidmap
T1556.004,,,DRYHOOK|SLOWPULSE|SYNful Knock
T1556.006,,,SLOWPULSE
T1557,,,Dok|Line Runner
T1559,,,Cyclops Blink|Havoc|HyperStack|LunarWeb|Medusa Ransomware|Ninja|OilBooster|PITSTOP|ROADSWEEP|Raspberry Robin|RotaJakiro|SPAWNCHIMERA|StealBit|TONESHELL|Uroburos
T1559.001,,,Bumblebee|CLAIMLOADER|DarkTortilla|FunnyDream|Gelsemium|HermeticWizard|InvisiMole|Latrodectus|Milan|Neoichor|POWERSTATS|Ramsay|Raspberry Robin|RustyWater|STATICPLUGIN|TrickBot|Ursnif
T1559.002,,,GravityRAT|HAWKBALL|KeyBoy|POWERSTATS|PoetRAT|RTM|Ramsay|Valak
T1560,,,ADVSTORESHELL|Agent Tesla|AppleSeed|Aria-body|BLUELIGHT|Backdoor.Oldrea|Bumblebee|Cadelspy|Chrommme|Daserf|Dtrack|Epic|Exaramel for Windows|FELIXROOT|Gold Dragon|JumbledPath|KONNI|Kessel|LP-Notes|LightNeuron|Lizar|LoFiSe|Lurid|Machete|MuddyViper|NETWIRE|Pillowmint|PowerLess|Prikormka|Proton|Raccoon Stealer|Remexi|RunningRAT|Spica|TAINTEDSCRIBE|Troll Stealer|VERMIN|WellMail|XCSSET|Zebrocy
T1560.001,,,AppleSeed|BeaverTail|CORALDECK|Calisto|Crutch|Daserf|DustySky|GlassWorm|IceApple|InvisiMole|InvisibleFerret|LAMEHUG|LunarWeb|Micropsia|Octopus|Okrum|OopsIE|PUBLOAD|PUNCHBUGGY|PoetRAT|PowerShower|Ramsay|Sagerunex|SampleCheck5000|TONESHELL|Turian|WindTail|ccf32|iKitten
T1560.002,,,BADFLICK|BBSRAT|Cardinal RAT|Denis|Epic|FoggyWeb|FunnyDream|InvisiMole|LunarWeb|OSX_OCEANLOTUS.D|SeaDuke|TajMahal|ZLib
T1560.003,,,ADVSTORESHELL|Agent.btz|Attor|BLUELIGHT|Duqu|FLASHFLOOD|FoggyWeb|FrameworkPOS|FunnyDream|HAWKBALL|InvisiMole|MESSAGETAP|Machete|NETWIRE|OSX_OCEANLOTUS.D|Okrum|OopsIE|OwaAuth|RGDoor|Ramsay|RawPOS|Reaver|Rising Sun|SPACESHIP|SUGARDUMP|SombRAT|Squirrelwaffle|StrongPity|Stuxnet|T9000|metaMain
T1561.001,,,AcidPour|AcidRain|Apostle|BlackCat|DEADWOOD|DarkGate|HermeticWiper|MegaCortex|StoneDrill|VPNFilter|WhisperGate
T1561.002,,,BFG Agonizer|CaddyWiper|DEADWOOD|HermeticWiper|KillDisk|MultiLayer Wiper|Shamoon|ShrinkLocker|StoneDrill|WhisperGate|ZeroCleare
T1563.001,,,MEDUSA
T1563.002,,,WannaCry
T1564,,,Bundlore|DarkTortilla|NOOPLDR|OSX/Shlayer|Tarrask|WarzoneRAT
T1564.001,,,Agent Tesla|AppleJeus|Attor|BackConfig|CLAIMLOADER|COATHANGER|Calisto|Carberp|Clambling|CoinTicker|Cuckoo Stealer|Dacls|DarkGate|EnvyScout|Explosive|FruitFly|HIUPAN|InvisiMole|Ixeshe|Komplex|Lokibot|LoudMiner|MacSpy|Machete|Micropsia|NETWIRE|OSX/Shlayer|OSX_OCEANLOTUS.D|Okrum|PlugX|PoetRAT|QakBot|REPTILE|Rising Sun|SLOTHFULMEDIA|SysUpdate|ThiefQuest|WannaCry|WastedLocker|XCSSET|ccf32|iKitten
T1564.002,,,SMOKEDHAM
T1564.003,,,Agent Tesla|Astaroth|AvosLocker|BONDUPDATER|BOOKWORM|CANONSTAGER|Cuba|GlassWorm|HAMMERTOSS|HotCroissant|IMAPLoader|InvisiMole|InvisibleFerret|KOCTOPUS|Kevin|KeyBoy|Kivars|LockBit 2.0|Lumma Stealer|Medusa Ransomware|Metamorfo|Meteor|OilBooster|PlugX|PowerShower|PureCrypter|QUIETCANARY|QuietSieve|SharpDisco|Snip3|StrongPity|SystemBC|TrickBot|Tsundere Botnet|Ursnif|WarzoneRAT|WindTail
T1564.004,,,Anchor|Astaroth|BitPaymer|DEADEYE|Gazer|Latrodectus|LoJax|POWERSOURCE|PowerDuke|Regin|Valak|WastedLocker|Zeroaccess
T1564.005,,,BOOTRASH|ComRAT|Regin|Uroburos
T1564.006,,,LoudMiner|Maze|Ragnar Locker
T1564.009,,,Keydnap|OSX/Shlayer
T1564.010,,,Cobalt Strike|SombRAT
T1564.011,,,BOLDMOVE|BPFDoor|GoldMax|OSX/Shlayer|Shai-Hulud
T1565,,,PHASEJAM
T1565.001,,,MultiLayer Wiper|SUNSPOT
T1565.002,,,GlassWorm|LightNeuron|Melcoz|Metamorfo
T1566,,,Hikit|INC Ransomware|Royal
T1566.001,,,Agent Tesla|AppleSeed|Astaroth|BADFLICK|BLINDINGCAN|Bandook|Bisonal|Bumblebee|Chaes|Clambling|DanBot|DarkGate|DarkTortilla|DarkWatchman|Emotet|EnvyScout|Flagpro|Hancitor|IcedID|JSS Loader|Javali|KOCTOPUS|KONNI|KOPILUWAK|Kerrdown|LAMEHUG|LODEINFO|Latrodectus|Lokibot|Lumma Stealer|Metamorfo|NETWIRE|OceanSalt|Octopus|OutSteel|PoetRAT|Pony|QakBot|Qilin|REvil|ROKRAT|RTM|Ramsay|Rifdoor|RustyWater|SVCReady|Saint Bot|Snip3|Squirrelwaffle|StrelaStealer|Taidoor|ThreatNeedle|TrickBot|Valak|WarzoneRAT|Woody RAT|XLoader|ZxxZ
T1566.002,,,AppleJeus|Bazar|Bumblebee|DarkGate|Emotet|Grandoreiro|GuLoader|Hancitor|Havoc|Javali|KOCTOPUS|Kerrdown|Latrodectus|Lumma Stealer|Melcoz|Mispadu|NETWIRE|OutSteel|Pony|QakBot|Qilin|ROAMINGHOUSE|Saint Bot|Snip3|SocGholish|SpicyOmelette|Squirrelwaffle|TrickBot|Valak
T1566.003,,,Ninja
T1567,,,AppleSeed|DropBook|Exbyte|InvisibleFerret|OilCheck|SampleCheck5000
T1567.001,,,Shai-Hulud
T1567.002,,,BoomBox|BoxCaon|Clambling|CreepyDrive|Crutch|HAMMERTOSS|ODAgent|Octopus|OilBooster|Pcexter|RIFLESPINE|ROKRAT|RainyDay|Tsundere Botnet
T1567.004,,,Shai-Hulud
T1568,,,BRICKSTORM|Bisonal|Gelsemium|Maze|NETEAGLE|RTM|SUNBURST|Tomiris
T1568.001,,,Amadey|gh0st RAT|njRAT
T1568.002,,,Aria-body|Astaroth|BONDUPDATER|Bazar|CCBkdr|CHOPSTICK|Conficker|DarkWatchman|Doki|Ebury|Grandoreiro|HiddenFace|Milan|MiniDuke|POSHSPY|QakBot|ShadowPad|Shark|SombRAT|Ursnif
T1569.001,,,AppleJeus|Calisto|Cuckoo Stealer|LoudMiner|XCSSET|macOS.OSAMiner
T1569.002,,,Anchor|Attor|BBSRAT|Bad Rabbit|BlackByte 2.0 Ransomware|Clambling|Cobalt Strike|DEADWOOD|DarkGate|Embargo|HOPLIGHT|HermeticWiper|HermeticWizard|Hydraq|HyperBro|IPsec Helper|InvisiMole|LockBit 3.0|LoudMiner|Mafalda|Net Crawler|Netwalker|NotPetya|Okrum|Olympic Destroyer|Pandora|Proxysvc|Pysa|Ragnar Locker|RemoteCMD|SLOTHFULMEDIA|Shamoon|StrongPity|SysUpdate|TinyTurla|WastedLocker|WhisperGate|Wingbird|Winnti for Windows|ZxShell|gh0st RAT
T1570,,,BlackByte Ransomware|BlackCat|DustySky|Emotet|Havoc|HermeticWizard|INC Ransomware|IPsec Helper|LockerGoga|Lucifer|Netwalker|Olympic Destroyer|OutSteel|Qilin|SameCoin|Shamoon|Stuxnet|VIRTUALPIE|VIRTUALPITA|WannaCry
T1571,,,BADCALL|Bankshot|BeaverTail|BendyBear|Cyclops Blink|Derusbi|Emotet|GlassWorm|GoldenSpy|GravityRAT|HARDRAIN|HOPLIGHT|Hannotog|HiddenFace|InvisibleFerret|MacMa|Metamorfo|MoonWind|OSX_OCEANLOTUS.D|Pikabot|PingPull|PlugX|PoetRAT|RTM|Raspberry Robin|RedLeaves|RotaJakiro|SPAWNCHIMERA|SUGARUSH|Sardonic|StrongPity|SystemBC|TYPEFRAME|TrickBot|VIRTUALPIE|VIRTUALPITA|WellMail|ZxShell|njRAT
T1572,,,BRICKSTORM|Cobalt Strike|Cyclops Blink|Duqu|FLIPSIDE|FunnyDream|Heyoka Backdoor|HiddenFace|Industroyer|Kevin|LunarWeb|Milan|Neo-reGeorg|QakBot|SPAWNCHIMERA|Uroburos|reGeorg
T1573,,,Chaes|Cryptoistic|Emotet|Gomir|Lizar|MacMa|NETWIRE|PowGoop|PowerLess|RCSession|gh0st RAT
T1573.001,,,3PARA RAT|4H RAT|ADVSTORESHELL|Attor|Azorult|BADCALL|BADNEWS|BBSRAT|BLINDINGCAN|BOOKWORM|Bandook|Bazar|BendyBear|Bisonal|Bonadan|Bumblebee|CASTLETAP|CHOPSTICK|CORESHELL|CallMe|Carbanak|Cardinal RAT|ChChes|Chaos|CharmPower|Cobalt Strike|Comnie|CosmicDuke|Daserf|Derusbi|Dipsind|Downdelph|Dridex|Duqu|Ebury|Elise|Emissary|Emotet|Epic|Explosive|FALLCHILL|FakeM|FatDuke|Felismus|FlawedAmmyy|FoggyWeb|Gazer|GreyEnergy|GrimAgent|H1N1|HAMMERTOSS|HTTPTroy|Havoc|Helminth|Hi-Zor|HiddenFace|HiddenWasp|Hikit|HotCroissant|Hydraq|HyperStack|IceApple|InvisiMole|KEYMARBLE|KONNI|Kobalos|Komplex|LIGHTWIRE|LODEINFO|Latrodectus|LightNeuron|LockBit 3.0|LookBack|Lucifer|LunarWeb|Lurid|Machete|Mafalda|Mango|Metamorfo|Mongall|MoonWind|More_eggs|Mosquito|MuddyViper|NDiskMonitor|NETEAGLE|NETWIRE|NGLite|NanoCore|Nebulae|Ninja|OSX_OCEANLOTUS.D|Okrum|PLAINTEE|PLEAD|POWERTON|PUBLOAD|Pandora|Pikabot|PingPull|PipeMon|PlugX|PoisonIvy|Prikormka|PureCrypter|QUIETCANARY|QakBot|RDAT|RIFLESPINE|RIPTIDE|RTM|RainyDay|RedLeaves|Rifdoor|RotaJakiro|RustyWater|SLIGHTPULSE|SMOKEDHAM|SNUGRIDE|SUNBURST|Sakula|Samurai|Sardonic|SeaDuke|SideTwist|SodaMaster|Solar|SombRAT|StarProxy|StrifeWater|Stuxnet|Sys10|SysUpdate|SystemBC|TAINTEDSCRIBE|TAMECAT|THINCRUST|TONESHELL|TSCookie|Taidoor|Torisma|TrickBot|Troll Stealer|UBoatRAT|UPPERCUT|Uroburos|VIRTUALPIE|Volgmer|WIREFIRE|WarzoneRAT|WellMess|Winnti for Linux|Winnti for Windows|Woody RAT|XCSSET|ZIPLINE|ZeroT|down_new|gh0st RAT|httpclient|metaMain|xCaon
T1573.002,,,ADVSTORESHELL|Attor|BADHATCH|BISCUIT|BOLDMOVE|BRICKSTORM|Bazar|CASTLETAP|CHOPSTICK|COATHANGER|Carbon|Cobalt Strike|ComRAT|Cyclops Blink|DarkWatchman|Doki|Dridex|Gazer|GoldMax|Gomir|Grandoreiro|GreyEnergy|GrimAgent|Hi-Zor|HiddenFace|IcedID|J-magic|KEYPLUG|Kobalos|LAMEHUG|LITTLELAMB.WOOLTEA|Lumma Stealer|LunarWeb|Machete|Mango|Metamorfo|Mispadu|NICECURL|OilBooster|PITSTOP|POSHSPY|POWERSTATS|Pay2Key|Penquin|PoetRAT|PureCrypter|REPTILE|REvil|Rising Sun|Sagerunex|Sardonic|ServHelper|Small Sieve|SnappyTCP|SodaMaster|SombRAT|StrongPity|Sykipot|TinyTurla|Trojan.Karagany|Uroburos|Volgmer|WannaCry|WellMail|WellMess|Woody RAT|XTunnel|Zebrocy|adbupd
T1574,,,COATHANGER|DarkGate|Denis|Dtrack|Nightdoor|Raspberry Robin|SPAWNCHIMERA|Saint Bot|ShimRat
T1574.001,,,ANELLDR|AshTag|Astaroth|BADNEWS|BBSRAT|BOOKWORM|BOOSTWRITE|CANONSTAGER|CLAIMLOADER|Chaes|Chinoxy|Clambling|CorKLOG|Crutch|DarkGate|Denis|Downdelph|Dridex|Ecipekac|Egregor|FinFisher|FoggyWeb|Goopy|HIUPAN|HTTPBrowser|HUI Loader|Havoc|Hikit|HyperBro|InvisiMole|IronWind|Javali|Kerrdown|LODEINFO|LoFiSe|LookBack|Lumma Stealer|Melcoz|Metamorfo|MirageFox|NOOPLDR|Nebulae|Ninja|PAKLOG|PUBLOAD|Pandora|Pcexter|PlugX|PowGoop|Prikormka|QakBot|RCSession|ROAMINGHOUSE|RainyDay|Ramsay|Raspberry Robin|RedLeaves|Sakula|SplatDropper|StarProxy|StrelaStealer|SysUpdate|T9000|TONESHELL|UPPERCUT|WEBC2|WastedLocker|Waterbear|Wingbird|ZeroT|gh0st RAT|metaMain
T1574.006,,,COATHANGER|Ebury|HiddenWasp|Hildegard|MEDUSA|SPAWNCHIMERA|XCSSET
T1574.007,,,BRICKSTORM|DarkGate
T1574.010,,,BlackEnergy
T1574.012,,,DarkTortilla
T1574.013,,,FinFisher
T1574.014,,,IMAPLoader
T1583.001,,,DarkGate|Raspberry Robin|XLoader
T1583.008,,,Raspberry Robin
T1584.001,,,Gootloader
T1584.006,,,Gootloader
T1588.002,,,Lizar
T1588.003,,,MegaCortex
T1588.007,,,LazyWiper
T1593.003,,,Shai-Hulud
T1598.003,,,SMOKEDHAM
T1601,,,DRYHOOK
T1601.001,,,SYNful Knock
T1602.002,,,GlassWorm
T1608.001,,,Shai-Hulud
T1609,,,Hildegard|Kinsing|Siloscape
T1610,,,Doki|Kinsing
T1611,,,Doki|Hildegard|Siloscape
T1613,,,Hildegard
T1614,,,Amadey|AshTag|Crimson|Cuckoo Stealer|DarkGate|DarkWatchman|GlassWorm|Gootloader|GrimAgent|HexEval Loader|InvisibleFerret|PlugX|PureCrypter|Raccoon Stealer|Ragnar Locker|RedLine Stealer|SDBbot|Saint Bot|SameCoin|SocGholish|Tsundere Botnet|XORIndex Loader
T1614.001,,,Avaddon|Bazar|BlackByte Ransomware|Clop|Cuba|Cuckoo Stealer|DEATHRANSOM|DropBook|Flagpro|GlassWorm|Gootloader|GrimAgent|IcedID|LODEINFO|LockBit 2.0|LockBit 3.0|MarkiRAT|Maze|Misdat|Mispadu|Neoichor|PUBLOAD|REvil|RedLine Stealer|Ryuk|S-Type|SharpStage|Spark|StealBit|StrelaStealer|SynAck|XCSSET|Zeus Panda
T1615,,,DUSTTRAP|Emissary|LunarWeb
T1620,,,BADHATCH|BRUSHFIRE|Cobalt Strike|Cuba|Emotet|FoggyWeb|Fooder|Gelsemium|IceApple|Lizar|Lokibot|Lumma Stealer|LunarLoader|MuddyViper|Pikabot|PlugX|Sardonic|SystemBC|ThiefQuest|Uroburos|WhisperGate|metaMain
T1622,,,ANELLDR|Black Basta|Bumblebee|DRATzarus|DarkGate|DarkTortilla|Latrodectus|LockBit 3.0|Lumma Stealer|Mafalda|PUBLOAD|Pikabot|PlugX|PureCrypter|ROKRAT|Raspberry Robin|RustyWater|Saint Bot|StealBit|StrelaStealer|TONESHELL|ThiefQuest|XLoader
T1647,,,Cuckoo Stealer|XCSSET
T1652,,,HOPLIGHT|INC Ransomware|Remsec
T1653,,,Line Dancer|Line Runner
T1654,,,Akira _v2|BeaverTail|DUSTTRAP|Megazord
T1657,,,BeaverTail|Crocodilus|DarkGate|Embargo|GlassWorm|InvisibleFerret|RedLine Stealer
T1659,,,Disco
T1665,,,DarkGate|JumbledPath|UPSTYLE
T1673,,,Cheerscrypt|PureCrypter|Qilin|VIRTUALPITA
T1675,,,VIRTUALPITA
T1677,,,Shai-Hulud
T1678,,,AshTag|BRICKSTORM|DynoWiper|Fooder|GlassWorm|HIUPAN|MuddyViper|PHASEJAM|PureCrypter|Qilin|RustyWater|SPAWNCHIMERA|Shai-Hulud|SystemBC|TONESHELL|UPPERCUT
T1679,,,DynoWiper|Embargo|InvisibleFerret|LazyWiper|Medusa Ransomware|SameCoin
T1680,,,Aria-body|AshTag|Attor|Avenger|BLINDINGCAN|Babuk|Bandook|Bankshot|Black Basta|BlackCat|BlackMould|CORESHELL|Cannon|Chrommme|Crimson|Cuba|DEATHRANSOM|DarkGate|DynoWiper|Epic|FALLCHILL|FELIXROOT|FunnyDream|HELLOKITTY|HOPLIGHT|HermeticWiper|Heyoka Backdoor|INC Ransomware|InnaputRAT|InvisiMole|JHUHUGIT|KEYMARBLE|KGH_SPY|KONNI|KOPILUWAK|Kazuar|KillDisk|LitePower|LockBit 2.0|LockBit 3.0|MacMa|Mafalda|Medusa Ransomware|Mongall|NOKKI|Nebulae|Nightdoor|Ninja|Octopus|PUBLOAD|Pasam|Penquin|PlugX|Proxysvc|Qilin|REvil|ROADSWEEP|Ramsay|Reaver|Rising Sun|Royal|RunningRAT|Ryuk|SLOTHFULMEDIA|SUGARUSH|SampleCheck5000|Sardonic|ShadowPad|SharpDisco|SoreFang|StrongPity|SysUpdate|TAINTEDSCRIBE|TONESHELL|TYPEFRAME|Torisma|WhisperGate|Woody RAT|Zebrocy|ZeroCleare|Zox|build_downer|down_new|macOS.OSAMiner|yty
T1684.001,,,RustyWater
T1685,,,Agent Tesla|Avaddon|BOLDMOVE|Babuk|Bazar|BlackByte Ransomware|Brave Prince|Bundlore|Carberp|ChChes|Clop|Cobalt Strike|Conficker|DRYHOOK|DarkComet|DarkGate|Diavol|EKANS|Ebury|Egregor|Gold Dragon|Goopy|Grandoreiro|H1N1|HDoor|HUI Loader|HermeticWiper|Hildegard|JPIN|JumbledPath|KOCTOPUS|LazyWiper|LockBit 2.0|LockBit 3.0|LockerGoga|Lumma Stealer|Mango|Maze|Medusa Ransomware|MegaCortex|Metamorfo|Meteor|MultiLayer Wiper|NanHaiShu|NanoCore|Netwalker|PHASEJAM|POWERSTATS|Proton|PureCrypter|Pysa|QakBot|Qilin|REvil|Ragnar Locker|Raspberry Robin|RedLine Stealer|RobbinHood|RunningRAT|Ryuk|SPAWNCHIMERA|SUNBURST|Shai-Hulud|ShrinkLocker|Skidmap|SplatCloak|SslMM|StealBit|StrongPity|Stuxnet|ThiefQuest|TinyZBot|TrickBot|Unknown Logger|WarzoneRAT|Waterbear|WhisperGate|Woody RAT|XLoader|ZIPLINE|ZxShell|macOS.OSAMiner
T1685.003,,,PHASEJAM
T1685.004,,,Ebury
T1685.005,,,Apostle|BlackCat|BlackEnergy|DUSTTRAP|FinFisher|HermeticWiper|HermeticWizard|Hydraq|KillDisk|LockBit 2.0|LockBit 3.0|Lucifer|Mafalda|Meteor|MultiLayer Wiper|NotPetya|Olympic Destroyer|Qilin|RansomHub|RunningRAT|ShrinkLocker|SynAck|ZxShell|gh0st RAT
T1685.006,,,JumbledPath|MacMa|Proton|UPSTYLE
T1686,,,BACKSPACE|BPFDoor|CookieMiner|Grandoreiro|HOPLIGHT|Hannotog|InvisiMole|Kasidet|NanoCore|PlugX|PyDCrypt|ShrinkLocker|THINCRUST|ZxShell
T1686.002,,,Cyclops Blink|Grandoreiro
T1686.003,,,BADCALL|BlackByte 2.0 Ransomware|DarkComet|H1N1|HARDRAIN|HiddenFace|Remsec|TYPEFRAME|njRAT
T1688,,,AvosLocker|Black Basta|Embargo|LockBit 3.0|Qilin|REvil|RansomHub
T1689,,,BlackByte Ransomware
T1690,,,BPFDoor|BRICKSTORM|Line Dancer|SPAWNCHIMERA|VIRTUALPITA
