mitre_id,name,description,aliases,techniques
S0061,HDoor,[HDoor](https://attack.mitre.org/software/S0061) is malware that has been customized and used by the [Naikon](https://attack.mitre.org/groups/G0019) group. (Citation: Baumgartner Naikon 2015),HDoor|Custom HDoor,T1046|T1685
S0266,TrickBot,"[TrickBot](https://attack.mitre.org/software/S0266) is a Trojan spyware program written in C++ that first emerged in September 2016 as a possible successor to [Dyre](https://attack.mitre.org/software/S0024). [TrickBot](https://attack.mitre.org/software/S0266) was developed and initially used by [Wizard Spider](https://attack.mitre.org/groups/G0102) for targeting banking sites in North America, Australia, and throughout Europe; it has since been used against all sectors worldwide as part of ""big ",TrickBot|Totbrick|TSPY_TRICKLOAD,T1005|T1007|T1008|T1016|T1018|T1021.005|T1027|T1027.002|T1027.013|T1033|T1036|T1041|T1053.005|T1055|T1055.012|T1056.004|T1057|T1059.001|T1059.003|T1069|T1071.001|T1082|T1083|T1087.001|T1087.003|T1090.002|T1105|T1106|T1110.004|T1112|T1132.001|T1135|T1140|T1185|T1204.002|T1210|T1219|T1482|T1495|T1497.003|T1542.003|T1543.003|T1547.001|T1552.001|T1552.002|T1553.002|T1555.003|T1555.005|T1559.001|T1564.003|T1566.001|T1566.002|T1571|T1573.001|T1685
S1204,cd00r,"[cd00r](https://attack.mitre.org/software/S1204) is an open-source backdoor for UNIX and UNIX-variant operating systems that was orginally released in 2000. [cd00r](https://attack.mitre.org/software/S1204) source code is primarily based on a packet-capturing program as it utilizes a sniffer to listen for specific sequences of network traffic or ""secret knock"" before executing the attacker's code.(Citation: Hartrell cd00r 2002)(Citation: Lumen J-Magic JAN 2025)

",cd00r,T1016|T1040|T1095|T1205.001
S0139,PowerDuke,[PowerDuke](https://attack.mitre.org/software/S0139) is a backdoor that was used by [APT29](https://attack.mitre.org/groups/G0016) in 2016. It has primarily been delivered through Microsoft Word or Excel attachments containing malicious macros. (Citation: Volexity PowerDuke November 2016),PowerDuke,T1010|T1016|T1027.003|T1033|T1057|T1059.003|T1070.004|T1082|T1083|T1105|T1124|T1218.011|T1485|T1547.001|T1564.004
S0605,EKANS,"[EKANS](https://attack.mitre.org/software/S0605) is ransomware variant written in Golang that first appeared in mid-December 2019 and has been used against multiple sectors, including energy, healthcare, and automotive manufacturing, which in some cases resulted in significant operational disruptions. [EKANS](https://attack.mitre.org/software/S0605) has used a hard-coded kill-list of processes, including some associated with common ICS software platforms (e.g., GE Proficy, Honeywell HMIWeb, etc)",EKANS|SNAKEHOSE,T1016|T1027|T1036.005|T1047|T1057|T1486|T1489|T1490|T1685
S0520,BLINDINGCAN,"[BLINDINGCAN](https://attack.mitre.org/software/S0520) is a remote access Trojan that has been used by the North Korean government since at least early 2020 in cyber operations against defense, engineering, and government organizations in Western Europe and the US.(Citation: US-CERT BLINDINGCAN Aug 2020)(Citation: NHS UK BLINDINGCAN Aug 2020)",BLINDINGCAN,T1005|T1016|T1027.002|T1027.013|T1036.005|T1041|T1059.003|T1070.004|T1070.006|T1071.001|T1082|T1083|T1105|T1129|T1132.001|T1140|T1204.002|T1218.011|T1553.002|T1566.001|T1573.001|T1680
S1100,Ninja,[Ninja](https://attack.mitre.org/software/S1100) is a malware developed in C++ that has been used by [ToddyCat](https://attack.mitre.org/groups/G1022) to penetrate networks and control remote systems since at least 2020.  [Ninja](https://attack.mitre.org/software/S1100) is possibly part of a post exploitation toolkit exclusively used by [ToddyCat](https://attack.mitre.org/groups/G1022) and allows multiple operators to work simultaneously on the same machine. [Ninja](https://attack.mitre.org/soft,Ninja,T1001|T1001.003|T1016|T1027.013|T1027.015|T1029|T1036.005|T1055|T1057|T1070.006|T1071.001|T1082|T1083|T1090.001|T1090.003|T1095|T1106|T1132.002|T1140|T1204.002|T1218.011|T1480.001|T1543.003|T1559|T1566.003|T1573.001|T1574.001|T1680
S1145,Pikabot,"[Pikabot](https://attack.mitre.org/software/S1145) is a backdoor used for initial access and follow-on tool deployment active since early 2023. [Pikabot](https://attack.mitre.org/software/S1145) is notable for extensive use of multiple encoding, encryption, and defense evasion mechanisms to evade defenses and avoid analysis. [Pikabot](https://attack.mitre.org/software/S1145) has some overlaps with [QakBot](https://attack.mitre.org/software/S0650), but insufficient evidence exists to definitively",Pikabot,T1016|T1027.003|T1027.009|T1027.011|T1041|T1055.002|T1055.003|T1059.003|T1082|T1087.001|T1106|T1132.001|T1140|T1480.001|T1482|T1497.001|T1547.001|T1571|T1573.001|T1620|T1622
S0206,Wiarp,[Wiarp](https://attack.mitre.org/software/S0206) is a trojan used by [Elderwood](https://attack.mitre.org/groups/G0066) to open a backdoor on compromised hosts. (Citation: Symantec Elderwood Sept 2012) (Citation: Symantec Wiarp May 2012),Wiarp,T1055|T1059.003|T1105|T1543.003
S0662,RCSession,[RCSession](https://attack.mitre.org/software/S0662) is a backdoor written in C++ that has been in use since at least 2018 by [Mustang Panda](https://attack.mitre.org/groups/G0129) and by [Threat Group-3390](https://attack.mitre.org/groups/G0027) (Type II Backdoor).(Citation: Secureworks BRONZE PRESIDENT December 2019)(Citation: Trend Micro Iron Tiger April 2021)(Citation: Trend Micro DRBControl February 2020),RCSession,T1005|T1027.011|T1027.015|T1033|T1036|T1055.012|T1056.001|T1057|T1059.003|T1070.004|T1071.001|T1082|T1095|T1105|T1106|T1112|T1113|T1218.007|T1547.001|T1548.002|T1573|T1574.001
S0543,Spark,"
[Spark](https://attack.mitre.org/software/S0543) is a Windows backdoor and has been in use since as early as 2017.(Citation: Unit42 Molerat Mar 2020) ",Spark,T1027.002|T1033|T1041|T1059.003|T1071.001|T1082|T1132.001|T1140|T1497.002|T1614.001
S0686,QuietSieve,[QuietSieve](https://attack.mitre.org/software/S0686) is an information stealer that has been used by [Gamaredon Group](https://attack.mitre.org/groups/G0047) since at least 2021.(Citation: Microsoft Actinium February 2022),QuietSieve,T1005|T1016.001|T1071.001|T1083|T1105|T1113|T1120|T1135|T1564.003
S0242,SynAck,[SynAck](https://attack.mitre.org/software/S0242) is variant of Trojan ransomware targeting mainly English-speaking users since at least fall 2017. (Citation: SecureList SynAck Doppelgänging May 2018) (Citation: Kaspersky Lab SynAck May 2018),SynAck,T1007|T1012|T1027|T1033|T1055.013|T1057|T1082|T1083|T1106|T1112|T1486|T1497.001|T1614.001|T1685.005
S1039,Bumblebee,"[Bumblebee](https://attack.mitre.org/software/S1039) is a custom loader written in C++ that has been used by multiple threat actors, including possible initial access brokers, to download and execute additional payloads since at least March 2022. [Bumblebee](https://attack.mitre.org/software/S1039) has been linked to ransomware operations including [Conti](https://attack.mitre.org/software/S0575), Quantum, and Mountlocker and derived its name from the appearance of ""bumblebee"" in the user-agent.",Bumblebee,T1005|T1008|T1012|T1027|T1033|T1036.005|T1041|T1047|T1053.005|T1055|T1055.001|T1055.004|T1057|T1059.001|T1059.003|T1059.005|T1070.004|T1082|T1102|T1105|T1106|T1129|T1132.001|T1140|T1204.001|T1204.002|T1218.008|T1218.011|T1497|T1497.001|T1497.003|T1518.001|T1548.002|T1559.001|T1560|T1566.001|T1566.002|T1573.001|T1622
S9015,BRICKSTORM,"[BRICKSTORM](https://attack.mitre.org/software/S9015) is a cross-platform backdoor with variants written in Go and Rust that facilitates command and control, the ingress transfer of other malware, and the exfiltration of data.(Citation: CISA BRICKSTORM UNC5221 AR25-338A February 2026)(Citation: Picus Security BRICKSTORM UNC5221 October 2025)(Citation: Resecurity UNC5221 BRICKSTORM F5 Big-IP October 2025)(Citation: Google BRICKSTORM September 2025) [BRICKSTORM](https://attack.mitre.org/software/S",BRICKSTORM,T1005|T1027|T1027.013|T1036.005|T1041|T1057|T1059.004|T1070.004|T1070.010|T1071.001|T1071.004|T1083|T1090.001|T1102|T1105|T1132.001|T1140|T1489|T1543|T1568|T1572|T1573.002|T1574.007|T1678|T1690
S0233,MURKYTOP,[MURKYTOP](https://attack.mitre.org/software/S0233) is a reconnaissance tool used by [Leviathan](https://attack.mitre.org/groups/G0065). (Citation: FireEye Periscope March 2018),MURKYTOP,T1018|T1046|T1053.002|T1059.003|T1069|T1070.004|T1082|T1087.001|T1135
S1125,AcidRain,"[AcidRain](https://attack.mitre.org/software/S1125) is an ELF binary targeting modems and routers using MIPS architecture.(Citation: AcidRain JAGS 2022) [AcidRain](https://attack.mitre.org/software/S1125) is associated with the ViaSat KA-SAT communication outage that took place during the initial phases of the 2022 full-scale invasion of Ukraine. Analysis indicates overlap with another network device-targeting malware, VPNFilter, associated with [Sandworm Team](https://attack.mitre.org/groups/G0",AcidRain,T1083|T1485|T1529|T1561.001
S0417,GRIFFON,[GRIFFON](https://attack.mitre.org/software/S0417) is a JavaScript backdoor used by [FIN7](https://attack.mitre.org/groups/G0046). (Citation: SecureList Griffon May 2019),GRIFFON,T1053.005|T1059.001|T1059.007|T1069.002|T1082|T1113|T1124|T1547.001
S0343,Exaramel for Windows,[Exaramel for Windows](https://attack.mitre.org/software/S0343) is a backdoor used for targeting Windows systems. The Linux version is tracked separately under [Exaramel for Linux](https://attack.mitre.org/software/S0401).(Citation: ESET TeleBots Oct 2018),Exaramel for Windows,T1027.011|T1036.004|T1059.003|T1059.005|T1074.001|T1112|T1543.003|T1560
S1025,Amadey,[Amadey](https://attack.mitre.org/software/S1025) is a Trojan bot that has been used since at least October 2018.(Citation: Korean FSI TA505 2020)(Citation: BlackBerry Amadey 2020),Amadey,T1005|T1016|T1027|T1033|T1041|T1071.001|T1082|T1083|T1105|T1106|T1112|T1140|T1518.001|T1547.001|T1553.005|T1568.001|T1614
S1206,JumbledPath,[JumbledPath](https://attack.mitre.org/software/S1206) is a custom-built utility written in GO that has been used by [Salt Typhoon](https://attack.mitre.org/groups/G1045) since at least 2024 for packet capture on remote Cisco devices. [JumbledPath](https://attack.mitre.org/software/S1206) is compiled as an ELF binary using x86-64 architecture which makes it potentially useable across Linux operating systems and network devices from multiple vendors.(Citation: Cisco Salt Typhoon FEB 2025),JumbledPath,T1040|T1104|T1560|T1665|T1685|T1685.006
S0416,RDFSNIFFER,[RDFSNIFFER](https://attack.mitre.org/software/S0416) is a module loaded by [BOOSTWRITE](https://attack.mitre.org/software/S0415) which allows an attacker to monitor and tamper with legitimate connections made via an application designed to provide visibility and system management capabilities to remote IT techs.(Citation: FireEye FIN7 Oct 2019),RDFSNIFFER,T1056.004|T1070.004|T1106
S1192,NICECURL,[NICECURL](https://attack.mitre.org/software/S1192) is a VBScript-based backdoor used by [APT42](https://attack.mitre.org/groups/G1044) to download additional modules.(Citation: Mandiant APT42-untangling),NICECURL,T1059|T1070.004|T1071.001|T1105|T1573.002
S0238,Proxysvc,[Proxysvc](https://attack.mitre.org/software/S0238) is a malicious DLL used by [Lazarus Group](https://attack.mitre.org/groups/G0032) in a campaign known as Operation GhostSecret. It has appeared to be operating undetected since 2017 and was mostly observed in higher education organizations. The goal of [Proxysvc](https://attack.mitre.org/software/S0238) is to deliver additional payloads to the target and to maintain control for the attacker. It is in the form of a DLL that can also be executed ,Proxysvc,T1005|T1012|T1016|T1041|T1057|T1059.003|T1070.004|T1071.001|T1082|T1083|T1119|T1124|T1485|T1569.002|T1680
S0229,Orz,[Orz](https://attack.mitre.org/software/S0229) is a custom JavaScript backdoor used by [Leviathan](https://attack.mitre.org/groups/G0065). It was observed being used in 2014 as well as in August 2017 when it was dropped by Microsoft Publisher files. (Citation: Proofpoint Leviathan Oct 2017) (Citation: FireEye Periscope March 2018),Orz|AIRBREAK,T1016|T1027|T1055.012|T1057|T1059.003|T1070|T1082|T1083|T1102.002|T1105|T1112|T1218.010|T1518
S0678,Torisma,[Torisma](https://attack.mitre.org/software/S0678) is a second stage implant designed for specialized monitoring that has been used by [Lazarus Group](https://attack.mitre.org/groups/G0032). [Torisma](https://attack.mitre.org/software/S0678) was discovered during an investigation into the 2020 Operation North Star campaign that targeted the defense sector.(Citation: McAfee Lazarus Nov 2020),Torisma,T1016|T1027.002|T1027.013|T1041|T1049|T1071.001|T1106|T1124|T1132.001|T1140|T1480|T1573.001|T1680
S0353,NOKKI,[NOKKI](https://attack.mitre.org/software/S0353) is a modular remote access tool. The earliest observed attack using [NOKKI](https://attack.mitre.org/software/S0353) was in January 2018. [NOKKI](https://attack.mitre.org/software/S0353) has significant code overlap with the [KONNI](https://attack.mitre.org/software/S0356) malware family. There is some evidence potentially linking [NOKKI](https://attack.mitre.org/software/S0353) to [APT37](https://attack.mitre.org/groups/G0067).(Citation: Unit 42 ,NOKKI,T1016|T1027|T1033|T1036.005|T1056.004|T1070.004|T1071.001|T1071.002|T1074.001|T1082|T1105|T1124|T1140|T1218.011|T1547.001|T1680
S0248,yty,"[yty](https://attack.mitre.org/software/S0248) is a modular, plugin-based malware framework. The components of the framework are written in a variety of programming languages. (Citation: ASERT Donot March 2018)",yty,T1005|T1016|T1018|T1027.002|T1027.016|T1033|T1053.005|T1056.001|T1057|T1082|T1083|T1102.002|T1113|T1497.001|T1680
S0093,Backdoor.Oldrea,"[Backdoor.Oldrea](https://attack.mitre.org/software/S0093) is a modular backdoor that used by [Dragonfly](https://attack.mitre.org/groups/G0035) against energy companies since at least 2013. [Backdoor.Oldrea](https://attack.mitre.org/software/S0093) was distributed via supply chain compromise, and included specialized modules to enumerate and map ICS-specific systems, processes, and protocols.(Citation: Symantec Dragonfly)(Citation: Gigamon Berserk Bear October 2021)(Citation: Symantec Dragonfly",Backdoor.Oldrea|Havex,T1016|T1018|T1033|T1046|T1055|T1057|T1070.004|T1082|T1083|T1087.003|T1105|T1132.001|T1218.011|T1547.001|T1555.003|T1560
S0213,DOGCALL,[DOGCALL](https://attack.mitre.org/software/S0213) is a backdoor used by [APT37](https://attack.mitre.org/groups/G0067) that has been used to target South Korean government and military organizations in 2017. It is typically dropped using a Hangul Word Processor (HWP) exploit. (Citation: FireEye APT37 Feb 2018),DOGCALL,T1027.013|T1056.001|T1102.002|T1105|T1113|T1123
S0603,Stuxnet,"[Stuxnet](https://attack.mitre.org/software/S0603) was the first publicly reported malware to specifically target industrial control systems devices. [Stuxnet](https://attack.mitre.org/software/S0603) is a large and complex malware that utilized multiple behaviors, including numerous zero-day vulnerabilities, a sophisticated Windows rootkit, and network infection routines.(Citation: Nicolas Falliere, Liam O Murchu, Eric Chien February 2011)(Citation: CISA ICS Advisory ICSA-10-272-01)(Citation: E",Stuxnet|W32.Stuxnet,T1008|T1012|T1014|T1016|T1021|T1021.002|T1027.013|T1041|T1047|T1053.005|T1055.001|T1068|T1070|T1070.004|T1070.006|T1071.001|T1078.001|T1078.002|T1080|T1082|T1083|T1087.001|T1087.002|T1090.001|T1091|T1106|T1112|T1120|T1124|T1129|T1132.001|T1134.001|T1135|T1140|T1210|T1480|T1505.001|T1518.001|T1543.003|T1553.002|T1560.003|T1570|T1573.001|T1685
S9029,IronWind,[IronWind](https://attack.mitre.org/software/S9029) is a custom loader malware that has been in use since at least 2023 by actors including [WIRTE](https://attack.mitre.org/groups/G0090) to target entities in the Middle East.(Citation: Check Point Wirte NOV 2024),IronWind,T1027.010|T1033|T1059.003|T1070|T1071.001|T1082|T1140|T1518|T1574.001
S0134,Downdelph,[Downdelph](https://attack.mitre.org/software/S0134) is a first-stage downloader written in Delphi that has been used by [APT28](https://attack.mitre.org/groups/G0007) in rare instances between 2013 and 2015. (Citation: ESET Sednit Part 3),Downdelph|Delphacy,T1001.001|T1105|T1548.002|T1573.001|T1574.001
S1078,RotaJakiro,"[RotaJakiro](https://attack.mitre.org/software/S1078) is a 64-bit Linux backdoor used by [APT32](https://attack.mitre.org/groups/G0050). First seen in 2018, it uses a plugin architecture to extend capabilities. [RotaJakiro](https://attack.mitre.org/software/S1078) can determine it's permission level and execute according to access type (`root` or `user`).(Citation: RotaJakiro 2021 netlab360 analysis)(Citation: netlab360 rotajakiro vs oceanlotus)",RotaJakiro,T1036.005|T1037|T1041|T1057|T1082|T1095|T1106|T1119|T1129|T1132.001|T1140|T1543.002|T1546.004|T1547.013|T1559|T1571|T1573.001
S1053,AvosLocker,"[AvosLocker](https://attack.mitre.org/software/S1053) is ransomware written in C++ that has been offered via the Ransomware-as-a-Service (RaaS) model. It was first observed in June 2021 and has been used against financial services, critical manufacturing, government facilities, and other critical infrastructure sectors in the United States. As of March 2022, [AvosLocker](https://attack.mitre.org/software/S1053) had also been used against organizations in Belgium, Canada, China, Germany, Saudi Ar",AvosLocker,T1027|T1027.007|T1036.008|T1057|T1083|T1106|T1124|T1135|T1140|T1486|T1489|T1529|T1547.001|T1564.003|T1688
S0185,SEASHARPEE,[SEASHARPEE](https://attack.mitre.org/software/S0185) is a Web shell that has been used by [OilRig](https://attack.mitre.org/groups/G0049). (Citation: FireEye APT34 Webinar Dec 2017),SEASHARPEE,T1059.003|T1070.006|T1105|T1505.003
S0460,Get2,"[Get2](https://attack.mitre.org/software/S0460) is a downloader written in C++ that has been used by [TA505](https://attack.mitre.org/groups/G0092) to deliver [FlawedGrace](https://attack.mitre.org/software/S0383), [FlawedAmmyy](https://attack.mitre.org/software/S0381), Snatch and [SDBbot](https://attack.mitre.org/software/S0461).(Citation: Proofpoint TA505 October 2019)",Get2,T1033|T1055.001|T1057|T1059|T1071.001|T1082
S0184,POWRUNER,[POWRUNER](https://attack.mitre.org/software/S0184) is a PowerShell script that sends and receives commands to and from the C2 server. (Citation: FireEye APT34 Dec 2017),POWRUNER,T1012|T1016|T1033|T1047|T1049|T1053.005|T1057|T1059.001|T1059.003|T1069.001|T1069.002|T1071.001|T1071.004|T1082|T1083|T1087.002|T1105|T1113|T1132.001|T1518.001
S1075,KOPILUWAK,[KOPILUWAK](https://attack.mitre.org/software/S1075) is a JavaScript-based reconnaissance tool that has been used for victim profiling and C2 since at least 2017.(Citation: Mandiant Suspected Turla Campaign February 2023),KOPILUWAK,T1005|T1016|T1033|T1041|T1049|T1057|T1059.007|T1071.001|T1074.001|T1135|T1204.002|T1566.001|T1680
S0400,RobbinHood,[RobbinHood](https://attack.mitre.org/software/S0400) is ransomware that was first observed being used in an attack against the Baltimore city government's computer network.(Citation: CarbonBlack RobbinHood May 2019)(Citation: BaltimoreSun RobbinHood May 2019),RobbinHood,T1059.003|T1070.005|T1486|T1489|T1490|T1685
S1220,MEDUSA,"[MEDUSA](https://attack.mitre.org/software/S1220) is an open-source rootkit that is capable of dynamic linker hijacking, command execution, and logging credentials.(Citation: Google Cloud Mandiant UNC3886 2024)",MEDUSA,T1014|T1027.013|T1563.001|T1574.006
S1154,VersaMem,"[VersaMem](https://attack.mitre.org/software/S1154) is a web shell designed for deployment to Versa Director servers following exploitation. Discovered in August 2024, [VersaMem](https://attack.mitre.org/software/S1154) was used during [Versa Director Zero Day Exploitation](https://attack.mitre.org/campaigns/C0039) by [Volt Typhoon](https://attack.mitre.org/groups/G1017) to target ISPs and MSPs.  [VersaMem](https://attack.mitre.org/software/S1154) is deployed as a Java Archive (JAR) and allows f",VersaMem,T1027.013|T1040|T1056.004|T1059|T1070.004|T1074.001|T1129|T1203
S0177,Power Loader,"[Power Loader](https://attack.mitre.org/software/S0177) is modular code sold in the cybercrime market used as a downloader in malware families such as Carberp, Redyms and Gapz. (Citation: MalwareTech Power Loader Aug 2013) (Citation: WeLiveSecurity Gapz and Redyms Mar 2013)",Power Loader,T1055.011
S0164,TDTESS,[TDTESS](https://attack.mitre.org/software/S0164) is a 64-bit .NET binary backdoor used by [CopyKittens](https://attack.mitre.org/groups/G0052). (Citation: ClearSky Wilted Tulip July 2017),TDTESS,T1059.003|T1070.004|T1070.006|T1105|T1543.003
S1041,Chinoxy,"[Chinoxy](https://attack.mitre.org/software/S1041) is a backdoor that has been used since at least November 2018, during the [FunnyDream](https://attack.mitre.org/campaigns/C0007) campaign, to gain persistence and drop additional payloads. According to security researchers, [Chinoxy](https://attack.mitre.org/software/S1041) has been used by Chinese-speaking threat actors.(Citation: Bitdefender FunnyDream Campaign November 2020)",Chinoxy,T1027.013|T1036.005|T1140|T1547.001|T1574.001
S0546,SharpStage,[SharpStage](https://attack.mitre.org/software/S0546) is a .NET malware with backdoor capabilities.(Citation: Cybereason Molerats Dec 2020)(Citation: BleepingComputer Molerats Dec 2020),SharpStage,T1047|T1053.005|T1059.001|T1059.003|T1082|T1102|T1105|T1113|T1140|T1547.001|T1614.001
S1233,PAKLOG,"[PAKLOG](https://attack.mitre.org/software/S1233) is a keylogger known to be leveraged by [Mustang Panda](https://attack.mitre.org/groups/G0129) and was first observed utilized in 2024. [PAKLOG](https://attack.mitre.org/software/S1233) is deployed via a RAR archive (e.g., key.rar), which contains two files: a signed, legitimate binary (PACLOUD.exe) and the malicious [PAKLOG](https://attack.mitre.org/software/S1233) DLL (pa_lang2.dll). The PACLOUD.exe binary is used to side-load the [PAKLOG](http",PAKLOG,T1010|T1027.013|T1056.001|T1057|T1074.001|T1106|T1115|T1124|T1553.002|T1574.001
S1105,COATHANGER,"[COATHANGER](https://attack.mitre.org/software/S1105) is a remote access tool (RAT) targeting FortiGate networking appliances. First used in 2023 in targeted intrusions against military and government entities in the Netherlands along with other victims, [COATHANGER](https://attack.mitre.org/software/S1105) was disclosed in early 2024, with a high confidence assessment linking this malware to a state-sponsored entity in the People's Republic of China. [COATHANGER](https://attack.mitre.org/softwa",COATHANGER,T1014|T1027|T1027.002|T1055|T1057|T1059.004|T1070.004|T1071.001|T1083|T1095|T1140|T1190|T1222.002|T1543.004|T1564.001|T1573.002|T1574|T1574.006
S1085,Sardonic,"[Sardonic](https://attack.mitre.org/software/S1085) is a backdoor written in C and C++ that is known to be used by [FIN8](https://attack.mitre.org/groups/G0061), as early as August 2021 to target a financial institution in the United States. [Sardonic](https://attack.mitre.org/software/S1085) has a plugin system that can load specially made DLLs and execute their functions.(Citation: Bitdefender Sardonic Aug 2021)(Citation: Symantec FIN8 Jul 2023)",Sardonic,T1005|T1007|T1016|T1027|T1027.010|T1047|T1049|T1055.004|T1057|T1059.001|T1059.003|T1070|T1082|T1095|T1105|T1106|T1132.001|T1135|T1140|T1546.003|T1571|T1573.001|T1573.002|T1620|T1680
S0226,Smoke Loader,"[Smoke Loader](https://attack.mitre.org/software/S0226) is a malicious bot application that can be used to load other malware.
[Smoke Loader](https://attack.mitre.org/software/S0226) has been seen in the wild since at least 2011 and has included a number of different payloads. It is notorious for its use of deception and self-protection. It also comes with several plug-ins. (Citation: Malwarebytes SmokeLoader 2016) (Citation: Microsoft Dofoil 2018)",Smoke Loader|Dofoil,T1027.013|T1053.005|T1055|T1055.012|T1059.005|T1071.001|T1083|T1105|T1114.001|T1140|T1497.001|T1547.001|T1552.001|T1555.003
S0151,HALFBAKED,[HALFBAKED](https://attack.mitre.org/software/S0151) is a malware family consisting of multiple components intended to establish persistence in victim networks. (Citation: FireEye FIN7 April 2017),HALFBAKED,T1047|T1057|T1059.001|T1070.004|T1082|T1113
S0466,WindTail,[WindTail](https://attack.mitre.org/software/S0466) is a macOS surveillance implant used by [Windshift](https://attack.mitre.org/groups/G0112). [WindTail](https://attack.mitre.org/software/S0466) shares code similarities with Hack Back aka KitM OSX.(Citation: SANS Windshift August 2018)(Citation: objective-see windtail1 dec 2018)(Citation: objective-see windtail2 jan 2019),WindTail,T1027.013|T1027.015|T1036|T1036.001|T1048.003|T1059.004|T1070.004|T1071.001|T1083|T1106|T1119|T1124|T1140|T1560.001|T1564.003
S0083,Misdat,[Misdat](https://attack.mitre.org/software/S0083) is a backdoor that was used in [Operation Dust Storm](https://attack.mitre.org/campaigns/C0016) from 2010 to 2011.(Citation: Cylance Dust Storm),Misdat,T1005|T1027.002|T1036.005|T1041|T1059.003|T1070.004|T1070.006|T1070.009|T1082|T1083|T1095|T1105|T1106|T1132.001|T1547|T1614.001
S1187,reGeorg,[reGeorg](https://attack.mitre.org/software/S1187) is an open-source web shell written in Python that can be used as a proxy to bypass firewall rules and tunnel data in and out of targeted networks.(Citation: Fortinet reGeorg MAR 2019)(Citation: GitHub reGeorg 2016),reGeorg,T1021.001|T1021.002|T1021.004|T1059.006|T1071.001|T1090|T1095|T1105|T1505.003|T1572
S0173,FLIPSIDE,[FLIPSIDE](https://attack.mitre.org/software/S0173) is a simple tool similar to Plink that is used by [FIN5](https://attack.mitre.org/groups/G0053) to maintain access to victims. (Citation: Mandiant FIN5 GrrCON Oct 2016),FLIPSIDE,T1572
S0362,Linux Rabbit,"[Linux Rabbit](https://attack.mitre.org/software/S0362) is malware that targeted Linux servers and IoT devices in a campaign lasting from August to October 2018. It shares code with another strain of malware known as Rabbot. The goal of the campaign was to install cryptocurrency miners onto the targeted servers and devices.(Citation: Anomali Linux Rabbit 2018)
",Linux Rabbit,T1033|T1078|T1110.003|T1132|T1133|T1546.004
S0202,adbupd,[adbupd](https://attack.mitre.org/software/S0202) is a backdoor used by [PLATINUM](https://attack.mitre.org/groups/G0068) that is similar to [Dipsind](https://attack.mitre.org/software/S0200). (Citation: Microsoft PLATINUM April 2016),adbupd,T1059.003|T1546.003|T1573.002
S0082,Emissary,"[Emissary](https://attack.mitre.org/software/S0082) is a Trojan that has been used by [Lotus Blossom](https://attack.mitre.org/groups/G0030). It shares code with [Elise](https://attack.mitre.org/software/S0081), with both Trojans being part of a malware group referred to as LStudio.(Citation: Lotus Blossom Dec 2015)",Emissary,T1007|T1016|T1027.001|T1027.013|T1055.001|T1059.003|T1069.001|T1071.001|T1082|T1105|T1218.011|T1543.003|T1547.001|T1573.001|T1615
S0401,Exaramel for Linux,[Exaramel for Linux](https://attack.mitre.org/software/S0401) is a backdoor written in the Go Programming Language and compiled as a 64-bit ELF binary. The Windows version is tracked separately under [Exaramel for Windows](https://attack.mitre.org/software/S0343).(Citation: ESET TeleBots Oct 2018),Exaramel for Linux,T1008|T1027.013|T1033|T1053.003|T1059.004|T1070.004|T1071.001|T1105|T1140|T1543|T1543.002|T1548.001
S0271,KEYMARBLE,[KEYMARBLE](https://attack.mitre.org/software/S0271) is a Trojan that has reportedly been used by the North Korean government. (Citation: US-CERT KEYMARBLE Aug 2018),KEYMARBLE,T1016|T1057|T1059.003|T1070.004|T1082|T1083|T1105|T1112|T1113|T1573.001|T1680
S0043,BUBBLEWRAP,"[BUBBLEWRAP](https://attack.mitre.org/software/S0043) is a full-featured, second-stage backdoor used by the [admin@338](https://attack.mitre.org/groups/G0018) group. It is set to run when the system boots and includes functionality to check, upload, and register plug-ins that can further enhance its capabilities. (Citation: FireEye admin@338)",BUBBLEWRAP|Backdoor.APT.FakeWinHTTPHelper,T1071.001|T1082|T1095
S0391,HAWKBALL,[HAWKBALL](https://attack.mitre.org/software/S0391) is a backdoor that was observed in targeting of the government sector in Central Asia.(Citation: FireEye HAWKBALL Jun 2019),HAWKBALL,T1027.013|T1033|T1041|T1059.003|T1070.004|T1071.001|T1082|T1106|T1203|T1559.002|T1560.003
S1193,TAMECAT,[TAMECAT](https://attack.mitre.org/software/S1193) is a malware that is used by [APT42](https://attack.mitre.org/groups/G1044) to execute PowerShell or C# content.(Citation: Mandiant APT42-untangling) ,TAMECAT,T1047|T1059.001|T1059.003|T1059.005|T1071.001|T1105|T1132.001|T1518.001|T1573.001
S0613,PS1,[PS1](https://attack.mitre.org/software/S0613) is a loader that was used to deploy 64-bit backdoors in the [CostaRicto](https://attack.mitre.org/groups/G0132) campaign.(Citation: BlackBerry CostaRicto November 2020),PS1,T1027.013|T1055.001|T1059.001|T1105|T1140
S9018,HeartCrypt,"[HeartCrypt](https://attack.mitre.org/software/S9018) is a packer-as-a-service (PaaS) used to protect malware that has been available since at least 2024. [HeartCrypt](https://attack.mitre.org/software/S9018) has been used to pack a variety of malware including [Lumma Stealer](https://attack.mitre.org/software/S1213), [Remcos](https://attack.mitre.org/software/S0332), and Rhadamanthys. In the [HeartCrypt](https://attack.mitre.org/software/S9018) PaaS model, customers submit malware via private m",HeartCrypt,T1027.001|T1027.002|T1027.013|T1036.008|T1055.004|T1055.012|T1059.003|T1106|T1140|T1497.001|T1547.001
S0386,Ursnif,"[Ursnif](https://attack.mitre.org/software/S0386) is a banking trojan and variant of the Gozi malware observed being spread through various automated exploit kits, [Spearphishing Attachment](https://attack.mitre.org/techniques/T1566/001)s, and malicious links.(Citation: NJCCIC Ursnif Sept 2016)(Citation: ProofPoint Ursnif Aug 2016) [Ursnif](https://attack.mitre.org/software/S0386) is associated primarily with data theft, but variants also include components (backdoors, spyware, file injectors, e",Ursnif|Gozi-ISFB|PE_URSNIF|Dreambot,T1005|T1007|T1012|T1027.010|T1027.013|T1036.005|T1041|T1047|T1055.005|T1055.012|T1056.004|T1057|T1059.001|T1059.005|T1070.004|T1071.001|T1074.001|T1080|T1082|T1090|T1090.003|T1091|T1105|T1106|T1112|T1113|T1132|T1140|T1185|T1497.003|T1543.003|T1547.001|T1559.001|T1564.003|T1568.002
S1224,CASTLETAP,[CASTLETAP](https://attack.mitre.org/software/S1224) is an ICMP port knocking backdoor that has been installed on compromised FortiGate firewalls by [UNC3886](https://attack.mitre.org/groups/G1048).(Citation: Mandiant Fortinet Zero Day),CASTLETAP,T1005|T1040|T1059.004|T1105|T1140|T1205.002|T1573.001|T1573.002
S0665,ThreatNeedle,"[ThreatNeedle](https://attack.mitre.org/software/S0665) is a backdoor that has been used by [Lazarus Group](https://attack.mitre.org/groups/G0032) since at least 2019 to target cryptocurrency, defense, and mobile gaming organizations.  It is considered to be an advanced cluster of [Lazarus Group](https://attack.mitre.org/groups/G0032)'s Manuscrypt (a.k.a. NukeSped) malware family.(Citation: Kaspersky ThreatNeedle Feb 2021)",ThreatNeedle,T1005|T1027.011|T1027.013|T1027.015|T1036.005|T1082|T1083|T1105|T1112|T1140|T1204.002|T1543.003|T1547.001|T1566.001
S1212,RansomHub,"[RansomHub](https://attack.mitre.org/software/S1212) is a ransomware-as-a-service (RaaS) offering with Windows, ESXi, Linux, and FreeBSD versions that has been in use since at least 2024 to target organizations in multiple sectors globally. [RansomHub](https://attack.mitre.org/software/S1212) operators may have purchased and rebranded resources from Knight  (formerly Cyclops) Ransomware which shares infrastructure, feature, and code overlaps with [RansomHub](https://attack.mitre.org/software/S12",RansomHub,T1018|T1021.002|T1027.013|T1057|T1059.001|T1059.003|T1070.004|T1082|T1083|T1090|T1135|T1140|T1480|T1486|T1489|T1490|T1491.001|T1497.003|T1547.001|T1685.005|T1688
S0086,ZLib,[ZLib](https://attack.mitre.org/software/S0086) is a full-featured backdoor that was used as a second-stage implant during [Operation Dust Storm](https://attack.mitre.org/campaigns/C0016) since at least 2014. [ZLib](https://attack.mitre.org/software/S0086) is malware and should not be confused with the legitimate compression library from which its name is derived.(Citation: Cylance Dust Storm),ZLib,T1007|T1036.005|T1041|T1059.003|T1071.001|T1082|T1083|T1105|T1113|T1543.003|T1560.002
S0153,RedLeaves,[RedLeaves](https://attack.mitre.org/software/S0153) is a malware family used by [menuPass](https://attack.mitre.org/groups/G0045). The code overlaps with [PlugX](https://attack.mitre.org/software/S0013) and may be based upon the open source tool Trochilus. (Citation: PWC Cloud Hopper Technical Annex April 2017) (Citation: FireEye APT10 April 2017),RedLeaves|BUGJUICE,T1016|T1027.013|T1033|T1049|T1059.003|T1070.004|T1071.001|T1082|T1083|T1105|T1113|T1547.001|T1547.009|T1555.003|T1571|T1573.001|T1574.001
S0133,Miner-C,[Miner-C](https://attack.mitre.org/software/S0133) is malware that mines victims for the Monero cryptocurrency. It has targeted FTP servers and Network Attached Storage (NAS) devices to spread. (Citation: Softpedia MinerC),Miner-C,T1080
S0145,POWERSOURCE,[POWERSOURCE](https://attack.mitre.org/software/S0145) is a PowerShell backdoor that is a heavily obfuscated and modified version of the publicly available tool DNS_TXT_Pwnage. It was observed in February 2017 in spearphishing campaigns against personnel involved with United States Securities and Exchange Commission (SEC) filings at various organizations. The malware was delivered when macros were enabled by the victim and a VBS script was dropped. (Citation: FireEye FIN7 March 2017) (Citation: ,POWERSOURCE|DNSMessenger,T1012|T1059.001|T1071.004|T1105|T1547.001|T1564.004
S9034,Tsundere Botnet,"[Tsundere Botnet](https://attack.mitre.org/software/S9034) is a botnet first reported in mid-2025 that is delivered via MSI installer or a PowerShell script. It leverages Node.js and JavaScript for payload delivery and execution, and uses smart contracts on the blockchain to host command and control (C2) addresses. [Tsundere Botnet](https://attack.mitre.org/software/S9034) is attributed to a likely Russian-speaking threat actor.

A variant named DinDoor has been linked to [MuddyWater](https://at",Tsundere Botnet|DinDoor,T1027.010|T1027.013|T1036.005|T1059.001|T1059.007|T1071.001|T1082|T1102.001|T1105|T1140|T1195.001|T1218.007|T1480|T1547.001|T1564.003|T1567.002|T1614
S1121,LITTLELAMB.WOOLTEA,[LITTLELAMB.WOOLTEA](https://attack.mitre.org/software/S1121) is a backdoor that was used by UNC5325 during [Cutting Edge](https://attack.mitre.org/campaigns/C0029) to deploy malware on targeted Ivanti Connect Secure VPNs and to establish persistence across system upgrades and patches.(Citation: Mandiant Cutting Edge Part 3 February 2024),LITTLELAMB.WOOLTEA,T1082|T1083|T1090|T1095|T1543|T1554|T1573.002
S0171,Felismus,[Felismus](https://attack.mitre.org/software/S0171) is a modular backdoor that has been used by [Sowbug](https://attack.mitre.org/groups/G0054). (Citation: Symantec Sowbug Nov 2017) (Citation: Forcepoint Felismus Mar 2017),Felismus,T1016|T1033|T1036.005|T1059.003|T1071.001|T1082|T1105|T1132.001|T1518.001|T1573.001
S0330,Zeus Panda,"[Zeus Panda](https://attack.mitre.org/software/S0330) is a Trojan designed to steal banking information and other sensitive credentials for exfiltration. [Zeus Panda](https://attack.mitre.org/software/S0330)’s original source code was leaked in 2011, allowing threat actors to use its source code as a basis for new malware variants. It is mainly used to target Windows operating systems ranging from Windows XP through Windows 10.(Citation: Talos Zeus Panda Nov 2017)(Citation: GDATA Zeus Panda June",Zeus Panda,T1012|T1027.010|T1027.013|T1055.002|T1056.001|T1056.004|T1057|T1059|T1059.001|T1059.003|T1070.004|T1071.001|T1082|T1083|T1105|T1112|T1113|T1115|T1124|T1140|T1518.001|T1547.001|T1614.001
S0049,GeminiDuke,[GeminiDuke](https://attack.mitre.org/software/S0049) is malware that was used by [APT29](https://attack.mitre.org/groups/G0016) from 2009 to 2012. (Citation: F-Secure The Dukes),GeminiDuke,T1007|T1016|T1057|T1071.001|T1083|T1087.001
S1229,Havoc,"[Havoc](https://attack.mitre.org/software/S1229) is an open-source post-exploitation command and control (C2) framework first released on GitHub in October 2022 by C5pider (Paul Ungur), who continues to maintain and develop it with community contributors. [Havoc](https://attack.mitre.org/software/S1229) provides a wide range of offensive security capabilities and has been adopted by multiple threat actors to establish and maintain control over compromised systems.",Havoc,T1005|T1016|T1016.001|T1018|T1027.010|T1033|T1055.001|T1055.002|T1057|T1059.001|T1059.003|T1071.001|T1071.002|T1082|T1083|T1087|T1090|T1105|T1106|T1113|T1134.001|T1204.002|T1204.004|T1497.003|T1559|T1566.002|T1570|T1573.001|T1574.001
S0462,CARROTBAT,[CARROTBAT](https://attack.mitre.org/software/S0462) is a customized dropper that has been in use since at least 2017. [CARROTBAT](https://attack.mitre.org/software/S0462) has been used to install [SYSCON](https://attack.mitre.org/software/S0464) and has infrastructure overlap with [KONNI](https://attack.mitre.org/software/S0356).(Citation: Unit 42 CARROTBAT November 2018)(Citation: Unit 42 CARROTBAT January 2020),CARROTBAT,T1027.010|T1027.013|T1059.003|T1070.004|T1082|T1105
S0167,Matryoshka,"[Matryoshka](https://attack.mitre.org/software/S0167) is a malware framework used by [CopyKittens](https://attack.mitre.org/groups/G0052) that consists of a dropper, loader, and RAT. It has multiple versions; v1 was seen in the wild from July 2016 until January 2017. v2 has fewer commands and other minor differences. (Citation: ClearSky Wilted Tulip July 2017) (Citation: CopyKittens Nov 2015)",Matryoshka,T1027|T1053.005|T1055.001|T1056.001|T1059|T1071.004|T1113|T1218.011|T1547.001|T1555
S0503,FrameworkPOS,[FrameworkPOS](https://attack.mitre.org/software/S0503) is a point of sale (POS) malware used by [FIN6](https://attack.mitre.org/groups/G0037) to steal payment card data from sytems that run physical POS devices.(Citation: SentinelOne FrameworkPOS September 2019),FrameworkPOS|Trinity,T1005|T1048|T1057|T1074.001|T1560.003
S0237,GravityRAT,"[GravityRAT](https://attack.mitre.org/software/S0237) is a remote access tool (RAT) and has been in ongoing development since 2016. The actor behind the tool remains unknown, but two usernames have been recovered that link to the author, which are ""TheMartian"" and ""The Invincible."" According to the National Computer Emergency Response Team (CERT) of India, the malware has been identified in attacks against organization and entities in India. (Citation: Talos GravityRAT)",GravityRAT,T1005|T1007|T1016|T1025|T1027.005|T1027.013|T1033|T1047|T1049|T1053.005|T1057|T1059.003|T1071.001|T1082|T1083|T1124|T1497.001|T1559.002|T1571
S0109,WEBC2,"[WEBC2](https://attack.mitre.org/software/S0109) is a family of backdoor malware used by [APT1](https://attack.mitre.org/groups/G0006) as early as July 2006. [WEBC2](https://attack.mitre.org/software/S0109) backdoors are designed to retrieve a webpage, with commands hidden in HTML comments or special tags, from a predetermined C2 server. (Citation: Mandiant APT1 Appendix)(Citation: Mandiant APT1)",WEBC2,T1059.003|T1105|T1574.001
S1058,Prestige,"[Prestige](https://attack.mitre.org/software/S1058) ransomware has been used by [Sandworm Team](https://attack.mitre.org/groups/G0034) since at least March 2022, including against transportation and related logistics industries in Ukraine and Poland in October 2022.(Citation: Microsoft Prestige ransomware October 2022)",Prestige,T1053.005|T1059.001|T1083|T1106|T1112|T1484.001|T1486|T1489|T1490
S1245,InvisibleFerret,"[InvisibleFerret](https://attack.mitre.org/software/S1245) is a modular python malware that is leveraged for data exfiltration and remote access capabilities.(Citation: ESET Contagious Interview BeaverTail InvisibleFerret February 2025)(Citation: Zscaler ContagiousInterview BeaverTail InvisibleFerret November 2024)(Citation: PaloAlto ContagiousInterview BeaverTail InvisibleFerret November 2023)   [InvisibleFerret](https://attack.mitre.org/software/S1245) consists of four modules: main, payload, ",InvisibleFerret,T1005|T1016|T1027.013|T1033|T1041|T1048.003|T1056|T1056.001|T1057|T1059.001|T1059.006|T1071.001|T1074.001|T1082|T1083|T1087.001|T1095|T1105|T1115|T1140|T1219|T1489|T1518|T1543.001|T1547.001|T1547.013|T1555.003|T1555.005|T1560.001|T1564.003|T1567|T1571|T1614|T1657|T1679
S0239,Bankshot,"[Bankshot](https://attack.mitre.org/software/S0239) is a remote access tool (RAT) that was first reported by the Department of Homeland Security in December of 2017. In 2018, [Lazarus Group](https://attack.mitre.org/groups/G0032) used the [Bankshot](https://attack.mitre.org/software/S0239) implant in attacks against the Turkish financial sector. (Citation: McAfee Bankshot)",Bankshot|Trojan Manuscript,T1001.003|T1005|T1012|T1041|T1057|T1059.003|T1070|T1070.004|T1070.006|T1071.001|T1082|T1083|T1087.001|T1087.002|T1105|T1106|T1112|T1119|T1132.002|T1134.002|T1140|T1203|T1543.003|T1571|T1680
S1089,SharpDisco,[SharpDisco](https://attack.mitre.org/software/S1089) is a dropper developed in C# that has been used by [MoustachedBouncer](https://attack.mitre.org/groups/G1019) since at least 2020 to load malicious plugins.(Citation: MoustachedBouncer ESET August 2023),SharpDisco,T1005|T1041|T1053.005|T1059.003|T1071.002|T1083|T1105|T1106|T1120|T1564.003|T1680
S0491,StrongPity,[StrongPity](https://attack.mitre.org/software/S0491) is an information stealing malware used by [PROMETHIUM](https://attack.mitre.org/groups/G0056).(Citation: Bitdefender StrongPity June 2020)(Citation: Talos Promethium June 2020),StrongPity,T1016|T1020|T1027.013|T1036.004|T1036.005|T1041|T1057|T1059.001|T1070.004|T1071.001|T1083|T1090.003|T1105|T1119|T1204.002|T1518.001|T1543.003|T1547.001|T1553.002|T1560.003|T1564.003|T1569.002|T1571|T1573.002|T1680|T1685
S0214,HAPPYWORK,[HAPPYWORK](https://attack.mitre.org/software/S0214) is a downloader used by [APT37](https://attack.mitre.org/groups/G0067) to target South Korean government and financial victims in November 2016. (Citation: FireEye APT37 Feb 2018),HAPPYWORK,T1033|T1082|T1105
S0653,xCaon,"[xCaon](https://attack.mitre.org/software/S0653) is an HTTP variant of the [BoxCaon](https://attack.mitre.org/software/S0651) malware family that has used by [IndigoZebra](https://attack.mitre.org/groups/G0136) since at least 2014. [xCaon](https://attack.mitre.org/software/S0653) has been used to target political entities in Central Asia, including Kyrgyzstan and Uzbekistan.(Citation: Checkpoint IndigoZebra July 2021)(Citation: Securelist APT Trends Q2 2017)",xCaon,T1005|T1016|T1059.003|T1071.001|T1105|T1106|T1132.001|T1140|T1518.001|T1547|T1573.001
S0254,PLAINTEE,[PLAINTEE](https://attack.mitre.org/software/S0254) is a malware sample that has been used by [Rancor](https://attack.mitre.org/groups/G0075) in targeted attacks in Singapore and Cambodia. (Citation: Rancor Unit42 June 2018),PLAINTEE,T1016|T1057|T1059.003|T1082|T1105|T1112|T1547.001|T1548.002|T1573.001
S0453,Pony,"[Pony](https://attack.mitre.org/software/S0453) is a credential stealing malware, though has also been used among adversaries for its downloader capabilities. The source code for Pony Loader 1.0 and 2.0 were leaked online, leading to their use by various threat actors.(Citation: Malwarebytes Pony April 2016)",Pony,T1027.015|T1027.016|T1036|T1059.003|T1070.004|T1071.001|T1082|T1087.001|T1105|T1106|T1110.001|T1204.001|T1204.002|T1497.003|T1566.001|T1566.002
S0059,WinMM,"[WinMM](https://attack.mitre.org/software/S0059) is a full-featured, simple backdoor used by [Naikon](https://attack.mitre.org/groups/G0019). (Citation: Baumgartner Naikon 2015)",WinMM,T1008|T1033|T1057|T1071.001|T1082|T1083
S0630,Nebulae,[Nebulae](https://attack.mitre.org/software/S0630) Is a backdoor that has been used by [Naikon](https://attack.mitre.org/groups/G0019)  since at least 2020.(Citation: Bitdefender Naikon April 2021),Nebulae,T1005|T1036.004|T1036.005|T1057|T1059.003|T1070.004|T1083|T1095|T1105|T1106|T1543.003|T1547.001|T1573.001|T1574.001|T1680
S0163,Janicab,[Janicab](https://attack.mitre.org/software/S0163) is an OS X trojan that relied on a valid developer ID and oblivious users to install it. (Citation: Janicab),Janicab,T1053.003|T1113|T1123|T1553.002
S0347,AuditCred,[AuditCred](https://attack.mitre.org/software/S0347) is a malicious DLL that has been used by [Lazarus Group](https://attack.mitre.org/groups/G0032) during their 2018 attacks.(Citation: TrendMicro Lazarus Nov 2018),AuditCred|Roptimizer,T1027.013|T1055|T1059.003|T1070.004|T1083|T1090|T1105|T1140|T1543.003
S9026,ROAMINGHOUSE,[ROAMINGHOUSE](https://attack.mitre.org/software/S9026) is a dropper malware used by [MirrorFace](https://attack.mitre.org/groups/G1054) to extract and execute embedded payloads including [UPPERCUT](https://attack.mitre.org/software/S0275) components.(Citation: Trend Micro Earth Kasha Updates APR 2025),ROAMINGHOUSE,T1027.013|T1047|T1137.001|T1140|T1204.001|T1204.002|T1480|T1497.002|T1518.001|T1566.002|T1574.001
S0010,Lurid,"[Lurid](https://attack.mitre.org/software/S0010) is a malware family that has been used by several groups, including [PittyTiger](https://attack.mitre.org/groups/G0011), in targeted attacks as far back as 2006. (Citation: Villeneuve 2014) (Citation: Villeneuve 2011)",Lurid|Enfal,T1560|T1573.001
S1239,TONESHELL,[TONESHELL](https://attack.mitre.org/software/S1239) is a custom backdoor that has been used since at least Q1 2021.(Citation: Palo Alto Unit42 STATELY TAURUS TONESHELL September 2023)   [TONESHELL](https://attack.mitre.org/software/S1239) malware has previously been leveraged by Chinese affiliated actors identified as [Mustang Panda](https://attack.mitre.org/groups/G0129).(Citation: ATTACKIQ MUSTANG PANDA TONESHELL March 2023)(Citation: Zscaler),TONESHELL,T1001.003|T1010|T1027.001|T1027.007|T1027.012|T1033|T1036.004|T1036.005|T1047|T1053.005|T1055.001|T1056.001|T1057|T1059.003|T1070.004|T1071.001|T1082|T1087|T1095|T1105|T1106|T1113|T1132.002|T1134.002|T1140|T1205|T1218.010|T1218.013|T1480|T1480.001|T1480.002|T1497.002|T1518.001|T1543.003|T1547.001|T1553.002|T1559|T1560.001|T1573.001|T1574.001|T1622|T1678|T1680
S1164,UPSTYLE,"[UPSTYLE](https://attack.mitre.org/software/S1164) is a Python-based backdoor associated with exploitation of Palo Alto firewalls using CVE-2024-3400 in early 2024. [UPSTYLE](https://attack.mitre.org/software/S1164) has only been observed in relation to this exploitation activity, which involved attempted install on compromised devices by the threat actor UTA0218.(Citation: Volexity UPSTYLE 2024)(Citation: Palo Alto MidnightEclipse APR 2024)",UPSTYLE,T1001.001|T1027.013|T1036|T1057|T1059.006|T1070.004|T1070.006|T1102.003|T1140|T1546|T1665|T1685.006
S0088,Kasidet,[Kasidet](https://attack.mitre.org/software/S0088) is a backdoor that has been dropped by using malicious VBA macros. (Citation: Zscaler Kasidet),Kasidet,T1056.001|T1057|T1059.003|T1082|T1083|T1105|T1113|T1518.001|T1547.001|T1686
S1211,Hannotog,[Hannotog](https://attack.mitre.org/software/S1211) is a type of backdoor malware uniquely assoicated with [Lotus Blossom](https://attack.mitre.org/groups/G0030) operations since at least 2022.(Citation: Symantec Bilbug 2022),Hannotog,T1020|T1059.003|T1105|T1489|T1543.003|T1571|T1686
S0346,OceanSalt,"[OceanSalt](https://attack.mitre.org/software/S0346) is a Trojan that was used in a campaign targeting victims in South Korea, United States, and Canada. [OceanSalt](https://attack.mitre.org/software/S0346) shares code similarity with [SpyNote RAT](https://attack.mitre.org/software/S0305), which has been linked to [APT1](https://attack.mitre.org/groups/G0006).(Citation: McAfee Oceansalt Oct 2018)",OceanSalt,T1016|T1057|T1059.003|T1070.004|T1082|T1083|T1132.002|T1566.001
S1162,Playcrypt,"[Playcrypt](https://attack.mitre.org/software/S1162) is a ransomware that has been used by [Play](https://attack.mitre.org/groups/G1040) since at least 2022 in attacks against against the business, government, critical infrastructure, healthcare, and media sectors in North America, South America, and Europe. [Playcrypt](https://attack.mitre.org/software/S1162) derives its name from adding the .play extension to encrypted files and has overlap with tactics and tools associated with Hive and Nokoy",Playcrypt|Play,T1083|T1486|T1490
S0252,Brave Prince,"[Brave Prince](https://attack.mitre.org/software/S0252) is a Korean-language implant that was first observed in the wild in December 2017. It contains similar code and behavior to [Gold Dragon](https://attack.mitre.org/software/S0249), and was seen along with [Gold Dragon](https://attack.mitre.org/software/S0249) and [RunningRAT](https://attack.mitre.org/software/S0253) in operations surrounding the 2018 Pyeongchang Winter Olympics. (Citation: McAfee Gold Dragon)",Brave Prince,T1012|T1016|T1048.003|T1057|T1082|T1083|T1685
S1244,Medusa Ransomware,"[Medusa Ransomware](https://attack.mitre.org/software/S1244) has been utilized in attacks since at least 2021. [Medusa Ransomware](https://attack.mitre.org/software/S1244) has been known to be utilized in conjunction with living off the land techniques and remote management software. [Medusa Ransomware](https://attack.mitre.org/software/S1244) has been used in campaigns associated with “double extortion” ransomware activity, where data is exfiltrated from victim environments prior to encryption,",Medusa Ransomware,T1007|T1027.013|T1057|T1059.001|T1059.003|T1070.004|T1082|T1083|T1106|T1124|T1135|T1140|T1486|T1489|T1490|T1518.001|T1543.003|T1559|T1564.003|T1679|T1680|T1685
S0629,RainyDay,[RainyDay](https://attack.mitre.org/software/S0629) is a backdoor tool that has been used by [Naikon](https://attack.mitre.org/groups/G0019) since at least 2020.(Citation: Bitdefender Naikon April 2021),RainyDay,T1005|T1007|T1008|T1027.013|T1036.004|T1036.005|T1053.005|T1057|T1059.003|T1070.004|T1071.001|T1074.001|T1083|T1090|T1095|T1105|T1106|T1113|T1140|T1543.003|T1555.003|T1555.004|T1567.002|T1573.001|T1574.001
S0624,Ecipekac,"[Ecipekac](https://attack.mitre.org/software/S0624) is a multi-layer loader that has been used by [menuPass](https://attack.mitre.org/groups/G0045) since at least 2019 including use as a loader for [P8RAT](https://attack.mitre.org/software/S0626), [SodaMaster](https://attack.mitre.org/software/S0627), and [FYAnti](https://attack.mitre.org/software/S0628).(Citation: Securelist APT10 March 2021)",Ecipekac|HEAVYHAND|SigLoader|DESLoader,T1027|T1105|T1140|T1553.002|T1574.001
S0622,AppleSeed,"[AppleSeed](https://attack.mitre.org/software/S0622) is a backdoor that has been used by [Kimsuky](https://attack.mitre.org/groups/G0094) to target South Korean government, academic, and commercial  targets since at least 2021.(Citation: Malwarebytes Kimsuky June 2021)",AppleSeed,T1005|T1008|T1016|T1025|T1027|T1027.002|T1030|T1036|T1036.005|T1041|T1056.001|T1057|T1059.001|T1059.007|T1070.004|T1071.001|T1074.001|T1082|T1083|T1106|T1113|T1119|T1124|T1134|T1140|T1204.002|T1218.010|T1547.001|T1560|T1560.001|T1566.001|T1567
S1118,BUSHWALK,[BUSHWALK](https://attack.mitre.org/software/S1118) is a web shell written in Perl that was inserted into the legitimate querymanifest.cgi file on compromised Ivanti Connect Secure VPNs during [Cutting Edge](https://attack.mitre.org/campaigns/C0029).(Citation: Mandiant Cutting Edge Part 2 January 2024)(Citation: Mandiant Cutting Edge Part 3 February 2024),BUSHWALK,T1027|T1105|T1140|T1205|T1505.003|T1554
S1048,macOS.OSAMiner,"[macOS.OSAMiner](https://attack.mitre.org/software/S1048) is a Monero mining trojan that was first observed in 2018; security researchers assessed [macOS.OSAMiner](https://attack.mitre.org/software/S1048) may have been circulating since at least 2015. [macOS.OSAMiner](https://attack.mitre.org/software/S1048) is known for embedding one run-only AppleScript into another, which helped the malware evade full analysis for five years due to a lack of Apple event (AEVT) analysis tools.(Citation: Sentin",macOS.OSAMiner,T1027.008|T1027.009|T1057|T1059.002|T1082|T1105|T1497.001|T1543.001|T1569.001|T1680|T1685
S0042,LOWBALL,[LOWBALL](https://attack.mitre.org/software/S0042) is malware used by [admin@338](https://attack.mitre.org/groups/G0018). It was used in August 2015 in email messages targeting Hong Kong-based media organizations. (Citation: FireEye admin@338),LOWBALL,T1071.001|T1102.002|T1105
S0198,NETWIRE,"[NETWIRE](https://attack.mitre.org/software/S0198) is a publicly available, multiplatform remote administration tool (RAT) that has been used by criminal and APT groups since at least 2012.(Citation: FireEye APT33 Sept 2017)(Citation: McAfee Netwire Mar 2015)(Citation: FireEye APT33 Webinar Sept 2017)",NETWIRE,T1010|T1016|T1027|T1027.002|T1027.011|T1036.001|T1036.005|T1049|T1053.003|T1053.005|T1055|T1055.012|T1056.001|T1057|T1059.001|T1059.003|T1059.004|T1059.005|T1071.001|T1074.001|T1082|T1083|T1090|T1095|T1102|T1105|T1106|T1112|T1113|T1119|T1204.001|T1204.002|T1543.001|T1547.001|T1547.013|T1547.015|T1555|T1555.003|T1560|T1560.003|T1564.001|T1566.001|T1566.002|T1573|T1573.001
S0668,TinyTurla,"[TinyTurla](https://attack.mitre.org/software/S0668) is a backdoor that has been used by [Turla](https://attack.mitre.org/groups/G0010) against targets in the US, Germany, and Afghanistan since at least 2020.(Citation: Talos TinyTurla September 2021)",TinyTurla,T1005|T1008|T1012|T1027.011|T1029|T1036.004|T1036.005|T1059.003|T1071.001|T1105|T1106|T1112|T1569.002|T1573.002
S1032,PyDCrypt,"[PyDCrypt](https://attack.mitre.org/software/S1032) is malware written in Python designed to deliver [DCSrv](https://attack.mitre.org/software/S1033). It has been used by [Moses Staff](https://attack.mitre.org/groups/G1009) since at least September 2021, with each sample tailored for its intended victim organization.(Citation: Checkpoint MosesStaff Nov 2021)",PyDCrypt,T1027.013|T1033|T1036.005|T1047|T1049|T1059.001|T1059.003|T1059.006|T1070.004|T1140|T1686
S1203,J-magic,"[J-magic](https://attack.mitre.org/software/S1203) is a custom variant of the [cd00r](https://attack.mitre.org/software/S1204) backdoor tailored to target Juniper routers that was first observed during the [J-magic Campaign](https://attack.mitre.org/campaigns/C0050) in mid-2023. [J-magic](https://attack.mitre.org/software/S1203) monitors TCP traffic for five predefined parameters or ""magic packets"" to be sent by the attackers before activating on compromised devices.(Citation: Lumen J-Magic JAN ",J-magic,T1016|T1036.005|T1040|T1059.004|T1070.003|T1095|T1205|T1573.002
S1173,PowerExchange,[PowerExchange](https://attack.mitre.org/software/S1173) is a PowerShell backdoor that has been used by [OilRig](https://attack.mitre.org/groups/G0049) since at least 2023 including against government targets in the Middle East.(Citation: Symantec Crambus OCT 2023),PowerExchange,T1041|T1059.001|T1071.003|T1105|T1140
S1226,BOOKWORM,"[BOOKWORM](https://attack.mitre.org/software/S1226) is a modular trojan known to be leveraged by [Mustang Panda](https://attack.mitre.org/groups/G0129) and was first observed utilized in 2015.  [BOOKWORM](https://attack.mitre.org/software/S1226) was later updated in late 2021 and the fall of 2022 to launch shellcode represented as UUID parameters. (Citation: Broadcom)(Citation: Unit42 Bookworm Nov2015)(Citation: Palo Alto Networks, Unit 42)",BOOKWORM,T1001.003|T1027|T1027.013|T1033|T1036.004|T1056.001|T1070.006|T1071.001|T1106|T1112|T1115|T1140|T1543.003|T1553.002|T1564.003|T1573.001|T1574.001
S0537,HyperStack,[HyperStack](https://attack.mitre.org/software/S0537) is a RPC-based backdoor used by [Turla](https://attack.mitre.org/groups/G0010) since at least 2018. [HyperStack](https://attack.mitre.org/software/S0537) has similarities to other backdoors used by [Turla](https://attack.mitre.org/groups/G0010) including [Carbon](https://attack.mitre.org/software/S0335).(Citation: Accenture HyperStack October 2020),HyperStack,T1078.001|T1087.001|T1106|T1112|T1559|T1573.001
S0278,iKitten,[iKitten](https://attack.mitre.org/software/S0278) is a macOS exfiltration agent  (Citation: objsee mac malware 2017).,iKitten|OSX/MacDownloader,T1016|T1037.004|T1056.002|T1057|T1555.001|T1560.001|T1564.001
S0037,HAMMERTOSS,[HAMMERTOSS](https://attack.mitre.org/software/S0037) is a backdoor that was used by [APT29](https://attack.mitre.org/groups/G0016) in 2015. (Citation: FireEye APT29) (Citation: F-Secure The Dukes),HAMMERTOSS|HammerDuke|NetDuke,T1001.002|T1059.001|T1071.001|T1102.003|T1564.003|T1567.002|T1573.001
S0138,OLDBAIT,[OLDBAIT](https://attack.mitre.org/software/S0138) is a credential harvester used by [APT28](https://attack.mitre.org/groups/G0007). (Citation: FireEye APT28) (Citation: FireEye APT28 January 2017),OLDBAIT|Sasfis,T1027|T1036.005|T1071.001|T1071.003|T1555|T1555.003
S0606,Bad Rabbit,[Bad Rabbit](https://attack.mitre.org/software/S0606) is a self-propagating ransomware that affected the Ukrainian transportation sector in 2017. [Bad Rabbit](https://attack.mitre.org/software/S0606) has also targeted organizations and consumers in Russia. (Citation: Secure List Bad Rabbit)(Citation: ESET Bad Rabbit)(Citation: Dragos Apr 2019),Bad Rabbit|Win32/Diskcoder.D,T1003.001|T1036.005|T1053.005|T1057|T1106|T1110.003|T1135|T1189|T1204.002|T1210|T1218.011|T1486|T1495|T1548.002|T1569.002
S0050,CosmicDuke,[CosmicDuke](https://attack.mitre.org/software/S0050) is malware that was used by [APT29](https://attack.mitre.org/groups/G0016) from 2010 to 2015. (Citation: F-Secure The Dukes),CosmicDuke|TinyBaron|BotgenStudios|NemesisGemina,T1003.002|T1003.004|T1005|T1020|T1025|T1039|T1048.003|T1053.005|T1056.001|T1068|T1071.001|T1083|T1113|T1114.001|T1115|T1543.003|T1555|T1555.003|T1573.001
S0152,EvilGrab,[EvilGrab](https://attack.mitre.org/software/S0152) is a malware family with common reconnaissance capabilities. It has been deployed by [menuPass](https://attack.mitre.org/groups/G0045) via malicious Microsoft Office documents as part of spearphishing campaigns. (Citation: PWC Cloud Hopper Technical Annex April 2017),EvilGrab,T1056.001|T1113|T1123|T1125|T1547.001
S0634,EnvyScout,[EnvyScout](https://attack.mitre.org/software/S0634) is a dropper that has been used by [APT29](https://attack.mitre.org/groups/G0016) since at least 2021.(Citation: MSTIC Nobelium Toolset May 2021),EnvyScout,T1005|T1027.006|T1027.013|T1036|T1059.003|T1059.007|T1082|T1140|T1187|T1204.002|T1218.011|T1480|T1564.001|T1566.001
S9022,MirrorStealer,"[MirrorStealer](https://attack.mitre.org/software/S9022) is a credential stealer that has been used by [MirrorFace](https://attack.mitre.org/groups/G1054) since at least 2022 to steal credentials from various applications, including browsers and email clients. [MirrorStealer](https://attack.mitre.org/software/S9022) has been delivered directly into system memory via commands issued by [LODEINFO](https://attack.mitre.org/software/S9020).(Citation: ESET MirrorFace DEC 2022)",MirrorStealer,T1074.001|T1552.006|T1555|T1555.003
S0058,SslMM,[SslMM](https://attack.mitre.org/software/S0058) is a full-featured backdoor used by [Naikon](https://attack.mitre.org/groups/G0019) that has multiple variants. (Citation: Baumgartner Naikon 2015),SslMM,T1008|T1033|T1036.005|T1056.001|T1082|T1134|T1547.001|T1547.009|T1685
S1238,STATICPLUGIN,[STATICPLUGIN](https://attack.mitre.org/software/S1238) is a downloader known to be leveraged by [Mustang Panda](https://attack.mitre.org/groups/G0129) and was first observed utilized in 2025.  [STATICPLUGIN](https://attack.mitre.org/software/S1238) has utilized a valid certificate in order to bypass endpoint security protections.  [STATICPLUGIN](https://attack.mitre.org/software/S1238) masqueraded as legitimate software installer by using a custom TForm.  [STATICPLUGIN](https://attack.mitre.org,STATICPLUGIN,T1036.005|T1036.008|T1204.002|T1553.002|T1559.001
S1152,IMAPLoader,[IMAPLoader](https://attack.mitre.org/software/S1152) is a .NET-based loader malware exclusively associated with [CURIUM](https://attack.mitre.org/groups/G1012) operations since at least 2022. [IMAPLoader](https://attack.mitre.org/software/S1152) leverages email protocols for command and control and payload delivery.(Citation: PWC Yellow Liderc 2023),IMAPLoader,T1047|T1053.005|T1071.003|T1082|T1105|T1106|T1543|T1564.003|T1574.014
S0342,GreyEnergy,[GreyEnergy](https://attack.mitre.org/software/S0342) is a backdoor written in C and compiled in Visual Studio. [GreyEnergy](https://attack.mitre.org/software/S0342) shares similarities with the [BlackEnergy](https://attack.mitre.org/software/S0089) malware and is thought to be the successor of it.(Citation: ESET GreyEnergy Oct 2018),GreyEnergy,T1003.001|T1007|T1027.002|T1027.013|T1055.002|T1056.001|T1059.003|T1070.004|T1071.001|T1090.003|T1105|T1112|T1218.011|T1543.003|T1553.002|T1573.001|T1573.002
S0209,Darkmoon,,Darkmoon,
S1198,Gomir,"Gomir is a Linux backdoor variant of the Go-based malware [GoBear](https://attack.mitre.org/software/S1197), uniquely assoicated with [Kimsuky](https://attack.mitre.org/groups/G0094) operations.(Citation: Symantec Troll Stealer 2024)",Gomir,T1016|T1018|T1053.003|T1059.004|T1069.001|T1070.004|T1071.001|T1082|T1083|T1090.001|T1132.001|T1543.002|T1573|T1573.002
S0456,Aria-body,[Aria-body](https://attack.mitre.org/software/S0456) is a custom backdoor that has been used by [Naikon](https://attack.mitre.org/groups/G0019) since approximately 2017.(Citation: CheckPoint Naikon May 2020),Aria-body,T1010|T1016|T1025|T1027.013|T1033|T1049|T1055.001|T1057|T1070.004|T1071.001|T1082|T1083|T1090|T1095|T1105|T1106|T1113|T1134.001|T1134.002|T1140|T1547.001|T1560|T1568.002|T1680
S0367,Emotet,"[Emotet](https://attack.mitre.org/software/S0367) is a modular malware variant which is primarily used as a downloader for other malware variants such as [TrickBot](https://attack.mitre.org/software/S0266) and [IcedID](https://attack.mitre.org/software/S0483). Emotet first emerged in June 2014, initially targeting the financial sector, and has expanded to multiple verticals over time.(Citation: Trend Micro Banking Malware Jan 2019)",Emotet|Geodo,T1003.001|T1016.002|T1021.002|T1027.001|T1027.002|T1027.009|T1027.010|T1027.013|T1033|T1036.004|T1040|T1041|T1047|T1053.005|T1055.001|T1055.012|T1057|T1059.001|T1059.003|T1059.005|T1071.001|T1078.003|T1087.003|T1105|T1106|T1110.001|T1114|T1114.001|T1132.001|T1134.001|T1135|T1140|T1204.001|T1204.002|T1210|T1218.010|T1543.003|T1547.001|T1552.001|T1555.003|T1566.001|T1566.002|T1570|T1571|T1573|T1573.001|T1620
S0159,SNUGRIDE,[SNUGRIDE](https://attack.mitre.org/software/S0159) is a backdoor that has been used by [menuPass](https://attack.mitre.org/groups/G0045) as first stage malware. (Citation: FireEye APT10 April 2017),SNUGRIDE,T1059.003|T1071.001|T1547.001|T1573.001
S0365,Olympic Destroyer,"[Olympic Destroyer](https://attack.mitre.org/software/S0365) is malware that was used by [Sandworm Team](https://attack.mitre.org/groups/G0034) against the 2018 Winter Olympics, held in Pyeongchang, South Korea. The main purpose of the malware was to render infected computer systems inoperable. The malware leverages various native Windows utilities and API calls to carry out its destructive tasks. [Olympic Destroyer](https://attack.mitre.org/software/S0365) has worm-like features to spread itsel",Olympic Destroyer,T1003.001|T1016|T1018|T1021.002|T1047|T1135|T1485|T1489|T1490|T1529|T1555.003|T1569.002|T1570|T1685.005
S1184,BOLDMOVE,"[BOLDMOVE](https://attack.mitre.org/software/S1184) is a type of backdoor malware written in C linked to People’s Republic of China operations from 2022 through 2023. [BOLDMOVE](https://attack.mitre.org/software/S1184) includes both Windows and Linux variants, with some Linux variants specifically designed for FortiGate Firewall devices. [BOLDMOVE](https://attack.mitre.org/software/S1184) is linked to zero-day exploitation of CVE-2022-42475 in FortiOSS SSL-VPNs.(Citation: Google Cloud BOLDMOVE 2",BOLDMOVE,T1016|T1059.004|T1070.004|T1071.001|T1082|T1083|T1090.003|T1190|T1480|T1543|T1554|T1564.011|T1573.002|T1685
S0115,Crimson,[Crimson](https://attack.mitre.org/software/S0115) is a remote access Trojan that has been used by [Transparent Tribe](https://attack.mitre.org/groups/G0134) since at least 2016.(Citation: Proofpoint Operation Transparent Tribe March 2016)(Citation: Kaspersky Transparent Tribe August 2020),Crimson|MSIL/Crimson,T1005|T1012|T1016|T1025|T1033|T1041|T1056.001|T1057|T1059.003|T1070.004|T1071.001|T1082|T1083|T1091|T1095|T1105|T1112|T1113|T1114.001|T1120|T1123|T1124|T1125|T1140|T1497.003|T1518.001|T1547.001|T1555.003|T1614|T1680
S0671,Tomiris,[Tomiris](https://attack.mitre.org/software/S0671) is a backdoor written in Go that continuously queries its C2 server for executables to download and execute on a victim system. It was first reported in September 2021 during an investigation of a successful DNS hijacking campaign against a Commonwealth of Independent States (CIS) member. Security researchers assess there are similarities between [Tomiris](https://attack.mitre.org/software/S0671) and [GoldMax](https://attack.mitre.org/software/S,Tomiris,T1005|T1027.002|T1041|T1053.005|T1071.001|T1105|T1497.003|T1568
S0560,TEARDROP,[TEARDROP](https://attack.mitre.org/software/S0560) is a memory-only dropper that was discovered on some victim machines during investigations related to the [SolarWinds Compromise](https://attack.mitre.org/campaigns/C0024). It was likely used by [APT29](https://attack.mitre.org/groups/G0016) since at least May 2020.(Citation: FireEye SUNBURST Backdoor December 2020)(Citation: Microsoft Deep Dive Solorigate January 2021),TEARDROP,T1012|T1027|T1036.005|T1112|T1140|T1543.003
S1159,DUSTTRAP,[DUSTTRAP](https://attack.mitre.org/software/S1159) is a multi-stage plugin framework associated with [APT41](https://attack.mitre.org/groups/G0096) operations with multiple components.(Citation: Google Cloud APT41 2024),DUSTTRAP,T1005|T1010|T1012|T1016|T1018|T1027.009|T1027.013|T1041|T1055|T1056.001|T1057|T1059.003|T1070|T1070.005|T1082|T1083|T1087.001|T1087.002|T1105|T1113|T1124|T1135|T1140|T1482|T1497.001|T1518.001|T1615|T1654|T1685.005
S9038,DynoWiper,[DynoWiper](https://attack.mitre.org/software/S9038) is a destructive malware associated with the [2025 Poland Wiper Attacks](https://attack.mitre.org/campaigns/C0063) in December of 2025. [DynoWiper](https://attack.mitre.org/software/S9038) is a native Windows binary that is distributed by a PowerShell script and overwrites files using data generated by the Mersenne Twister algorithm before they are deleted from the system. Multiple variants of [DynoWiper](https://attack.mitre.org/software/S903,DynoWiper,T1036|T1083|T1106|T1120|T1485|T1529|T1678|T1679|T1680
S0647,Turian,"[Turian](https://attack.mitre.org/software/S0647) is a backdoor that has been used by [BackdoorDiplomacy](https://attack.mitre.org/groups/G0135) to target Ministries of Foreign Affairs, telecommunication companies, and charities in Africa, Europe, the Middle East, and Asia. First reported in 2021, [Turian](https://attack.mitre.org/software/S0647) is likely related to Quarian, an older backdoor that was last observed being used in 2013 against diplomatic targets in Syria and the United States.(Ci",Turian,T1001.001|T1016|T1027|T1033|T1036.004|T1059.003|T1059.004|T1059.006|T1071.001|T1074.001|T1082|T1083|T1105|T1113|T1120|T1140|T1547.001|T1560.001
S1223,THINCRUST,[THINCRUST](https://attack.mitre.org/software/S1223) is a Python-based backdoor tool that has been used by [UNC3886](https://attack.mitre.org/groups/G1048) since at least 2023.(Citation: Mandiant Fortinet Zero Day),THINCRUST,T1059.006|T1071.001|T1140|T1573.001|T1686
S1081,BADHATCH,"[BADHATCH](https://attack.mitre.org/software/S1081) is a backdoor that has been utilized by [FIN8](https://attack.mitre.org/groups/G0061) since at least 2019. [BADHATCH](https://attack.mitre.org/software/S1081) has been used to target the insurance, retail, technology, and chemical industries in the United States, Canada, South Africa, Panama, and Italy.(Citation: Gigamon BADHATCH Jul 2019)(Citation: BitDefender BADHATCH Mar 2021)",BADHATCH,T1018|T1027.009|T1027.010|T1027.015|T1033|T1041|T1046|T1047|T1049|T1053.005|T1055|T1055.001|T1055.004|T1057|T1059.001|T1059.003|T1069.002|T1070.004|T1071.001|T1071.002|T1082|T1090|T1102|T1105|T1106|T1113|T1124|T1134.001|T1135|T1482|T1546.003|T1548.002|T1550.002|T1573.002|T1620
S0409,Machete,[Machete](https://attack.mitre.org/software/S0409) is a cyber espionage toolset used by [Machete](https://attack.mitre.org/groups/G0095). It is a Python-based backdoor targeting Windows machines that was first observed in 2010.(Citation: ESET Machete July 2019)(Citation: Securelist Machete Aug 2014)(Citation: 360 Machete Sep 2020),Machete|Pyark,T1005|T1008|T1010|T1016|T1016.002|T1020|T1025|T1027.002|T1027.010|T1029|T1036.004|T1036.005|T1041|T1052.001|T1053.005|T1056.001|T1057|T1059.006|T1070.004|T1071.001|T1071.002|T1074.001|T1082|T1083|T1105|T1113|T1115|T1120|T1123|T1125|T1132.001|T1140|T1217|T1547.001|T1552.004|T1555.003|T1560|T1560.003|T1564.001|T1573.001|T1573.002
S1012,PowerLess,[PowerLess](https://attack.mitre.org/software/S1012) is a PowerShell-based modular backdoor that has been used by [Magic Hound](https://attack.mitre.org/groups/G0059) since at least 2022.(Citation: Cybereason PowerLess February 2022),PowerLess,T1005|T1056.001|T1059.001|T1074.001|T1105|T1140|T1217|T1560|T1573
S1028,Action RAT,[Action RAT](https://attack.mitre.org/software/S1028) is a  remote access tool written in Delphi that has been used by [SideCopy](https://attack.mitre.org/groups/G1008) since at least December 2021 against Indian and Afghani government personnel.(Citation: MalwareBytes SideCopy Dec 2021),Action RAT,T1005|T1016|T1027|T1033|T1047|T1059.003|T1071.001|T1082|T1083|T1105|T1140|T1518.001
S0473,Avenger,[Avenger](https://attack.mitre.org/software/S0473) is a downloader that has been used by [BRONZE BUTLER](https://attack.mitre.org/groups/G0060) since at least 2019.(Citation: Trend Micro Tick November 2019),Avenger,T1016|T1027.003|T1027.013|T1055|T1057|T1071.001|T1082|T1083|T1105|T1140|T1518.001|T1680
S1158,DUSTPAN,[DUSTPAN](https://attack.mitre.org/software/S1158) is an in-memory dropper written in C/C++ used by [APT41](https://attack.mitre.org/groups/G0096) since 2021 that decrypts and executes an embedded payload.(Citation: Google Cloud APT41 2024)(Citation: Google Cloud APT41 2022),DUSTPAN,T1027.009|T1027.013|T1036.005|T1055.002|T1140|T1543.003
S0113,Prikormka,[Prikormka](https://attack.mitre.org/software/S0113) is a malware family used in a campaign known as Operation Groundbait. It has predominantly been observed in Ukraine and was used as early as 2008. (Citation: ESET Operation Groundbait),Prikormka,T1016|T1025|T1027.013|T1033|T1056.001|T1070.004|T1074.001|T1082|T1083|T1113|T1120|T1132.001|T1218.011|T1518.001|T1547.001|T1555|T1555.003|T1560|T1573.001|T1574.001
S1228,PUBLOAD,"[PUBLOAD](https://attack.mitre.org/software/S1228) is a stager malware that has been observed installing itself in existing directories such as `C:\Users\Public` or creating new directories to stage the malware and its components.(Citation: 2022 November_TrendMicro_Earth Preta_Toneshell_Pubload)  [PUBLOAD](https://attack.mitre.org/software/S1228) malware collects details of the victim host, establishes persistence, encrypts victim details using RC4 and communicates victim details back to C2.  [P",PUBLOAD,T1001.003|T1007|T1012|T1016|T1016.001|T1016.002|T1027|T1027.015|T1033|T1036.005|T1047|T1048.003|T1049|T1053.005|T1057|T1059.003|T1071.001|T1071.002|T1082|T1105|T1106|T1124|T1140|T1205|T1480.001|T1518|T1518.001|T1547.001|T1553.002|T1560.001|T1573.001|T1574.001|T1614.001|T1622|T1680
S9001,SystemBC,"[SystemBC](https://attack.mitre.org/software/S9001) is a malware family offered as a malware-as-a-service (MaaS) that is used to establish command and control and facilitate follow-on activity, including ransomware deployment.[SystemBC](https://attack.mitre.org/software/S9001) executes a variety of tasks including setting up SOCKS5 proxies, maintaining persistence, ingesting malicious files, and handing C2 communication. [SystemBC](https://attack.mitre.org/software/S9001) was first detected in 2",SystemBC|Coroxy,T1001|T1053.005|T1057|T1059.001|T1059.003|T1059.005|T1071.004|T1082|T1087.001|T1090.003|T1095|T1105|T1106|T1124|T1140|T1480|T1564.003|T1571|T1573.001|T1620|T1678
S1138,Gootloader,"[Gootloader](https://attack.mitre.org/software/S1138) is a Javascript-based infection framework that has been used since at least 2020 as a delivery method for the Gootkit banking trojan, [Cobalt Strike](https://attack.mitre.org/software/S0154), [REvil](https://attack.mitre.org/software/S0496), and others. [Gootloader](https://attack.mitre.org/software/S1138) operates on an ""Initial Access as a Service"" model and has leveraged [SEO Poisoning](https://attack.mitre.org/techniques/T1608/006) to pro",Gootloader,T1016|T1027|T1055.002|T1055.012|T1059.001|T1059.007|T1069.002|T1082|T1105|T1132.001|T1140|T1204.001|T1497.003|T1547.001|T1584.001|T1584.006|T1614|T1614.001
S1031,PingPull,"[PingPull](https://attack.mitre.org/software/S1031) is a remote access Trojan (RAT) written in Visual C++ that has been used by [GALLIUM](https://attack.mitre.org/groups/G0093) since at least June 2022. [PingPull](https://attack.mitre.org/software/S1031) has been used to target telecommunications companies, financial institutions, and government entities in Afghanistan, Australia, Belgium, Cambodia, Malaysia, Mozambique, the Philippines, Russia, and Vietnam.(Citation: Unit 42 PingPull Jun 2022)",PingPull,T1005|T1016|T1036.004|T1041|T1059.003|T1070.006|T1071.001|T1082|T1083|T1095|T1132.001|T1140|T1543.003|T1571|T1573.001
S0514,WellMess,[WellMess](https://attack.mitre.org/software/S0514) is lightweight malware family with variants written in .NET and Golang that has been in use since at least 2018 by [APT29](https://attack.mitre.org/groups/G0016).(Citation: CISA WellMess July 2020)(Citation: PWC WellMess July 2020)(Citation: NCSC APT29 July 2020),WellMess,T1001.001|T1005|T1016|T1033|T1059.001|T1059.003|T1069.002|T1071.001|T1071.004|T1082|T1105|T1132.001|T1140|T1573.001|T1573.002
S0497,Dacls,[Dacls](https://attack.mitre.org/software/S0497) is a multi-platform remote access tool used by [Lazarus Group](https://attack.mitre.org/groups/G0032) since at least December 2019.(Citation: TrendMicro macOS Dacls May 2020)(Citation: SentinelOne Lazarus macOS July 2020),Dacls,T1027.013|T1036|T1057|T1071.001|T1083|T1105|T1543.001|T1543.004|T1564.001
S0547,DropBook,[DropBook](https://attack.mitre.org/software/S0547) is a Python-based backdoor compiled with PyInstaller.(Citation: Cybereason Molerats Dec 2020),DropBook,T1059.003|T1059.006|T1082|T1083|T1102|T1105|T1140|T1567|T1614.001
S1065,Woody RAT, [Woody RAT](https://attack.mitre.org/software/S1065) is a remote access trojan (RAT) that has been used since at least August 2021 against Russian organizations.(Citation: MalwareBytes WoodyRAT Aug 2022),Woody RAT,T1005|T1012|T1016|T1016.001|T1027.013|T1033|T1041|T1055|T1055.012|T1057|T1059.001|T1059.003|T1070.004|T1071.001|T1082|T1083|T1087|T1105|T1106|T1113|T1140|T1203|T1204.002|T1518|T1518.001|T1566.001|T1573.001|T1573.002|T1680|T1685
S1060,Mafalda,[Mafalda](https://attack.mitre.org/software/S1060) is a flexible interactive implant that has been used by [Metador](https://attack.mitre.org/groups/G1013). Security researchers assess the [Mafalda](https://attack.mitre.org/software/S1060) name may be inspired by an Argentinian cartoon character that has been popular as a means of political commentary since the 1960s. (Citation: SentinelLabs Metador Sept 2022),Mafalda,T1003.001|T1005|T1012|T1016|T1027.013|T1033|T1041|T1049|T1056|T1057|T1059.001|T1059.003|T1071.001|T1074.001|T1082|T1083|T1090.001|T1095|T1105|T1106|T1112|T1113|T1132.001|T1133|T1134|T1134.003|T1140|T1205.001|T1217|T1518.001|T1552.004|T1569.002|T1573.001|T1622|T1680|T1685.005
S0215,KARAE,[KARAE](https://attack.mitre.org/software/S0215) is a backdoor typically used by [APT37](https://attack.mitre.org/groups/G0067) as first-stage malware. (Citation: FireEye APT37 Feb 2018),KARAE,T1082|T1102.002|T1105|T1189
S1030,Squirrelwaffle,[Squirrelwaffle](https://attack.mitre.org/software/S1030) is a loader that was first seen in September 2021. It has been used in spam email campaigns to deliver additional malware such as [Cobalt Strike](https://attack.mitre.org/software/S0154) and the [QakBot](https://attack.mitre.org/software/S0650) banking trojan.(Citation: ZScaler Squirrelwaffle Sep 2021)(Citation: Netskope Squirrelwaffle Oct 2021),Squirrelwaffle,T1016|T1027.002|T1027.013|T1033|T1041|T1059.001|T1059.003|T1059.005|T1071.001|T1082|T1105|T1132.001|T1140|T1204.001|T1204.002|T1218.010|T1218.011|T1497|T1560.003|T1566.001|T1566.002
S0064,ELMER,"[ELMER](https://attack.mitre.org/software/S0064) is a non-persistent, proxy-aware HTTP backdoor written in Delphi that has been used by [APT16](https://attack.mitre.org/groups/G0023). (Citation: FireEye EPS Awakens Part 2)",ELMER,T1057|T1071.001|T1083
S1237,CANONSTAGER,[CANONSTAGER](https://attack.mitre.org/software/S1237) is a loader known to be leveraged by [Mustang Panda](https://attack.mitre.org/groups/G0129) and was first observed utilized in 2025.  [Mustang Panda](https://attack.mitre.org/groups/G0129) utilizes DLL side-loading to execute within the victim environment prior to delivering a follow-on malicious encrypted payload.  [CANONSTAGER](https://attack.mitre.org/software/S1237) leverages Thread Local Storage (TLS) and Native Windows APIs within the ,CANONSTAGER,T1027.007|T1036.005|T1055.005|T1106|T1564.003|T1574.001
S0518,PolyglotDuke,[PolyglotDuke](https://attack.mitre.org/software/S0518) is a downloader that has been used by [APT29](https://attack.mitre.org/groups/G0016) since at least 2013. [PolyglotDuke](https://attack.mitre.org/software/S0518) has been used to drop [MiniDuke](https://attack.mitre.org/software/S0051).(Citation: ESET Dukes October 2019),PolyglotDuke,T1027|T1027.003|T1027.011|T1071.001|T1102.001|T1105|T1106|T1112|T1140|T1218.011
S1249,HexEval Loader,"[HexEval Loader](https://attack.mitre.org/software/S1249) is a hex-encoded loader that collects host data, decodes follow-on scripts and acts as a downloader for the [BeaverTail](https://attack.mitre.org/software/S1246) malware.  [HexEval Loader](https://attack.mitre.org/software/S1249) was first reported in April 2025.  [HexEval Loader](https://attack.mitre.org/software/S1249) has previously been leveraged by North Korea-affiliated threat actors identified as [Contagious Interview](https://atta",HexEval Loader,T1016|T1027.013|T1033|T1036.005|T1041|T1056.001|T1059.007|T1071.001|T1082|T1105|T1140|T1614
S0221,Umbreon,A Linux rootkit that provides backdoor access and hides from defenders.,Umbreon,T1014|T1059.003|T1078.003|T1095|T1205
S1029,AuTo Stealer,[AuTo Stealer](https://attack.mitre.org/software/S1029) is malware written in C++ has been used by [SideCopy](https://attack.mitre.org/groups/G1008) since at least December 2021 to target government agencies and personnel in India and Afghanistan.(Citation: MalwareBytes SideCopy Dec 2021),AuTo Stealer,T1005|T1033|T1041|T1059.003|T1071.001|T1074.001|T1082|T1095|T1518.001|T1547.001
S1178,ShrinkLocker,"[ShrinkLocker](https://attack.mitre.org/software/S1178) is a VBS-based malicious script that leverages the legitimate Bitlocker application to encrypt files on victim systems for ransom. [ShrinkLocker](https://attack.mitre.org/software/S1178) functions by using Bitlocker to encrypt files, then renames impacted drives to the adversary’s contact email address to facilitate communication for the ransom payment.(Citation: Kaspersky ShrinkLocker 2024)(Citation: Splunk ShrinkLocker 2024)",ShrinkLocker,T1016|T1041|T1047|T1057|T1059.001|T1059.005|T1070.004|T1071.001|T1082|T1102|T1112|T1124|T1480|T1485|T1486|T1491.001|T1529|T1561.002|T1685|T1685.005|T1686
S0601,Hildegard,[Hildegard](https://attack.mitre.org/software/S0601) is malware that targets misconfigured kubelets for initial access and runs cryptocurrency miner operations. The malware was first observed in January 2021. The TeamTNT activity group is believed to be behind [Hildegard](https://attack.mitre.org/software/S0601). (Citation: Unit 42 Hildegard Malware),Hildegard,T1014|T1027.002|T1027.013|T1036.004|T1046|T1059.004|T1068|T1070.003|T1070.004|T1071|T1082|T1102|T1105|T1133|T1136.001|T1140|T1219|T1496.001|T1543.002|T1552.001|T1552.004|T1552.005|T1574.006|T1609|T1611|T1613|T1685
S0092,Agent.btz,[Agent.btz](https://attack.mitre.org/software/S0092) is a worm that primarily spreads itself via removable devices such as USB drives. It reportedly infected U.S. military networks in 2008. (Citation: Securelist Agent.btz),Agent.btz,T1016|T1033|T1052.001|T1091|T1105|T1560.003
S0218,SLOWDRIFT,[SLOWDRIFT](https://attack.mitre.org/software/S0218) is a backdoor used by [APT37](https://attack.mitre.org/groups/G0067) against academic and strategic victims in South Korea. (Citation: FireEye APT37 Feb 2018),SLOWDRIFT,T1082|T1102.002|T1105
S0217,SHUTTERSPEED,[SHUTTERSPEED](https://attack.mitre.org/software/S0217) is a backdoor used by [APT37](https://attack.mitre.org/groups/G0067). (Citation: FireEye APT37 Feb 2018),SHUTTERSPEED,T1082|T1105|T1113
S0615,SombRAT,"[SombRAT](https://attack.mitre.org/software/S0615) is a modular backdoor written in C++ that has been used since at least 2019 to download and execute malicious payloads, including [FIVEHANDS](https://attack.mitre.org/software/S0618) ransomware.(Citation: BlackBerry CostaRicto November 2020)(Citation: FireEye FiveHands April 2021)(Citation: CISA AR21-126A FIVEHANDS May 2021)",SombRAT,T1005|T1007|T1027|T1033|T1036|T1041|T1055.001|T1057|T1070.004|T1071.004|T1074.001|T1082|T1083|T1090|T1095|T1105|T1106|T1124|T1140|T1560.003|T1564.010|T1568.002|T1573.001|T1573.002
S1170,ODAgent,[ODAgent](https://attack.mitre.org/software/S1170) is a C#/.NET downloader that has been used by [OilRig](https://attack.mitre.org/groups/G0049) since at least 2022 including against target organizations in Israel to download and execute payloads and to exfiltrate staged files.(Citation: ESET OilRig Downloaders DEC 2023),ODAgent,T1041|T1059.003|T1070.004|T1083|T1102.002|T1105|T1106|T1140|T1567.002
S1181,BlackByte 2.0 Ransomware,"[BlackByte 2.0 Ransomware](https://attack.mitre.org/software/S1181) is a replacement for [BlackByte Ransomware](https://attack.mitre.org/software/S1180). Unlike [BlackByte Ransomware](https://attack.mitre.org/software/S1180), [BlackByte 2.0 Ransomware](https://attack.mitre.org/software/S1181) does not have a common key for victim decryption. [BlackByte 2.0 Ransomware](https://attack.mitre.org/software/S1181) remains uniquely associated with [BlackByte](https://attack.mitre.org/groups/G1043) oper",BlackByte 2.0 Ransomware,T1055|T1068|T1070.004|T1070.006|T1112|T1135|T1486|T1489|T1490|T1569.002|T1686.003
S0383,FlawedGrace,[FlawedGrace](https://attack.mitre.org/software/S0383) is a fully featured remote access tool (RAT) written in C++ that was first observed in late 2017.(Citation: Proofpoint TA505 Jan 2019),FlawedGrace,T1027.013
S0036,FLASHFLOOD,[FLASHFLOOD](https://attack.mitre.org/software/S0036) is malware developed by [APT30](https://attack.mitre.org/groups/G0013) that allows propagation and exfiltration of data over removable devices. [APT30](https://attack.mitre.org/groups/G0013) may use this capability to exfiltrate data across air-gaps. (Citation: FireEye APT30),FLASHFLOOD,T1005|T1025|T1074.001|T1083|T1547.001|T1560.003
S0381,FlawedAmmyy,"[FlawedAmmyy](https://attack.mitre.org/software/S0381) is a remote access tool (RAT) that was first seen in early 2016. The code for [FlawedAmmyy](https://attack.mitre.org/software/S0381) was based on leaked source code for a version of Ammyy Admin, a remote access software.(Citation: Proofpoint TA505 Mar 2018)",FlawedAmmyy,T1001|T1005|T1033|T1041|T1047|T1056|T1056.001|T1059.001|T1059.003|T1069.001|T1070.004|T1071.001|T1082|T1105|T1113|T1115|T1120|T1218.007|T1218.011|T1518.001|T1547.001|T1573.001
S1086,Snip3,"[Snip3](https://attack.mitre.org/software/S1086) is a sophisticated crypter-as-a-service that has been used since at least 2021 to obfuscate and load numerous strains of malware including [AsyncRAT](https://attack.mitre.org/software/S1087), [Revenge RAT](https://attack.mitre.org/software/S0379), [Agent Tesla](https://attack.mitre.org/software/S0331), and [NETWIRE](https://attack.mitre.org/software/S0198).(Citation: Morphisec Snip3 May 2021)(Citation: Telefonica Snip3 December 2021)",Snip3,T1027|T1027.001|T1047|T1055.012|T1059.001|T1059.005|T1082|T1102|T1104|T1105|T1140|T1189|T1204.001|T1204.002|T1497.001|T1497.003|T1547.001|T1564.003|T1566.001|T1566.002
S0628,FYAnti,"[FYAnti](https://attack.mitre.org/software/S0628) is a loader that has been used by [menuPass](https://attack.mitre.org/groups/G0045) since at least 2020, including to deploy [QuasarRAT](https://attack.mitre.org/software/S0262).(Citation: Securelist APT10 March 2021)",FYAnti|DILLJUICE stage2,T1027.002|T1083|T1105|T1140
S0433,Rifdoor,[Rifdoor](https://attack.mitre.org/software/S0433) is a remote access trojan (RAT) that shares numerous code similarities with [HotCroissant](https://attack.mitre.org/software/S0431).(Citation: Carbon Black HotCroissant April 2020),Rifdoor,T1016|T1027.001|T1027.013|T1033|T1082|T1204.002|T1547.001|T1566.001|T1573.001
S1049,SUGARUSH,"[SUGARUSH](https://attack.mitre.org/software/S1049) is a small custom backdoor that can establish a reverse shell over TCP to a hard coded C2 address. [SUGARUSH](https://attack.mitre.org/software/S1049) was first identified during analysis of UNC3890's [C0010](https://attack.mitre.org/campaigns/C0010) campaign targeting Israeli companies, which began in late 2020.(Citation: Mandiant UNC3890 Aug 2022)",SUGARUSH,T1016.001|T1059.003|T1095|T1543.003|T1571|T1680
S1101,LoFiSe,[LoFiSe](https://attack.mitre.org/software/S1101) has been used by [ToddyCat](https://attack.mitre.org/groups/G1022) since at least 2023 to identify and collect files of interest on targeted systems.(Citation: Kaspersky ToddyCat Check Logs October 2023),LoFiSe,T1005|T1074.001|T1083|T1119|T1560|T1574.001
S0376,HOPLIGHT,[HOPLIGHT](https://attack.mitre.org/software/S0376) is a backdoor Trojan that has reportedly been used by the North Korean government.(Citation: US-CERT HOPLIGHT Apr 2019),HOPLIGHT,T1003.002|T1008|T1012|T1041|T1047|T1055|T1059.003|T1082|T1083|T1090|T1105|T1112|T1124|T1132.001|T1546.003|T1550.002|T1569.002|T1571|T1652|T1680|T1686
S1153,Cuckoo Stealer,"[Cuckoo Stealer](https://attack.mitre.org/software/S1153) is a macOS malware with characteristics of spyware and an infostealer that has been in use since at least 2024. [Cuckoo Stealer](https://attack.mitre.org/software/S1153) is a universal Mach-O binary that can run on Intel or ARM-based Macs and has been spread through trojanized versions of various potentially unwanted programs or PUP's such as converters, cleaners, and uninstallers.(Citation: Kandji Cuckoo April 2024)(Citation: SentinelOne",Cuckoo Stealer,T1027.008|T1027.013|T1033|T1036.005|T1041|T1056.002|T1057|T1059.002|T1059.004|T1071.001|T1074.001|T1082|T1083|T1095|T1113|T1140|T1217|T1518|T1543.001|T1553.001|T1555.001|T1564.001|T1569.001|T1614|T1614.001|T1647
S0561,GuLoader,"[GuLoader](https://attack.mitre.org/software/S0561) is a file downloader that has been used since at least December 2019 to distribute a variety of remote administration tool (RAT) malware, including [NETWIRE](https://attack.mitre.org/software/S0198), [Agent Tesla](https://attack.mitre.org/software/S0331), [NanoCore](https://attack.mitre.org/software/S0336), FormBook, and Parallax RAT.(Citation: Unit 42 NETWIRE April 2020)(Citation: Medium Eli Salem GuLoader April 2021)",GuLoader,T1055|T1070.004|T1071.001|T1102|T1105|T1106|T1204.001|T1204.002|T1497.001|T1497.003|T1547.001|T1566.002
S0079,MobileOrder,[MobileOrder](https://attack.mitre.org/software/S0079) is a Trojan intended to compromise Android mobile devices. It has been used by [Scarlet Mimic](https://attack.mitre.org/groups/G0029). (Citation: Scarlet Mimic Jan 2016),MobileOrder,T1005|T1041|T1057|T1082|T1083|T1105|T1217
S0612,WastedLocker,"[WastedLocker](https://attack.mitre.org/software/S0612) is a ransomware family attributed to [Indrik Spider](https://attack.mitre.org/groups/G0119) that has been used since at least May 2020. [WastedLocker](https://attack.mitre.org/software/S0612) has been used against a broad variety of sectors, including manufacturing, information technology, and media.(Citation: Symantec WastedLocker June 2020)(Citation: NCC Group WastedLocker June 2020)(Citation: Sentinel Labs WastedLocker July 2020) ",WastedLocker,T1012|T1027.013|T1027.016|T1059.003|T1083|T1106|T1112|T1120|T1135|T1140|T1222.001|T1486|T1490|T1497.001|T1543.003|T1548.002|T1564.001|T1564.004|T1569.002|T1574.001
S0511,RegDuke,[RegDuke](https://attack.mitre.org/software/S0511) is a first stage implant written in .NET and used by [APT29](https://attack.mitre.org/groups/G0016) since at least 2017. [RegDuke](https://attack.mitre.org/software/S0511) has been used to control a compromised machine when control of other implants on the machine was lost.(Citation: ESET Dukes October 2019),RegDuke,T1027|T1027.003|T1027.011|T1059.001|T1102.002|T1105|T1112|T1140|T1546.003
S0654,ProLock,"[ProLock](https://attack.mitre.org/software/S0654) is a ransomware strain that has been used in Big Game Hunting (BGH) operations since at least 2020, often obtaining initial access with [QakBot](https://attack.mitre.org/software/S0650). [ProLock](https://attack.mitre.org/software/S0654) is the successor to PwndLocker ransomware which was found to contain a bug allowing decryption without ransom payment in 2019.(Citation: Group IB Ransomware September 2020)",ProLock,T1027.003|T1047|T1068|T1070.004|T1197|T1486|T1490
S1137,Moneybird,"[Moneybird](https://attack.mitre.org/software/S1137) is a ransomware variant written in C++ associated with [Agrius](https://attack.mitre.org/groups/G1030) operations. The name ""Moneybird"" is contained in the malware's ransom note and as strings in the executable.(Citation: CheckPoint Agrius 2023)",Moneybird,T1027.009|T1486
S0260,InvisiMole,[InvisiMole](https://attack.mitre.org/software/S0260) is a modular spyware program that has been used by the InvisiMole Group since at least 2013. [InvisiMole](https://attack.mitre.org/software/S0260) has two backdoor modules called RC2FM and RC2CL that are used to perform post-exploitation activities. It has been discovered on compromised victims in the Ukraine and Russia. [Gamaredon Group](https://attack.mitre.org/groups/G0047) infrastructure has been used to download and execute [InvisiMole](,InvisiMole,T1001.003|T1005|T1007|T1008|T1010|T1012|T1016|T1025|T1027|T1027.005|T1033|T1036.004|T1036.005|T1046|T1053.005|T1055|T1055.002|T1055.004|T1055.015|T1056.001|T1057|T1059.003|T1059.007|T1068|T1070.004|T1070.005|T1070.006|T1071.001|T1071.004|T1074.001|T1080|T1082|T1083|T1087.001|T1090.001|T1090.002|T1095|T1105|T1106|T1112|T1113|T1119|T1123|T1124|T1125|T1132.002|T1135|T1140|T1203|T1204.002|T1210|T1218.002|T1218.011|T1480.001|T1490|T1497.001|T1518|T1518.001|T1543.003|T1547.001|T1547.009|T1548.002|T1559.001|T1560.001|T1560.002|T1560.003|T1564.001|T1564.003|T1569.002|T1573.001|T1574.001|T1680|T1686
S1236,CLAIMLOADER,[CLAIMLOADER](https://attack.mitre.org/software/S1236) is a malware variant that frequently accompanies legitimate executables that are used for DLL side-loading known to be leveraged by [Mustang Panda](https://attack.mitre.org/groups/G0129) and was first observed utilized in 2021.(Citation: IBM MUSTANG PANDA PUBLOAD CLAIMLOADER JUNE 2025)(Citation: 2025_IBM_PUBLOAD_TONESHELL_HIUPAN_CLAIMLOADER_MUSTANG PANDA),CLAIMLOADER,T1027.007|T1036.005|T1053.005|T1106|T1140|T1204.002|T1480.002|T1547.001|T1559.001|T1564.001|T1574.001
S0598,P.A.S. Webshell,[P.A.S. Webshell](https://attack.mitre.org/software/S0598) is a publicly available multifunctional PHP webshell in use since at least 2016 that provides remote access and execution on target web servers.(Citation: ANSSI Sandworm January 2021),P.A.S. Webshell|Fobushell,T1005|T1027|T1046|T1059|T1070.004|T1071.001|T1083|T1087.001|T1105|T1110.001|T1140|T1213.006|T1222.002|T1505.003|T1518
S1084,QUIETEXIT,"[QUIETEXIT](https://attack.mitre.org/software/S1084) is a novel backdoor, based on the open-source Dropbear SSH client-server software, that has been used by [APT29](https://attack.mitre.org/groups/G0016) since at least 2021. [APT29](https://attack.mitre.org/groups/G0016) has deployed [QUIETEXIT](https://attack.mitre.org/software/S1084) on opaque network appliances that typically don't support antivirus or endpoint detection and response tools within a victim environment.(Citation: Mandiant APT2",QUIETEXIT,T1008|T1036.005|T1071|T1090.002|T1095
S0205,Naid,[Naid](https://attack.mitre.org/software/S0205) is a trojan used by [Elderwood](https://attack.mitre.org/groups/G0066) to open a backdoor on compromised hosts. (Citation: Symantec Elderwood Sept 2012) (Citation: Symantec Naid June 2012),Naid,T1016|T1082|T1112|T1543.003
S1133,Apostle,"[Apostle](https://attack.mitre.org/software/S1133) is malware that has functioned as both a wiper and, in more recent versions, as ransomware.  [Apostle](https://attack.mitre.org/software/S1133) is written in .NET and shares various programming and functional overlaps with [IPsec Helper](https://attack.mitre.org/software/S1132).(Citation: SentinelOne Agrius 2021)",Apostle,T1053.005|T1057|T1070.004|T1140|T1480|T1485|T1486|T1529|T1561.001|T1685.005
S0180,Volgmer,"[Volgmer](https://attack.mitre.org/software/S0180) is a backdoor Trojan designed to provide covert access to a compromised system. It has been used since at least 2013 to target the government, financial, automotive, and media industries. Its primary delivery mechanism is suspected to be spearphishing. (Citation: US-CERT Volgmer Nov 2017)",Volgmer,T1007|T1012|T1016|T1027.011|T1027.013|T1036.004|T1049|T1057|T1059.003|T1070.004|T1082|T1083|T1105|T1106|T1112|T1140|T1543.003|T1573.001|T1573.002
S0219,WINERACK,[WINERACK](https://attack.mitre.org/software/S0219) is a backdoor used by [APT37](https://attack.mitre.org/groups/G0067). (Citation: FireEye APT37 Feb 2018),WINERACK,T1007|T1010|T1033|T1057|T1059|T1082|T1083
S0689,WhisperGate,"[WhisperGate](https://attack.mitre.org/software/S0689) is a multi-stage wiper designed to look like ransomware that has been used against multiple government, non-profit, and information technology organizations in Ukraine since at least January 2022.(Citation: Cybereason WhisperGate February 2022)(Citation: Unit 42 WhisperGate January 2022)(Citation: Microsoft WhisperGate January 2022)",WhisperGate,T1027.013|T1036|T1055.012|T1059.001|T1059.003|T1059.005|T1070.004|T1071.001|T1083|T1102|T1105|T1106|T1134.002|T1135|T1140|T1218.004|T1485|T1497.001|T1497.003|T1518.001|T1529|T1542.003|T1561.001|T1561.002|T1569.002|T1620|T1680|T1685
S0277,FruitFly,FruitFly is designed to spy on mac users  (Citation: objsee mac malware 2017).,FruitFly,T1027.010|T1057|T1070.004|T1083|T1113|T1543.001|T1564.001
S0230,ZeroT,"[ZeroT](https://attack.mitre.org/software/S0230) is a Trojan used by [TA459](https://attack.mitre.org/groups/G0062), often in conjunction with [PlugX](https://attack.mitre.org/software/S0013). (Citation: Proofpoint TA459 April 2017) (Citation: Proofpoint ZeroT Feb 2017)",ZeroT,T1001.002|T1016|T1027.002|T1027.013|T1027.016|T1071.001|T1082|T1105|T1140|T1543.003|T1548.002|T1573.001|T1574.001
S0276,Keydnap,This piece of malware steals the content of the user's keychain while maintaining a permanent backdoor  (Citation: OSX Keydnap malware).,Keydnap|OSX/Keydnap,T1036.006|T1056.002|T1059.006|T1071.001|T1090.003|T1543.001|T1548.001|T1555.002|T1564.009
S1167,AcidPour,"[AcidPour](https://attack.mitre.org/software/S1167) is a variant of [AcidRain](https://attack.mitre.org/software/S1125) designed to impact a wider range of x86 architecture Linux devices. [AcidPour](https://attack.mitre.org/software/S1167) is an x86 ELF binary that expands on the targeted devices and locations in [AcidRain](https://attack.mitre.org/software/S1125) by including items such as Unsorted Block Image (UBI), Deice Mapper (DM), and various flash memory references. Based on this expanded",AcidPour,T1070.004|T1082|T1083|T1120|T1485|T1529|T1561.001
S0495,RDAT,[RDAT](https://attack.mitre.org/software/S0495) is a backdoor used by the suspected Iranian threat group [OilRig](https://attack.mitre.org/groups/G0049). [RDAT](https://attack.mitre.org/software/S0495) was originally identified in 2017 and targeted companies in the telecommunications sector.(Citation: Unit42 RDAT July 2020),RDAT,T1001|T1001.002|T1008|T1027.003|T1030|T1036.004|T1036.005|T1041|T1059.003|T1070.004|T1071.001|T1071.003|T1071.004|T1105|T1113|T1132.001|T1132.002|T1140|T1543.003|T1573.001
S0047,Hacking Team UEFI Rootkit,[Hacking Team UEFI Rootkit](https://attack.mitre.org/software/S0047) is a rootkit developed by the company Hacking Team as a method of persistence for remote access software. (Citation: TrendMicro Hacking Team UEFI),Hacking Team UEFI Rootkit,T1014|T1542.001
S0468,Skidmap,[Skidmap](https://attack.mitre.org/software/S0468) is a kernel-mode rootkit used for cryptocurrency mining.(Citation: Trend Micro Skidmap),Skidmap,T1014|T1027.013|T1036.005|T1053.003|T1057|T1059.004|T1082|T1083|T1098.004|T1105|T1140|T1496.001|T1518.001|T1547.006|T1556.003|T1685
S0439,Okrum,[Okrum](https://attack.mitre.org/software/S0439) is a Windows backdoor that has been seen in use since December 2016 with strong links to [Ke3chang](https://attack.mitre.org/groups/G0004).(Citation: ESET Okrum July 2019),Okrum,T1001|T1001.003|T1003.001|T1003.005|T1016|T1027.003|T1033|T1036.004|T1041|T1049|T1053.005|T1056.001|T1059.003|T1070.004|T1071.001|T1082|T1083|T1090.002|T1105|T1124|T1132.001|T1134.001|T1140|T1497.001|T1497.002|T1497.003|T1543.003|T1547.001|T1547.009|T1560.001|T1560.003|T1564.001|T1569.002|T1573.001
S1201,TRANSLATEXT,"[TRANSLATEXT](https://attack.mitre.org/software/S1201) is malware that is believed to be used by [Kimsuky](https://attack.mitre.org/groups/G0094).(Citation: Zscaler Kimsuky TRANSLATEXT) [TRANSLATEXT](https://attack.mitre.org/software/S1201) masqueraded as a Google Translate extension for Google Chrome, but is actually a collection of four malicious Javascript files that perform defense evasion, information collection and exfiltration.(Citation: Zscaler Kimsuky TRANSLATEXT) ",TRANSLATEXT,T1012|T1036.005|T1041|T1059.001|T1071.001|T1102.001|T1102.002|T1112|T1113|T1114|T1176.001|T1185|T1205|T1539|T1555.003
S0019,Regin,"[Regin](https://attack.mitre.org/software/S0019) is a malware platform that has targeted victims in a range of industries, including telecom, government, and financial institutions. Some [Regin](https://attack.mitre.org/software/S0019) timestamps date back to 2003. (Citation: Kaspersky Regin)",Regin,T1021.002|T1036.001|T1040|T1056.001|T1071.001|T1071.002|T1090.002|T1095|T1112|T1564.004|T1564.005
S0486,Bonadan,[Bonadan](https://attack.mitre.org/software/S0486) is a malicious version of OpenSSH which acts as a custom backdoor. [Bonadan](https://attack.mitre.org/software/S0486) has been active since at least 2018 and combines a new cryptocurrency-mining module with the same credential-stealing module used by the Onderon family of backdoors.(Citation: ESET ForSSHe December 2018),Bonadan,T1016|T1033|T1057|T1059|T1082|T1105|T1496.001|T1554|T1573.001
S1186,Line Dancer,[Line Dancer](https://attack.mitre.org/software/S1186) is a memory-only Lua-based shellcode loader associated with the [ArcaneDoor](https://attack.mitre.org/campaigns/C0046) campaign. [Line Dancer](https://attack.mitre.org/software/S1186) allows an adversary to upload and execute arbitrary shellcode on victim devices.(Citation: Cisco ArcaneDoor 2024)(Citation: CCCS ArcaneDoor 2024),Line Dancer,T1014|T1040|T1041|T1059.008|T1071.001|T1082|T1140|T1653|T1690
S0370,SamSam,"[SamSam](https://attack.mitre.org/software/S0370) is ransomware that appeared in early 2016. Unlike some ransomware, its variants have required operators to manually interact with the malware to execute some of its core components.(Citation: US-CERT SamSam 2018)(Citation: Talos SamSam Jan 2018)(Citation: Sophos SamSam Apr 2018)(Citation: Symantec SamSam Oct 2018)",SamSam|Samas,T1027.013|T1027.016|T1059.003|T1070.004|T1486
S0691,Neoichor,[Neoichor](https://attack.mitre.org/software/S0691) is C2 malware used by [Ke3chang](https://attack.mitre.org/groups/G0004) since at least 2019; similar malware families used by the group include Leeson and Numbldea.(Citation: Microsoft NICKEL December 2021),Neoichor,T1005|T1016|T1016.001|T1033|T1070|T1071.001|T1082|T1105|T1112|T1559.001|T1614.001
S0575,Conti,"[Conti](https://attack.mitre.org/software/S0575) is a Ransomware-as-a-Service (RaaS) that was first observed in December 2019. [Conti](https://attack.mitre.org/software/S0575) has been deployed via [TrickBot](https://attack.mitre.org/software/S0266) and used against major corporations and government agencies, particularly those in North America. As with other ransomware families, actors using [Conti](https://attack.mitre.org/software/S0575) steal sensitive files and information from compromised ",Conti,T1016|T1018|T1021.002|T1027|T1049|T1055.001|T1057|T1059.003|T1080|T1083|T1106|T1135|T1140|T1486|T1489|T1490
S9030,SameCoin,[SameCoin](https://attack.mitre.org/software/S9030) is a multi-platform wiper with Windows and Android versions that has been used by [WIRTE](https://attack.mitre.org/groups/G0090) to target entities in the Middle East including in Israel.(Citation: Check Point Wirte NOV 2024),SameCoin,T1036.005|T1053.005|T1083|T1485|T1491.001|T1534|T1570|T1614|T1679
S1130,Raspberry Robin,"[Raspberry Robin](https://attack.mitre.org/software/S1130) is initial access malware first identified in September 2021, and active through early 2024. The malware is notable for spreading via infected USB devices containing a malicious LNK object that, on execution, retrieves remote hosted payloads for installation. [Raspberry Robin](https://attack.mitre.org/software/S1130) has been widely used against various industries and geographies, and as a precursor to information stealer, ransomware, an",Raspberry Robin,T1027|T1027.002|T1033|T1036.004|T1036.008|T1047|T1055.012|T1057|T1059|T1059.003|T1070.004|T1070.009|T1071|T1071.001|T1082|T1083|T1091|T1102|T1105|T1140|T1204|T1218.007|T1218.008|T1218.010|T1218.011|T1480|T1497|T1497.001|T1518.001|T1547.001|T1548|T1548.002|T1559|T1559.001|T1571|T1574|T1574.001|T1583.001|T1583.008|T1622|T1685
S1122,Mispadu,"[Mispadu](https://attack.mitre.org/software/S1122) is a banking trojan written in Delphi that was first observed in 2019 and uses a Malware-as-a-Service (MaaS) business model.(Citation: ESET Security Mispadu Facebook Ads 2019)(Citation: SCILabs Malteiro 2021) This malware is operated, managed, and sold by the [Malteiro](https://attack.mitre.org/groups/G1026) cybercriminal group.(Citation: SCILabs Malteiro 2021) [Mispadu](https://attack.mitre.org/software/S1122) has mainly been used to target vic",Mispadu,T1027.013|T1041|T1055|T1056.001|T1056.002|T1057|T1059.005|T1082|T1083|T1106|T1113|T1115|T1140|T1176.001|T1204.002|T1217|T1218.007|T1218.011|T1497.001|T1518.001|T1547.001|T1555|T1555.003|T1566.002|T1573.002|T1614.001
S0166,RemoteCMD,[RemoteCMD](https://attack.mitre.org/software/S0166) is a custom tool used by [APT3](https://attack.mitre.org/groups/G0022) to execute commands on a remote system similar to SysInternal's PSEXEC functionality. (Citation: Symantec Buckeye),RemoteCMD,T1053.005|T1105|T1569.002
S1191,Megazord,[Megazord](https://attack.mitre.org/software/S1191) is a Rust-based variant of [Akira](https://attack.mitre.org/software/S1129) ransomware that has been in use since at least August 2023 to target Windows environments. [Megazord](https://attack.mitre.org/software/S1191) has been attributed to the [Akira](https://attack.mitre.org/groups/G1024) group based on overlapping infrastructure though is possibly not exclusive to the group.(Citation: CISA Akira Ransomware APR 2024)(Citation: Cisco Akira Ra,Megazord,T1057|T1059.003|T1083|T1486|T1489|T1654
S0659,Diavol,[Diavol](https://attack.mitre.org/software/S0659) is a ransomware variant first observed in June 2021 that is capable of prioritizing file types to encrypt based on a pre-configured list of extensions defined by the attacker.  The [Diavol](https://attack.mitre.org/software/S0659) Ransomware-as-a Service (RaaS) program is managed by [Wizard Spider](https://attack.mitre.org/groups/G0102) and it has been observed being deployed by [Bazar](https://attack.mitre.org/software/S0534).(Citation: Fortinet,Diavol,T1016|T1018|T1021.002|T1027|T1027.003|T1033|T1057|T1071.001|T1082|T1083|T1105|T1106|T1135|T1485|T1486|T1489|T1490|T1491.001|T1685
S1219,REPTILE,[REPTILE](https://attack.mitre.org/software/S1219) is an open-source Linux rootkit with multiple components that provides backdoor access and functionality.(Citation: Google Cloud Mandiant UNC3886 2024),REPTILE,T1014|T1059.004|T1095|T1140|T1205|T1205.001|T1543.004|T1546.017|T1547.006|T1564.001|T1573.002
S0565,Raindrop,[Raindrop](https://attack.mitre.org/software/S0565) is a loader used by [APT29](https://attack.mitre.org/groups/G0016) that was discovered on some victim machines during investigations related to the [SolarWinds Compromise](https://attack.mitre.org/campaigns/C0024). It was discovered in January 2021 and was likely used since at least May 2020.(Citation: Symantec RAINDROP January 2021)(Citation: Microsoft Deep Dive Solorigate January 2021),Raindrop,T1027.002|T1027.003|T1027.013|T1036|T1036.005|T1140|T1497.003
S0600,Doki,[Doki](https://attack.mitre.org/software/S0600) is a backdoor that uses a unique Dogecoin-based Domain Generation Algorithm and was first observed in July 2020. [Doki](https://attack.mitre.org/software/S0600) was used in conjunction with the [ngrok](https://attack.mitre.org/software/S0508) Mining Botnet in a campaign that targeted Docker servers in cloud platforms. (Citation: Intezer Doki July 20),Doki,T1020|T1036.005|T1041|T1057|T1059.004|T1071.001|T1083|T1102|T1105|T1133|T1568.002|T1573.002|T1610|T1611
S0146,TEXTMATE,[TEXTMATE](https://attack.mitre.org/software/S0146) is a second-stage PowerShell backdoor that is memory-resident. It was observed being used along with [POWERSOURCE](https://attack.mitre.org/software/S0145) in February 2017. (Citation: FireEye FIN7 March 2017),TEXTMATE|DNSMessenger,T1059.003|T1071.004
S0623,Siloscape,[Siloscape](https://attack.mitre.org/software/S0623) is malware that targets Kubernetes clusters through Windows containers. [Siloscape](https://attack.mitre.org/software/S0623) was first observed in March 2021.(Citation: Unit 42 Siloscape Jun 2021),Siloscape,T1027|T1059.003|T1068|T1069|T1071|T1083|T1090.003|T1106|T1134.001|T1140|T1190|T1518|T1609|T1611
S9037,RustyWater,"[RustyWater](https://attack.mitre.org/software/S9037) is a Rust-based implant used by [MuddyWater](https://attack.mitre.org/groups/G0069). Historically, [MuddyWater](https://attack.mitre.org/groups/G0069) has used PowerShell-based tools and [RustyWater](https://attack.mitre.org/software/S9037) reflects a shift in tooling, demonstrating better techniques for defense evasion and reverse engineering.(Citation: CloudSEK_RustyWater_Jan2026)",RustyWater|Archer RAT / RUSTRIC,T1027|T1027.013|T1033|T1036.005|T1055.002|T1071.001|T1082|T1087.002|T1106|T1132.001|T1140|T1204.002|T1518.001|T1547.001|T1559.001|T1566.001|T1573.001|T1622|T1678|T1684.001
S1068,BlackCat,"[BlackCat](https://attack.mitre.org/software/S1068) is ransomware written in Rust that has been offered via the Ransomware-as-a-Service (RaaS) model. First observed November 2021, [BlackCat](https://attack.mitre.org/software/S1068) has been used to target multiple sectors and organizations in various countries and regions in Africa, the Americas, Asia, Australia, and Europe.(Citation: Microsoft BlackCat Jun 2022)(Citation: Sophos BlackCat Jul 2022)(Citation: ACSC BlackCat Apr 2022)",BlackCat|ALPHV|Noberus,T1018|T1033|T1047|T1059.003|T1069.002|T1082|T1083|T1087.002|T1112|T1134|T1135|T1222.001|T1486|T1489|T1490|T1491.001|T1548.002|T1561.001|T1570|T1680|T1685.005
S0410,Fysbis,[Fysbis](https://attack.mitre.org/software/S0410) is a Linux-based backdoor used by [APT28](https://attack.mitre.org/groups/G0007) that dates back to at least 2014.(Citation: Fysbis Palo Alto Analysis),Fysbis,T1027.013|T1036.004|T1036.005|T1056.001|T1057|T1059.004|T1070.004|T1082|T1083|T1132.001|T1543.002|T1547.013
S0483,IcedID,[IcedID](https://attack.mitre.org/software/S0483) is a modular banking malware designed to steal financial information that has been observed in the wild since at least 2017.  [IcedID](https://attack.mitre.org/software/S0483)  has been downloaded by [Emotet](https://attack.mitre.org/software/S0367) in multiple campaigns.(Citation: IBM IcedID November 2017)(Citation: Juniper IcedID June 2020),IcedID,T1016|T1027.002|T1027.003|T1027.009|T1027.013|T1036.005|T1047|T1048.002|T1053.005|T1055.004|T1055.012|T1059.005|T1069|T1071.001|T1082|T1087.002|T1105|T1106|T1135|T1185|T1189|T1204.002|T1218.007|T1218.011|T1482|T1497|T1518.001|T1547.001|T1566.001|T1573.002|T1614.001
S0257,VERMIN,"[VERMIN](https://attack.mitre.org/software/S0257) is a remote access tool written in the Microsoft .NET framework. It is mostly composed of original code, but also has some open source code. (Citation: Unit 42 VERMIN Jan 2018)",VERMIN,T1016|T1027.002|T1027.013|T1033|T1056.001|T1057|T1070.004|T1071.001|T1082|T1105|T1113|T1115|T1119|T1123|T1140|T1518.001|T1560
S0333,UBoatRAT,[UBoatRAT](https://attack.mitre.org/software/S0333) is a remote access tool that was identified in May 2017.(Citation: PaloAlto UBoatRAT Nov 2017),UBoatRAT,T1057|T1059.003|T1071.001|T1102.002|T1105|T1197|T1497.001|T1573.001
S1147,Nightdoor,"[Nightdoor](https://attack.mitre.org/software/S1147) is a backdoor exclusively associated with [Daggerfly](https://attack.mitre.org/groups/G1034) operations. [Nightdoor](https://attack.mitre.org/software/S1147) uses common libraries with [MgBot](https://attack.mitre.org/software/S1146) and [MacMa](https://attack.mitre.org/software/S1016), linking these malware families together.(Citation: ESET EvasivePanda 2024)(Citation: Symantec Daggerfly 2024)",Nightdoor,T1016|T1033|T1053.005|T1057|T1059.003|T1070.004|T1071|T1082|T1102|T1124|T1140|T1497.001|T1574|T1680
S9007,HTTPTroy,"[HTTPTroy](https://attack.mitre.org/software/S9007) is a highly obfuscated backdoor that facilitates collection, command and control, defense evasion and exfiltration.  [HTTPTroy](https://attack.mitre.org/software/S9007) was first reported in October 2025. [HTTPTroy](https://attack.mitre.org/software/S9007) has been observed in operations attributed to DPRK-affiliated threat actors, including [Kimsuky](https://attack.mitre.org/groups/G0094).  [HTTPTroy](https://attack.mitre.org/software/S9007) h",HTTPTroy,T1027|T1027.007|T1041|T1059.003|T1070.004|T1071.001|T1105|T1106|T1113|T1132.002|T1140|T1548.002|T1573.001
S0652,MarkiRAT,[MarkiRAT](https://attack.mitre.org/software/S0652) is a remote access Trojan (RAT) compiled with Visual Studio that has been used by [Ferocious Kitten](https://attack.mitre.org/groups/G0137) since at least 2015.(Citation: Kaspersky Ferocious Kitten Jun 2021),MarkiRAT,T1005|T1033|T1036.005|T1041|T1056.001|T1057|T1059.003|T1071.001|T1074.001|T1082|T1083|T1105|T1106|T1113|T1115|T1197|T1518|T1518.001|T1547.001|T1547.009|T1555.005|T1614.001
S0441,PowerShower,[PowerShower](https://attack.mitre.org/software/S0441) is a PowerShell backdoor used by [Inception](https://attack.mitre.org/groups/G0100) for initial reconnaissance and to download and execute second stage payloads.(Citation: Unit 42 Inception November 2018)(Citation: Kaspersky Cloud Atlas August 2019),PowerShower,T1016|T1033|T1041|T1057|T1059.001|T1059.005|T1070.004|T1071.001|T1082|T1112|T1132.001|T1547.001|T1560.001|T1564.003
S0265,Kazuar,"[Kazuar](https://attack.mitre.org/software/S0265) is a fully featured, multi-platform backdoor Trojan written using the Microsoft .NET framework. (Citation: Unit 42 Kazuar May 2017)",Kazuar,T1005|T1008|T1010|T1016|T1027|T1029|T1033|T1047|T1055.001|T1057|T1059.003|T1059.004|T1069.001|T1070.004|T1071.001|T1071.002|T1074.001|T1082|T1083|T1087.001|T1090.001|T1102.002|T1105|T1113|T1125|T1132.001|T1485|T1543.003|T1547.001|T1547.009|T1680
S0247,NavRAT,"[NavRAT](https://attack.mitre.org/software/S0247) is a remote access tool designed to upload, download, and execute files. It has been observed in attacks targeting South Korea. (Citation: Talos NavRAT May 2018)",NavRAT,T1055|T1056.001|T1057|T1059.003|T1071.003|T1074.001|T1082|T1105|T1547.001
S0334,DarkComet,[DarkComet](https://attack.mitre.org/software/S0334) is a Windows remote administration tool and backdoor.(Citation: TrendMicro DarkComet Sept 2014)(Citation: Malwarebytes DarkComet March 2018),DarkComet|DarkKomet|Fynloski|Krademok|FYNLOS,T1021.001|T1027.002|T1033|T1036.005|T1056.001|T1057|T1059|T1059.003|T1071.001|T1082|T1105|T1112|T1115|T1123|T1125|T1547.001|T1685|T1686.003
S0034,NETEAGLE,[NETEAGLE](https://attack.mitre.org/software/S0034) is a backdoor developed by [APT30](https://attack.mitre.org/groups/G0013) with compile dates as early as 2008. It has two main variants known as “Scout” and “Norton.” (Citation: FireEye APT30),NETEAGLE,T1008|T1041|T1057|T1059.003|T1071|T1071.001|T1083|T1095|T1547.001|T1568|T1573.001
S0216,POORAIM,[POORAIM](https://attack.mitre.org/software/S0216) is a backdoor used by [APT37](https://attack.mitre.org/groups/G0067) in campaigns since at least 2014. (Citation: FireEye APT37 Feb 2018),POORAIM,T1057|T1082|T1083|T1102.002|T1113|T1189
S1097,HUI Loader,"[HUI Loader](https://attack.mitre.org/software/S1097) is a custom DLL loader that has been used since at least 2015 by China-based threat groups including [Cinnamon Tempest](https://attack.mitre.org/groups/G1021) and [menuPass](https://attack.mitre.org/groups/G0045) to deploy malware on compromised hosts. [HUI Loader](https://attack.mitre.org/software/S1097) has been observed in campaigns loading [SodaMaster](https://attack.mitre.org/software/S0627), [PlugX](https://attack.mitre.org/software/S00",HUI Loader,T1140|T1574.001|T1685
S1149,CHIMNEYSWEEP,"[CHIMNEYSWEEP](https://attack.mitre.org/software/S1149) is a backdoor malware that was deployed during [HomeLand Justice](https://attack.mitre.org/campaigns/C0038) along with [ROADSWEEP](https://attack.mitre.org/software/S1150) ransomware, and has been used to target Farsi and Arabic speakers since at least 2012.(Citation: Mandiant ROADSWEEP August 2022)",CHIMNEYSWEEP,T1005|T1027|T1027.001|T1027.007|T1027.009|T1033|T1041|T1053.005|T1056.001|T1057|T1059.001|T1059.005|T1070.006|T1071.001|T1074.001|T1083|T1102|T1105|T1106|T1112|T1113|T1115|T1120|T1132.002|T1140|T1218.003|T1480|T1518.001|T1529|T1548.002|T1553.002
S0481,Ragnar Locker,[Ragnar Locker](https://attack.mitre.org/software/S0481) is a ransomware that has been in use since at least December 2019.(Citation: Sophos Ragnar May 2020)(Citation: Cynet Ragnar Apr 2020),Ragnar Locker,T1059.003|T1120|T1218.007|T1218.010|T1218.011|T1486|T1489|T1490|T1543.003|T1564.006|T1569.002|T1614|T1685
S0512,FatDuke,[FatDuke](https://attack.mitre.org/software/S0512) is a backdoor used by [APT29](https://attack.mitre.org/groups/G0016) since at least 2016.(Citation: ESET Dukes October 2019),FatDuke,T1005|T1008|T1012|T1016|T1027|T1027.002|T1027.016|T1036.012|T1057|T1059.001|T1070.004|T1071.001|T1082|T1083|T1090.001|T1106|T1140|T1218.011|T1497.003|T1547.001|T1573.001
S0532,Lucifer,[Lucifer](https://attack.mitre.org/software/S0532) is a crypto miner and DDoS hybrid malware that leverages well-known exploits to spread laterally on Windows platforms.(Citation: Unit 42 Lucifer June 2020),Lucifer,T1012|T1016|T1021.002|T1027.002|T1033|T1046|T1047|T1049|T1053.005|T1057|T1059.003|T1071|T1082|T1105|T1110.001|T1140|T1210|T1496.001|T1497.001|T1498|T1547.001|T1570|T1573.001|T1685.005
S0089,BlackEnergy,"[BlackEnergy](https://attack.mitre.org/software/S0089) is a malware toolkit that has been used by both criminal and APT actors. It dates back to at least 2007 and was originally designed to create botnets for use in conducting Distributed Denial of Service (DDoS) attacks, but its use has evolved to support various plug-ins. It is well known for being used during the confrontation between Georgia and Russia in 2008, as well as in targeting Ukrainian institutions. Variants include BlackEnergy 2 an",BlackEnergy|Black Energy,T1008|T1016|T1021.002|T1046|T1047|T1049|T1055.001|T1056.001|T1057|T1070|T1071.001|T1082|T1083|T1113|T1120|T1485|T1543.003|T1547.001|T1547.009|T1548.002|T1552.001|T1553.006|T1555.003|T1574.010|T1685.005
S0350,zwShell,[zwShell](https://attack.mitre.org/software/S0350) is a remote access tool (RAT) written in Delphi that has been seen in the wild since the spring of 2010 and used by threat actors during [Night Dragon](https://attack.mitre.org/campaigns/C0002).(Citation: McAfee Night Dragon),zwShell,T1016|T1021.001|T1021.002|T1033|T1053.005|T1059.003|T1070.004|T1082|T1083|T1112|T1543.003
S0027,Zeroaccess,"[Zeroaccess](https://attack.mitre.org/software/S0027) is a kernel-mode [Rootkit](https://attack.mitre.org/techniques/T1014) that attempts to add victims to the ZeroAccess botnet, often for monetary gain. (Citation: Sophos ZeroAccess)",Zeroaccess,T1014|T1564.004
S1117,GLASSTOKEN,[GLASSTOKEN](https://attack.mitre.org/software/S1117) is a custom web shell used by threat actors during [Cutting Edge](https://attack.mitre.org/campaigns/C0029) to execute commands on compromised Ivanti Secure Connect VPNs.(Citation: Volexity Ivanti Zero-Day Exploitation January 2024),GLASSTOKEN,T1059.001|T1132.001|T1140|T1505.003
S1033,DCSrv,"[DCSrv](https://attack.mitre.org/software/S1033) is destructive malware that has been used by [Moses Staff](https://attack.mitre.org/groups/G1009) since at least  September 2021. Though [DCSrv](https://attack.mitre.org/software/S1033) has ransomware-like capabilities, [Moses Staff](https://attack.mitre.org/groups/G1009) does not demand ransom or offer a decryption key.(Citation: Checkpoint MosesStaff Nov 2021)",DCSrv,T1027.013|T1036.004|T1106|T1112|T1124|T1486|T1529|T1543.003
S0694,DRATzarus,"[DRATzarus](https://attack.mitre.org/software/S0694) is a remote access tool (RAT) that has been used by [Lazarus Group](https://attack.mitre.org/groups/G0032) to target the defense and aerospace organizations globally since at least summer 2020. [DRATzarus](https://attack.mitre.org/software/S0694) shares similarities with [Bankshot](https://attack.mitre.org/software/S0239), which was used by [Lazarus Group](https://attack.mitre.org/groups/G0032) in 2017 to target the Turkish financial sector.(C",DRATzarus,T1005|T1018|T1027|T1027.002|T1033|T1036.005|T1057|T1071.001|T1105|T1106|T1124|T1497.003|T1622
S0415,BOOSTWRITE,[BOOSTWRITE](https://attack.mitre.org/software/S0415) is a loader crafted to be launched via abuse of the DLL search order of applications used by [FIN7](https://attack.mitre.org/groups/G0046).(Citation: FireEye FIN7 Oct 2019),BOOSTWRITE,T1027.013|T1129|T1140|T1553.002|T1574.001
S0448,Rising Sun,"[Rising Sun](https://attack.mitre.org/software/S0448) is a modular backdoor that was used extensively in [Operation Sharpshooter](https://attack.mitre.org/campaigns/C0013) between 2017 and 2019. [Rising Sun](https://attack.mitre.org/software/S0448) infected at least 87 organizations around the world, including nuclear, defense, energy, and financial service companies. Security researchers assessed [Rising Sun](https://attack.mitre.org/software/S0448) included some source code from [Lazarus Group",Rising Sun,T1005|T1012|T1016|T1016.001|T1027.013|T1033|T1041|T1057|T1059.003|T1070|T1070.004|T1071.001|T1082|T1083|T1106|T1140|T1560.003|T1564.001|T1573.002|T1680
S0073,ASPXSpy,[ASPXSpy](https://attack.mitre.org/software/S0073) is a Web shell. It has been modified by [Threat Group-3390](https://attack.mitre.org/groups/G0027) actors to create the ASPXTool version. (Citation: Dell TG-3390),ASPXSpy|ASPXTool,T1505.003
S0368,NotPetya,"[NotPetya](https://attack.mitre.org/software/S0368) is malware that was used by [Sandworm Team](https://attack.mitre.org/groups/G0034) in a worldwide attack starting on June 27, 2017. While [NotPetya](https://attack.mitre.org/software/S0368) appears as a form of ransomware, its main purpose was to destroy data and disk structures on compromised systems; the attackers never intended to make the encrypted data recoverable. As such, [NotPetya](https://attack.mitre.org/software/S0368) may be more ap",NotPetya|ExPetr|Diskcoder.C|GoldenEye|Petrwrap|Nyetya,T1003.001|T1021.002|T1036|T1047|T1053.005|T1078.003|T1083|T1210|T1218.011|T1486|T1518.001|T1529|T1569.002|T1685.005
S0444,ShimRat,"[ShimRat](https://attack.mitre.org/software/S0444) has been used by the suspected China-based adversary [Mofang](https://attack.mitre.org/groups/G0103) in campaigns targeting multiple countries and sectors including government, military, critical infrastructure, automobile, and weapons development. The name ""[ShimRat](https://attack.mitre.org/software/S0444)"" comes from the malware's extensive use of Windows Application Shimming to maintain persistence. (Citation: FOX-IT May 2016 Mofang)",ShimRat,T1005|T1008|T1027.002|T1027.015|T1029|T1036.004|T1059.003|T1070.004|T1071.001|T1083|T1090.002|T1105|T1106|T1112|T1135|T1140|T1543.003|T1546.011|T1547.001|T1548.002|T1574
S0667,Chrommme,[Chrommme](https://attack.mitre.org/software/S0667) is a backdoor tool written using the Microsoft Foundation Class (MFC) framework that was first reported in June 2021; security researchers noted infrastructure overlaps with [Gelsemium](https://attack.mitre.org/software/S0666) malware.(Citation: ESET Gelsemium June 2021),Chrommme,T1005|T1016|T1027.013|T1029|T1033|T1041|T1074.001|T1082|T1105|T1106|T1113|T1140|T1560|T1680
S0642,BADFLICK,[BADFLICK](https://attack.mitre.org/software/S0642) is a backdoor used by [Leviathan](https://attack.mitre.org/groups/G0065) in spearphishing campaigns first reported in 2018 that targeted the U.S. engineering and maritime industries.(Citation: FireEye Periscope March 2018)(Citation: Accenture MUDCARP March 2019),BADFLICK,T1005|T1016|T1082|T1083|T1105|T1140|T1204.002|T1497.003|T1560.002|T1566.001
S0644,ObliqueRAT,"[ObliqueRAT](https://attack.mitre.org/software/S0644) is a remote access trojan, similar to [Crimson](https://attack.mitre.org/software/S0115), that has been in use by [Transparent Tribe](https://attack.mitre.org/groups/G0134) since at least 2020.(Citation: Talos Oblique RAT March 2021)(Citation: Talos Transparent Tribe May 2021)",ObliqueRAT,T1025|T1027.003|T1030|T1033|T1057|T1074.001|T1082|T1083|T1113|T1120|T1125|T1204.001|T1497.001|T1547.001
S0063,SHOTPUT,[SHOTPUT](https://attack.mitre.org/software/S0063) is a custom backdoor used by [APT3](https://attack.mitre.org/groups/G0022). (Citation: FireEye Clandestine Wolf),SHOTPUT|Backdoor.APT.CookieCutter|Pirpi,T1018|T1027|T1049|T1057|T1083|T1087.001
S0640,Avaddon,[Avaddon](https://attack.mitre.org/software/S0640) is ransomware written in C++ that has been offered as Ransomware-as-a-Service (RaaS) since at least June 2020.(Citation: Awake Security Avaddon)(Citation: Arxiv Avaddon Feb 2021),Avaddon,T1016|T1027|T1047|T1057|T1059.007|T1083|T1106|T1112|T1135|T1140|T1486|T1489|T1490|T1547.001|T1548.002|T1614.001|T1685
S0608,Conficker,"[Conficker](https://attack.mitre.org/software/S0608) is a computer worm first detected in October 2008 that targeted Microsoft Windows using the MS08-067 Windows vulnerability to spread.(Citation: SANS Conficker) In 2016, a variant of [Conficker](https://attack.mitre.org/software/S0608) made its way on computers and removable disk drives belonging to a nuclear power plant.(Citation: Conficker Nuclear Power Plant)",Conficker|Kido|Downadup,T1021.002|T1027|T1046|T1091|T1105|T1112|T1124|T1210|T1490|T1543.003|T1547.001|T1568.002|T1685
S1124,SocGholish,"[SocGholish](https://attack.mitre.org/software/S1124) is a JavaScript-based loader malware that has been used since at least 2017. It has been observed in use against multiple sectors globally for initial access, primarily through drive-by-downloads masquerading as software updates. SocGholish is operated by [Mustard Tempest](https://attack.mitre.org/groups/G1020) and its access has been sold to groups including [Indrik Spider](https://attack.mitre.org/groups/G0119) for downloading secondary RAT",SocGholish|FakeUpdates,T1016|T1027.013|T1027.015|T1033|T1036.005|T1047|T1048.003|T1057|T1059.007|T1074.001|T1082|T1102|T1105|T1189|T1204.001|T1482|T1518|T1566.002|T1614
S0696,Flagpro,"[Flagpro](https://attack.mitre.org/software/S0696) is a Windows-based, first-stage downloader that has been used by [BlackTech](https://attack.mitre.org/groups/G0098) since at least October 2020. It has primarily been used against defense, media, and communications companies in Japan.(Citation: NTT Security Flagpro new December 2021) ",Flagpro,T1005|T1010|T1016|T1018|T1027|T1029|T1033|T1036|T1041|T1049|T1057|T1059.003|T1059.005|T1069.001|T1070|T1071.001|T1105|T1106|T1132.001|T1135|T1204.002|T1547.001|T1566.001|T1614.001
S0087,Hi-Zor,[Hi-Zor](https://attack.mitre.org/software/S0087) is a remote access tool (RAT) that has characteristics similar to [Sakula](https://attack.mitre.org/software/S0074). It was used in a campaign named INOCNATION. (Citation: Fidelis Hi-Zor),Hi-Zor,T1027.013|T1059.003|T1070.004|T1071.001|T1105|T1218.010|T1547.001|T1573.001|T1573.002
S0646,SpicyOmelette,[SpicyOmelette](https://attack.mitre.org/software/S0646) is a JavaScript based remote access tool that has been used by [Cobalt Group](https://attack.mitre.org/groups/G0080) since at least 2018.(Citation: Secureworks GOLD KINGSWOOD September 2018),SpicyOmelette,T1005|T1016|T1018|T1059.007|T1082|T1105|T1204.001|T1518|T1518.001|T1553.002|T1566.002
S0161,XAgentOSX,[XAgentOSX](https://attack.mitre.org/software/S0161) is a trojan that has been used by [APT28](https://attack.mitre.org/groups/G0007)  on OS X and appears to be a port of their standard [CHOPSTICK](https://attack.mitre.org/software/S0023) or XAgent trojan. (Citation: XAgentOSX 2017),XAgentOSX|OSX.Sofacy,T1033|T1056.001|T1057|T1070.004|T1071.002|T1082|T1083|T1106|T1113|T1555.003
S0690,Green Lambert,"[Green Lambert](https://attack.mitre.org/software/S0690) is a modular backdoor that security researchers assess has been used by an advanced threat group referred to as Longhorn and The Lamberts. First reported in 2017, the Windows variant of [Green Lambert](https://attack.mitre.org/software/S0690) may have been used as early as 2008; a macOS version was uploaded to a multiscanner service in September 2014.(Citation: Kaspersky Lamberts Toolkit April 2017)(Citation: Objective See Green Lambert fo",Green Lambert,T1005|T1016|T1027|T1036.004|T1036.005|T1037.004|T1059.004|T1070.004|T1071.004|T1082|T1090|T1124|T1140|T1543.001|T1543.004|T1546.004|T1547.015|T1555.001
S0020,China Chopper,[China Chopper](https://attack.mitre.org/software/S0020) is a [Web Shell](https://attack.mitre.org/techniques/T1505/003) hosted on Web servers to provide access back into an enterprise network that does not rely on an infected system calling back to a remote command and control server.(Citation: Lee 2013) It has been used by several threat groups.(Citation: Dell TG-3390)(Citation: FireEye Periscope March 2018)(Citation: CISA AA21-200A APT40 July 2021)(Citation: Rapid7 HAFNIUM Mar 2021),China Chopper,T1005|T1027.002|T1046|T1059.003|T1070.006|T1071.001|T1083|T1105|T1110.001|T1505.003
S1163,SnappyTCP,[SnappyTCP](https://attack.mitre.org/software/S1163) is a web shell used by [Sea Turtle](https://attack.mitre.org/groups/G1041) between 2021 and 2023 against multiple victims. [SnappyTCP](https://attack.mitre.org/software/S1163) appears to be based on a public GitHub project that has since been removed from the code-sharing site. [SnappyTCP](https://attack.mitre.org/software/S1163) includes a simple reverse TCP shell for Linux and Unix environments with basic command and control capabilities.(Ci,SnappyTCP,T1059.004|T1071.001|T1095|T1505.003|T1573.002
S0025,CALENDAR,[CALENDAR](https://attack.mitre.org/software/S0025) is malware used by [APT1](https://attack.mitre.org/groups/G0006) that mimics legitimate Gmail Calendar traffic. (Citation: Mandiant APT1),CALENDAR,T1059.003|T1102.002
S0372,LockerGoga,"[LockerGoga](https://attack.mitre.org/software/S0372) is ransomware that was first reported in January 2019, and has been tied to various attacks on European companies, including industrial and manufacturing firms.(Citation: Unit42 LockerGoga 2019)(Citation: CarbonBlack LockerGoga 2019)",LockerGoga,T1070.004|T1486|T1529|T1531|T1553.002|T1570|T1685
S1185,LightSpy,"First observed in 2018, LightSpy is a modular malware family that initially targeted iOS devices in Southern Asia before expanding to Android and macOS platforms. It consists of a downloader, a main executable that manages network communications, and functionality-specific modules, typically implemented as `.dylib` files (iOS, macOS) or `.apk` files (Android). LightSpy can collect VoIP call recordings, SMS messages, and credential stores, which are then exfiltrated to a command and control (C2) ",LightSpy,T1027.001|T1027.013|T1041|T1046|T1057|T1071.001|T1082|T1083|T1105|T1113|T1123|T1129|T1217|T1480|T1518|T1555.001
S0220,Chaos,"[Chaos](https://attack.mitre.org/software/S0220) is Linux malware that compromises systems by brute force attacks against SSH services. Once installed, it provides a reverse shell to its controllers, triggered by unsolicited packets. (Citation: Chaos Stolen Backdoor)",Chaos,T1059.004|T1104|T1110|T1205|T1573.001
S0189,ISMInjector,"[ISMInjector](https://attack.mitre.org/software/S0189) is a Trojan used to install another [OilRig](https://attack.mitre.org/groups/G0049) backdoor, ISMAgent. (Citation: OilRig New Delivery Oct 2017)",ISMInjector,T1027|T1053.005|T1055.012|T1140
S0196,PUNCHBUGGY,[PUNCHBUGGY](https://attack.mitre.org/software/S0196) is a backdoor malware used by [FIN8](https://attack.mitre.org/groups/G0061) that has been observed targeting POS networks in the hospitality industry. (Citation: Morphisec ShellTea June 2019)(Citation: FireEye Fin8 May 2016) (Citation: FireEye Know Your Enemy FIN8 Aug 2016),PUNCHBUGGY|ShellTea,T1027|T1036.005|T1059.001|T1059.006|T1070.004|T1071.001|T1074.001|T1082|T1087.001|T1105|T1129|T1140|T1218.011|T1518.001|T1546.009|T1547.001|T1560.001
S0588,GoldMax,"[GoldMax](https://attack.mitre.org/software/S0588) is a second-stage C2 backdoor written in Go with Windows and Linux variants that are nearly identical in functionality. [GoldMax](https://attack.mitre.org/software/S0588) was discovered in early 2021 during the investigation into the [SolarWinds Compromise](https://attack.mitre.org/campaigns/C0024), and has likely been used by [APT29](https://attack.mitre.org/groups/G0016) since at least mid-2019. [GoldMax](https://attack.mitre.org/software/S058",GoldMax|SUNSHUTTLE,T1001.001|T1016|T1027.002|T1027.013|T1036.004|T1036.005|T1041|T1053.003|T1053.005|T1059.003|T1071.001|T1105|T1124|T1140|T1497.001|T1497.003|T1564.011|T1573.002
S0617,HELLOKITTY,"[HELLOKITTY](https://attack.mitre.org/software/S0617) is a ransomware written in C++  that shares similar code structure and functionality with [DEATHRANSOM](https://attack.mitre.org/software/S0616) and [FIVEHANDS](https://attack.mitre.org/software/S0618). [HELLOKITTY](https://attack.mitre.org/software/S0617) has been used since at least 2020, targets have included a Polish video game developer and a Brazilian electric power company.(Citation: FireEye FiveHands April 2021)",HELLOKITTY,T1047|T1057|T1135|T1486|T1490|T1680
S0614,CostaBricks,[CostaBricks](https://attack.mitre.org/software/S0614) is a loader that was used to deploy 32-bit backdoors in the [CostaRicto](https://attack.mitre.org/groups/G0132) campaign.(Citation: BlackBerry CostaRicto November 2020),CostaBricks,T1027.001|T1027.002|T1055|T1105|T1106|T1140
S1096,Cheerscrypt,"[Cheerscrypt](https://attack.mitre.org/software/S1096) is a ransomware that was developed by [Cinnamon Tempest](https://attack.mitre.org/groups/G1021) and has been used in attacks against ESXi and Windows environments since at least 2022. [Cheerscrypt](https://attack.mitre.org/software/S1096) was derived from the leaked [Babuk](https://attack.mitre.org/software/S0638) source code and has infrastructure overlaps with deployments of Night Sky ransomware, which was also derived from [Babuk](https:/",Cheerscrypt,T1059.012|T1083|T1486|T1489|T1673
S1119,LIGHTWIRE,[LIGHTWIRE](https://attack.mitre.org/software/S1119) is a web shell written in Perl that was used during [Cutting Edge](https://attack.mitre.org/campaigns/C0029) to maintain access and enable command execution by imbedding into the legitimate compcheckresult.cgi component of Ivanti Secure Connect VPNs.(Citation: Mandiant Cutting Edge Part 2 January 2024)(Citation: Mandiant Cutting Edge January 2024),LIGHTWIRE,T1071.001|T1140|T1505.003|T1554|T1573.001
S0387,KeyBoy,[KeyBoy](https://attack.mitre.org/software/S0387) is malware that has been used in targeted campaigns against members of the Tibetan Parliament in 2016.(Citation: CitizenLab KeyBoy Nov 2016)(Citation: PWC KeyBoys Feb 2017),KeyBoy,T1001.003|T1016|T1027.013|T1056.001|T1059.001|T1059.003|T1059.005|T1059.006|T1070.006|T1082|T1083|T1105|T1113|T1543.003|T1547.004|T1555.003|T1559.002|T1564.003
S0150,POSHSPY,[POSHSPY](https://attack.mitre.org/software/S0150) is a backdoor that has been used by [APT29](https://attack.mitre.org/groups/G0016) since at least 2015. It appears to be used as a secondary backdoor used if the actors lost access to their primary backdoors. (Citation: FireEye POSHSPY April 2017),POSHSPY,T1027|T1030|T1059.001|T1070.006|T1105|T1546.003|T1568.002|T1573.002
S0051,MiniDuke,[MiniDuke](https://attack.mitre.org/software/S0051) is malware that was used by [APT29](https://attack.mitre.org/groups/G0016) from 2010 to 2015. The [MiniDuke](https://attack.mitre.org/software/S0051) toolset consists of multiple downloader and backdoor components. The loader has been used with other [MiniDuke](https://attack.mitre.org/software/S0051) components as well as in conjunction with [CosmicDuke](https://attack.mitre.org/software/S0050) and [PinchDuke](https://attack.mitre.org/software,MiniDuke,T1008|T1027|T1071.001|T1082|T1083|T1090.001|T1102.001|T1105|T1568.002
S0398,HyperBro,[HyperBro](https://attack.mitre.org/software/S0398) is a custom in-memory backdoor used by [Threat Group-3390](https://attack.mitre.org/groups/G0027).(Citation: Unit42 Emissary Panda May 2019)(Citation: Securelist LuckyMouse June 2018)(Citation: Hacker News LuckyMouse June 2018),HyperBro,T1007|T1027.002|T1027.013|T1055|T1070.004|T1071.001|T1105|T1106|T1113|T1140|T1569.002|T1574.001
S0504,Anchor,[Anchor](https://attack.mitre.org/software/S0504) is one of a family of backdoor malware that has been used in conjunction with [TrickBot](https://attack.mitre.org/software/S0266) on selected high profile targets since at least 2018.(Citation: Cyberreason Anchor December 2019)(Citation: Medium Anchor DNS July 2020),Anchor|Anchor_DNS,T1008|T1016|T1021.002|T1027|T1027.002|T1053.003|T1053.005|T1059.003|T1059.004|T1070.004|T1071.001|T1071.004|T1082|T1095|T1105|T1480|T1543.003|T1553.002|T1564.004|T1569.002
S1188,Line Runner,[Line Runner](https://attack.mitre.org/software/S1188) is a persistent backdoor and web shell allowing threat actors to upload and execute arbitrary Lua scripts. [Line Runner](https://attack.mitre.org/software/S1188) is associated with the [ArcaneDoor](https://attack.mitre.org/campaigns/C0046) campaign.(Citation: CCCS ArcaneDoor 2024)(Citation: Cisco ArcaneDoor 2024),Line Runner,T1027.015|T1041|T1059.011|T1070.004|T1071.001|T1505.003|T1557|T1653
S0147,Pteranodon,[Pteranodon](https://attack.mitre.org/software/S0147) is a custom backdoor used by [Gamaredon Group](https://attack.mitre.org/groups/G0047). (Citation: Palo Alto Gamaredon Feb 2017),Pteranodon|Pterodo,T1027.007|T1041|T1053.005|T1059.003|T1059.005|T1070.004|T1071.001|T1074.001|T1083|T1105|T1106|T1113|T1140|T1218.005|T1218.011|T1497|T1547.001
S1066,DarkTortilla,"[DarkTortilla](https://attack.mitre.org/software/S1066) is a highly configurable .NET-based crypter that has been possibly active since at least August 2015. [DarkTortilla](https://attack.mitre.org/software/S1066) has been used to deliver popular information stealers, RATs, and payloads such as [Agent Tesla](https://attack.mitre.org/software/S0331), AsyncRat, [NanoCore](https://attack.mitre.org/software/S0336), RedLine, [Cobalt Strike](https://attack.mitre.org/software/S0154), and Metasploit.(Ci",DarkTortilla,T1007|T1016.001|T1027|T1036|T1047|T1055.001|T1056.001|T1057|T1059.003|T1071.001|T1082|T1102|T1105|T1106|T1112|T1115|T1140|T1204.002|T1497.001|T1497.003|T1518.001|T1547.001|T1547.004|T1559.001|T1564|T1566.001|T1574.012|T1622
S1246,BeaverTail,"[BeaverTail](https://attack.mitre.org/software/S1246) is a malware that has both a JavaScript and C++ variant.  Active since 2022, [BeaverTail](https://attack.mitre.org/software/S1246) is capable of stealing logins from browsers and serves as a downloader for second stage payloads. [BeaverTail](https://attack.mitre.org/software/S1246) has previously been leveraged by North Korea-affiliated actors identified as DeceptiveDevelopment or [Contagious Interview](https://attack.mitre.org/groups/G1052).",BeaverTail,T1001.001|T1005|T1027.013|T1036|T1041|T1059.007|T1070.004|T1071.001|T1074.001|T1082|T1083|T1105|T1124|T1195.001|T1204.002|T1217|T1555|T1555.001|T1555.003|T1560.001|T1571|T1654|T1657
S0240,ROKRAT,[ROKRAT](https://attack.mitre.org/software/S0240) is a cloud-based remote access tool (RAT) used by [APT37](https://attack.mitre.org/groups/G0067) to target victims in South Korea. [APT37](https://attack.mitre.org/groups/G0067) has used ROKRAT during several campaigns from 2016 through 2021.(Citation: Talos ROKRAT)(Citation: Talos Group123)(Citation: Volexity InkySquid RokRAT August 2021),ROKRAT,T1005|T1010|T1012|T1027|T1033|T1041|T1055|T1056.001|T1057|T1059.005|T1070.004|T1071.001|T1082|T1083|T1102.002|T1105|T1106|T1112|T1113|T1115|T1123|T1140|T1204.002|T1480.001|T1497.001|T1555.003|T1555.004|T1566.001|T1567.002|T1622
S0137,CORESHELL,[CORESHELL](https://attack.mitre.org/software/S0137) is a downloader used by [APT28](https://attack.mitre.org/groups/G0007). The older versions of this malware are known as SOURFACE and newer versions as CORESHELL.(Citation: FireEye APT28) (Citation: FireEye APT28 January 2017),CORESHELL|Sofacy|SOURFACE,T1027|T1027.016|T1071.001|T1071.003|T1082|T1105|T1132.001|T1218.011|T1547.001|T1573.001|T1680
S0253,RunningRAT,[RunningRAT](https://attack.mitre.org/software/S0253) is a remote access tool that appeared in operations surrounding the 2018 Pyeongchang Winter Olympics along with [Gold Dragon](https://attack.mitre.org/software/S0249) and [Brave Prince](https://attack.mitre.org/software/S0252). (Citation: McAfee Gold Dragon),RunningRAT,T1056.001|T1059.003|T1070.004|T1082|T1115|T1547.001|T1560|T1680|T1685|T1685.005
S1010,VPNFilter,"[VPNFilter](https://attack.mitre.org/software/S1010) is a multi-stage, modular platform with versatile capabilities to support both intelligence-collection and destructive cyber attack operations. [VPNFilter](https://attack.mitre.org/software/S1010) modules such as its packet sniffer ('ps') can collect traffic that passes through an infected device, allowing the theft of website credentials and monitoring of Modbus SCADA protocols. (Citation: William Largent June 2018) (Citation: Carl Hurd March",VPNFilter,T1561.001
S1232,SplatDropper,[SplatDropper](https://attack.mitre.org/software/S1232) is a loader that utilizes native windows API to deliver its payload to the victim environment.  [SplatDropper](https://attack.mitre.org/software/S1232) has been delivered through RAR archives and used legitimate executable for DLL side-loading.  [SplatDropper](https://attack.mitre.org/software/S1232) is known to be leveraged by [Mustang Panda](https://attack.mitre.org/groups/G0129) and was first observed utilized in 2025.,SplatDropper,T1027.007|T1027.013|T1070.009|T1106|T1140|T1543.003|T1553.002|T1574.001
S0638,Babuk,"[Babuk](https://attack.mitre.org/software/S0638) is a Ransomware-as-a-service (RaaS) malware that has been used since at least 2021. The operators of [Babuk](https://attack.mitre.org/software/S0638) employ a ""Big Game Hunting"" approach to targeting major enterprises and operate a leak site to post stolen data as part of their extortion scheme.(Citation: Sogeti CERT ESEC Babuk March 2021)(Citation: McAfee Babuk February 2021)(Citation: CyberScoop Babuk February 2021)",Babuk|Babyk|Vasa Locker,T1007|T1027.002|T1049|T1057|T1059.003|T1083|T1106|T1135|T1140|T1486|T1489|T1490|T1680|T1685
S1179,Exbyte,"[Exbyte](https://attack.mitre.org/software/S1179) is an exfiltration tool written in Go that is uniquely associated with [BlackByte](https://attack.mitre.org/groups/G1043) operations. Observed since 2022, [Exbyte](https://attack.mitre.org/software/S1179) transfers collected files to online file sharing and hosting services.(Citation: Symantec BlackByte 2022)",Exbyte,T1069.001|T1070.004|T1083|T1106|T1140|T1480|T1497.001|T1518.001|T1567
S0673,DarkWatchman,[DarkWatchman](https://attack.mitre.org/software/S0673) is a lightweight JavaScript-based remote access tool (RAT) that avoids file operations; it was first observed in November 2021.(Citation: Prevailion DarkWatchman 2021),DarkWatchman,T1005|T1010|T1012|T1027.004|T1027.010|T1027.011|T1027.015|T1033|T1036|T1047|T1053.005|T1056.001|T1059.001|T1059.003|T1059.007|T1070|T1070.004|T1071.001|T1074.001|T1082|T1083|T1112|T1120|T1124|T1129|T1132.001|T1140|T1217|T1490|T1518.001|T1566.001|T1568.002|T1573.002|T1614
S0024,Dyre,"[Dyre](https://attack.mitre.org/software/S0024) is a banking Trojan that has been used for financial gain. 
 (Citation: Symantec Dyre June 2015)(Citation: Malwarebytes Dyreza November 2015)",Dyre|Dyzap|Dyreza,T1007|T1016|T1027.002|T1033|T1041|T1053.005|T1055|T1055.001|T1071.001|T1074.001|T1082|T1105|T1140|T1497.001|T1518|T1543.003
S0564,BlackMould,"[BlackMould](https://attack.mitre.org/software/S0564) is a web shell based on [China Chopper](https://attack.mitre.org/software/S0020) for servers running Microsoft IIS. First reported in December 2019, it has been used in malicious campaigns by [GALLIUM](https://attack.mitre.org/groups/G0093) against telecommunication providers.(Citation: Microsoft GALLIUM December 2019)",BlackMould,T1005|T1059.003|T1071.001|T1083|T1105|T1680
S0528,Javali,"[Javali](https://attack.mitre.org/software/S0528) is a banking trojan that has targeted Portuguese and Spanish-speaking countries since 2017, primarily focusing on customers of financial institutions in Brazil and Mexico.(Citation: Securelist Brazilian Banking Malware July 2020)",Javali,T1027.001|T1057|T1059.005|T1102.001|T1105|T1204.001|T1204.002|T1218.007|T1555.003|T1566.001|T1566.002|T1574.001
S1109,PACEMAKER,[PACEMAKER](https://attack.mitre.org/software/S1109) is a credential stealer that was used by [APT5](https://attack.mitre.org/groups/G1023) as early as 2020 including activity against US Defense Industrial Base (DIB) companies.(Citation: Mandiant Pulse Secure Zero-Day April 2021),PACEMAKER,T1003.007|T1055.008|T1059.004|T1074.001|T1083|T1119
S1143,LunarLoader,[LunarLoader](https://attack.mitre.org/software/S1143) is the loader component for the [LunarWeb](https://attack.mitre.org/software/S1141) and [LunarMail](https://attack.mitre.org/software/S1142) backdoors that has been used by [Turla](https://attack.mitre.org/groups/G0010) since at least 2020 including against a European ministry of foreign affairs (MFA). [LunarLoader](https://attack.mitre.org/software/S1143) has been observed as a standalone and as a part of trojanized open-source software suc,LunarLoader,T1016|T1137.006|T1140|T1480|T1620
S0127,BBSRAT,[BBSRAT](https://attack.mitre.org/software/S0127) is malware with remote access tool functionality that has been used in targeted compromises. (Citation: Palo Alto Networks BBSRAT),BBSRAT,T1007|T1055.012|T1057|T1070.004|T1071.001|T1083|T1140|T1543.003|T1546.015|T1547.001|T1560.002|T1569.002|T1573.001|T1574.001
S0013,PlugX,[PlugX](https://attack.mitre.org/software/S0013) is a remote access tool (RAT) with modular plugins that has been used by multiple threat groups.(Citation: Lastline PlugX Analysis)(Citation: FireEye Clandestine Fox Part 2)(Citation: New DragonOK)(Citation: Dell TG-3390),PlugX|Thoper|TVT|DestroyRAT|Sogu|Kaba|Korplug,T1012|T1016|T1027|T1027.001|T1027.007|T1027.013|T1033|T1036.004|T1036.005|T1041|T1049|T1053.005|T1056.001|T1057|T1059.003|T1070.004|T1070.009|T1071.001|T1071.004|T1074.001|T1082|T1083|T1091|T1095|T1102.001|T1105|T1106|T1112|T1113|T1120|T1124|T1127.001|T1135|T1140|T1204.002|T1480.002|T1497.001|T1543.003|T1547.001|T1564.001|T1564.003|T1571|T1573.001|T1574.001|T1614|T1620|T1622|T1680|T1686
S0172,Reaver,"[Reaver](https://attack.mitre.org/software/S0172) is a malware family that has been in the wild since at least late 2016. Reporting indicates victims have primarily been associated with the ""Five Poisons,"" which are movements the Chinese government considers dangerous. The type of malware is rare due to its final payload being in the form of [Control Panel](https://attack.mitre.org/techniques/T1218/002) items.(Citation: Palo Alto Reaver Nov 2017)",Reaver,T1012|T1016|T1027.013|T1033|T1070.004|T1071.001|T1082|T1095|T1218.002|T1543.003|T1547.001|T1547.009|T1560.003|T1680
S0268,Bisonal,"[Bisonal](https://attack.mitre.org/software/S0268) is a remote access tool (RAT) that has been used by [Tonto Team](https://attack.mitre.org/groups/G0131) against public and private sector organizations in Russia, South Korea, and Japan since at least December 2010.(Citation: Unit 42 Bisonal July 2018)(Citation: Talos Bisonal Mar 2020)",Bisonal,T1005|T1012|T1016|T1027.001|T1027.002|T1027.013|T1036|T1036.005|T1041|T1057|T1059.003|T1059.005|T1070.004|T1071.001|T1082|T1083|T1090|T1095|T1105|T1106|T1112|T1124|T1132.001|T1137.006|T1140|T1204.002|T1218.011|T1497|T1497.003|T1543.003|T1547.001|T1566.001|T1568|T1573.001
S1135,MultiLayer Wiper,"[MultiLayer Wiper](https://attack.mitre.org/software/S1135) is wiper malware written in .NET associated with [Agrius](https://attack.mitre.org/groups/G1030) operations. Observed samples of [MultiLayer Wiper](https://attack.mitre.org/software/S1135) have an anomalous, future compilation date suggesting possible metadata manipulation.(Citation: Unit42 Agrius 2023)",MultiLayer Wiper,T1027.009|T1053.005|T1059.003|T1070|T1070.004|T1070.006|T1083|T1485|T1490|T1529|T1561.002|T1565.001|T1685|T1685.005
S9025,NOOPLDR,"[NOOPLDR](https://attack.mitre.org/software/S9025) is a shellcode loader with XML/C# and DLL versions that has been used by [MirrorFace](https://attack.mitre.org/groups/G1054) to load [HiddenFace](https://attack.mitre.org/software/S9023).(Citation: Trend Micro Earth Kasha NOV 2024)
",NOOPLDR,T1027|T1027.013|T1027.016|T1055|T1070.004|T1082|T1106|T1112|T1127.001|T1140|T1564|T1574.001
S0085,S-Type,[S-Type](https://attack.mitre.org/software/S0085) is a backdoor that was used in [Operation Dust Storm](https://attack.mitre.org/campaigns/C0016) since at least 2013.(Citation: Cylance Dust Storm),S-Type,T1007|T1008|T1016|T1027.002|T1033|T1036.005|T1041|T1059.003|T1070.004|T1070.009|T1071.001|T1082|T1087.001|T1105|T1106|T1132.001|T1136.001|T1547.001|T1547.009|T1614.001
S1213,Lumma Stealer,[Lumma Stealer](https://attack.mitre.org/software/S1213) is an information stealer malware family in use since at least 2022. [Lumma Stealer](https://attack.mitre.org/software/S1213) is a Malware as a Service (MaaS) where captured data has been sold in criminal markets to Initial Access Brokers.(Citation: Cybereason LumaStealer Undated)(Citation: Netskope LummaStealer 2025)(Citation: Qualys LummaStealer 2024)(Citation: Fortinet LummaStealer 2024)(Citation: TrendMicro LummaStealer 2025),Lumma Stealer|LummaStealer,T1027|T1027.013|T1036.008|T1041|T1055.012|T1059.001|T1059.006|T1059.010|T1071.001|T1074.001|T1082|T1113|T1119|T1140|T1176.001|T1195|T1204|T1204.002|T1217|T1218.005|T1218.015|T1497.001|T1518.001|T1539|T1547.001|T1553.002|T1555.003|T1564.003|T1566.001|T1566.002|T1573.002|T1574.001|T1620|T1622|T1685
S0053,SeaDuke,[SeaDuke](https://attack.mitre.org/software/S0053) is malware that was used by [APT29](https://attack.mitre.org/groups/G0016) from 2014 to 2015. It was used primarily as a secondary backdoor for victims that were already compromised with [CozyCar](https://attack.mitre.org/software/S0046). (Citation: F-Secure The Dukes),SeaDuke|SeaDaddy|SeaDesk,T1027.002|T1059.001|T1059.003|T1070.004|T1071.001|T1078|T1105|T1114.002|T1132.001|T1546.003|T1547.001|T1547.009|T1550.003|T1560.002|T1573.001
S0014,BS2005,[BS2005](https://attack.mitre.org/software/S0014) is malware that was used by [Ke3chang](https://attack.mitre.org/groups/G0004) in spearphishing campaigns since at least 2011. (Citation: Mandiant Operation Ke3chang November 2014),BS2005,T1132.001
S0062,DustySky,[DustySky](https://attack.mitre.org/software/S0062) is multi-stage malware written in .NET that has been used by [Molerats](https://attack.mitre.org/groups/G0021) since May 2015. (Citation: DustySky) (Citation: DustySky2)(Citation: Kaspersky MoleRATs April 2019),DustySky|NeD Worm,T1008|T1027|T1041|T1047|T1056.001|T1057|T1070.004|T1071.001|T1074.001|T1082|T1083|T1091|T1113|T1120|T1518|T1518.001|T1547.001|T1560.001|T1570
S0038,Duqu,[Duqu](https://attack.mitre.org/software/S0038) is a malware platform that uses a modular approach to extend functionality after deployment within a target network. (Citation: Symantec W32.Duqu),Duqu,T1001.002|T1010|T1016|T1021.002|T1049|T1053.005|T1055.001|T1055.012|T1056.001|T1057|T1071|T1074.001|T1078|T1087.001|T1090.001|T1134|T1218.007|T1543.003|T1560.003|T1572|T1573.001
S0178,Truvasys,[Truvasys](https://attack.mitre.org/software/S0178) is first-stage malware that has been used by [PROMETHIUM](https://attack.mitre.org/groups/G0056). It is a collection of modules written in the Delphi programming language. (Citation: Microsoft Win Defender Truvasys Sep 2017) (Citation: Microsoft NEODYMIUM Dec 2016) (Citation: Microsoft SIR Vol 21),Truvasys,T1036.004|T1547.001
S0125,Remsec,[Remsec](https://attack.mitre.org/software/S0125) is a modular backdoor that has been used by [Strider](https://attack.mitre.org/groups/G0041) and appears to have been designed primarily for espionage purposes. Many of its modules are written in Lua. (Citation: Symantec Strider Blog),Remsec|Backdoor.Remsec|ProjectSauron,T1003.002|T1016|T1018|T1025|T1027.013|T1033|T1036.005|T1046|T1048.003|T1049|T1052.001|T1053.005|T1055.001|T1056.001|T1057|T1059.011|T1068|T1070.004|T1071.001|T1071.003|T1071.004|T1082|T1083|T1087.001|T1095|T1105|T1518.001|T1556.002|T1652|T1686.003
S1072,Industroyer2,[Industroyer2](https://attack.mitre.org/software/S1072) is a compiled and static piece of malware that has the ability to communicate over the IEC-104 protocol. It is similar to the IEC-104 module found in [Industroyer](https://attack.mitre.org/software/S0604). Security researchers assess that [Industroyer2](https://attack.mitre.org/software/S1072) was designed to cause impact to high-voltage electrical substations. The initial [Industroyer2](https://attack.mitre.org/software/S1072) sample was c,Industroyer2,T1057
S0018,Sykipot,[Sykipot](https://attack.mitre.org/software/S0018) is malware that has been used in spearphishing campaigns since approximately 2007 against victims primarily in the US. One variant of [Sykipot](https://attack.mitre.org/software/S0018) hijacks smart cards on victims. (Citation: Alienvault Sykipot DOD Smart Cards) The group using this malware has also been referred to as Sykipot. (Citation: Blasco 2013),Sykipot,T1007|T1016|T1018|T1049|T1055.001|T1056.001|T1057|T1087.002|T1111|T1547.001|T1573.002
S0569,Explosive,[Explosive](https://attack.mitre.org/software/S0569) is a custom-made remote access tool used by the group [Volatile Cedar](https://attack.mitre.org/groups/G0123). It was first identified in the wild in 2015.(Citation: CheckPoint Volatile Cedar March 2015)(Citation: ClearSky Lebanese Cedar Jan 2021)  ,Explosive,T1016|T1025|T1033|T1056.001|T1071.001|T1082|T1105|T1106|T1112|T1115|T1564.001|T1573.001
S0341,Xbash,"[Xbash](https://attack.mitre.org/software/S0341) is a malware family that has targeted Linux and Microsoft Windows servers. The malware has been tied to the Iron Group, a threat actor group known for previous ransomware attacks. [Xbash](https://attack.mitre.org/software/S0341) was developed in Python and then converted into a self-contained Linux ELF executable by using PyInstaller.(Citation: Unit42 Xbash Sept 2018)",Xbash,T1016|T1046|T1053.003|T1059.001|T1059.005|T1059.007|T1071.001|T1102.001|T1105|T1110.001|T1203|T1218.005|T1218.010|T1485|T1486|T1547.001
S0090,Rover,[Rover](https://attack.mitre.org/software/S0090) is malware suspected of being used for espionage purposes. It was used in 2015 in a targeted email sent to an Indian Ambassador to Afghanistan. (Citation: Palo Alto Rover),Rover,T1005|T1020|T1025|T1056.001|T1074.001|T1083|T1112|T1113|T1119|T1547.001
S0091,Epic,[Epic](https://attack.mitre.org/software/S0091) is a backdoor that has been used by [Turla](https://attack.mitre.org/groups/G0010). (Citation: Kaspersky Turla),Epic|Tavdig|Wipbot|WorldCupSec|TadjMakhal,T1007|T1012|T1016|T1018|T1027|T1033|T1049|T1055.011|T1057|T1069.001|T1070.004|T1071.001|T1082|T1083|T1087.001|T1124|T1518.001|T1553.002|T1560|T1560.002|T1573.001|T1680
S0395,LightNeuron,[LightNeuron](https://attack.mitre.org/software/S0395) is a sophisticated backdoor that has targeted Microsoft Exchange servers since at least 2014. [LightNeuron](https://attack.mitre.org/software/S0395) has been used by [Turla](https://attack.mitre.org/groups/G0010) to target diplomatic and foreign affairs-related organizations. The presence of certain strings in the malware suggests a Linux variant of [LightNeuron](https://attack.mitre.org/software/S0395) exists.(Citation: ESET LightNeuron May,LightNeuron,T1001.002|T1005|T1016|T1020|T1027.013|T1029|T1036.005|T1041|T1059.003|T1070.004|T1071.003|T1074.001|T1082|T1105|T1106|T1114.002|T1119|T1140|T1505.002|T1560|T1565.002|T1573.001
S0643,Peppy,"[Peppy](https://attack.mitre.org/software/S0643) is a Python-based remote access Trojan, active since at least 2012, with similarities to [Crimson](https://attack.mitre.org/software/S0115).(Citation: Proofpoint Operation Transparent Tribe March 2016)",Peppy,T1020|T1056.001|T1059.003|T1071.001|T1083|T1105|T1113
S1051,KEYPLUG,"[KEYPLUG](https://attack.mitre.org/software/S1051) is a modular backdoor written in C++, with Windows and Linux variants, that has been used by [APT41](https://attack.mitre.org/groups/G0096) since at least June 2021.(Citation: Mandiant APT41)",KEYPLUG|KEYPLUG.LINUX,T1027.013|T1071.001|T1090|T1095|T1102.001|T1124|T1140|T1573.002
S0625,Cuba,"
[Cuba](https://attack.mitre.org/software/S0625) is a Windows-based ransomware family that has been used against financial institutions, technology, and logistics organizations in North and South America as well as Europe since at least December 2019.(Citation: McAfee Cuba April 2021)",Cuba,T1007|T1016|T1027|T1027.002|T1036.005|T1049|T1056.001|T1057|T1059.001|T1059.003|T1070.004|T1083|T1105|T1106|T1134|T1135|T1486|T1489|T1543.003|T1564.003|T1614.001|T1620|T1680
S0616,DEATHRANSOM,"[DEATHRANSOM](https://attack.mitre.org/software/S0616) is ransomware written in C that has been used since at least 2020, and has potential overlap with [FIVEHANDS](https://attack.mitre.org/software/S0618) and [HELLOKITTY](https://attack.mitre.org/software/S0617).(Citation: FireEye FiveHands April 2021)",DEATHRANSOM,T1047|T1071.001|T1083|T1105|T1135|T1486|T1490|T1614.001|T1680
S0660,Clambling,[Clambling](https://attack.mitre.org/software/S0660) is a modular backdoor written in C++ that has been used by [Threat Group-3390](https://attack.mitre.org/groups/G0027) since at least 2017.(Citation: Trend Micro DRBControl February 2020),Clambling,T1005|T1012|T1016|T1027|T1033|T1055|T1055.012|T1056.001|T1057|T1059.001|T1059.003|T1071|T1071.001|T1082|T1083|T1095|T1102.002|T1112|T1113|T1115|T1124|T1125|T1135|T1140|T1204.002|T1497.003|T1543.003|T1547.001|T1548.002|T1564.001|T1566.001|T1567.002|T1569.002|T1574.001
S9019,PureCrypter,"PureCrypter is a fully-featured malware loader, developed by a threat actor called “PureCoder,"" that has been in use since at least 2021 to distribute a variety of remote access trojans and information stealers.(Citation: Zscaler PureCrypter JUN 2022)",PureCrypter,T1027.013|T1027.016|T1033|T1036.005|T1036.008|T1053.005|T1055|T1057|T1059.001|T1070.004|T1082|T1102|T1105|T1140|T1480|T1480.002|T1518.001|T1547.001|T1564.003|T1573.001|T1573.002|T1614|T1622|T1673|T1678|T1685
S1129,Akira,"[Akira](https://attack.mitre.org/software/S1129) ransomware, written in C++, is most prominently (but not exclusively) associated with the ransomware-as-a-service entity [Akira](https://attack.mitre.org/groups/G1024). [Akira](https://attack.mitre.org/software/S1129) ransomware has been used in attacks across North America, Europe, and Australia, with a focus on critical infrastructure sectors including manufacturing, education, and IT services. [Akira](https://attack.mitre.org/software/S1129) ra",Akira,T1047|T1057|T1059.001|T1059.003|T1082|T1083|T1106|T1135|T1486|T1490
S1111,DarkGate,"[DarkGate](https://attack.mitre.org/software/S1111) first emerged in 2018 and has evolved into an initial access and data gathering tool associated with various criminal cyber operations. Written in Delphi and named ""DarkGate"" by its author, [DarkGate](https://attack.mitre.org/software/S1111) is associated with credential theft, cryptomining, cryptotheft, and pre-ransomware actions.(Citation: Ensilo Darkgate 2018) DarkGate use increased significantly starting in 2022 and is under active developm",DarkGate,T1001|T1005|T1010|T1027|T1027.013|T1036|T1036.003|T1036.007|T1041|T1047|T1055.012|T1056.001|T1057|T1059.001|T1059.003|T1059.005|T1059.010|T1070.004|T1071.004|T1082|T1083|T1098.007|T1105|T1106|T1115|T1119|T1124|T1134.004|T1136.001|T1140|T1204.002|T1480|T1486|T1490|T1496.001|T1497.001|T1518.001|T1529|T1539|T1547.001|T1548.002|T1552|T1555|T1561.001|T1564.001|T1566.001|T1566.002|T1569.002|T1574|T1574.001|T1574.007|T1583.001|T1614|T1622|T1657|T1665|T1680|T1685
S1026,Mongall,"[Mongall](https://attack.mitre.org/software/S1026) is a backdoor that has been used since at least 2013, including by [Aoqin Dragon](https://attack.mitre.org/groups/G1007).(Citation: SentinelOne Aoqin Dragon June 2022)",Mongall,T1005|T1027.002|T1041|T1055.001|T1071.001|T1082|T1105|T1120|T1132.001|T1140|T1204.002|T1218.011|T1547.001|T1573.001|T1680
S0228,NanHaiShu,[NanHaiShu](https://attack.mitre.org/software/S0228) is a remote access tool and JScript backdoor used by [Leviathan](https://attack.mitre.org/groups/G0065). [NanHaiShu](https://attack.mitre.org/software/S0228) has been used to target government and private-sector organizations that have relations to the South China Sea dispute. (Citation: Proofpoint Leviathan Oct 2017) (Citation: fsecure NanHaiShu July 2016),NanHaiShu,T1016|T1027.013|T1033|T1059.005|T1059.007|T1070.004|T1071.004|T1082|T1105|T1218.005|T1547.001|T1685
S1202,LockBit 3.0,"[LockBit 3.0](https://attack.mitre.org/software/S1202) is an evolution of the LockBit Ransomware-as-a-Service (RaaS) offering with similarities to BlackMatter and [BlackCat](https://attack.mitre.org/software/S1068) ransomware. [LockBit 3.0](https://attack.mitre.org/software/S1202) has been in use since at least June 2022 and features enhanced defense evasion and exfiltration tactics, robust encryption methods for Windows and VMware ESXi systems, and a more refined RaaS structure over its predece",LockBit 3.0|LockBit Black,T1021.002|T1027.002|T1027.013|T1057|T1059.001|T1070.004|T1071.001|T1078.003|T1082|T1083|T1106|T1112|T1120|T1132.001|T1135|T1140|T1218.003|T1480|T1480.002|T1484.001|T1486|T1489|T1490|T1543.003|T1547.004|T1548.002|T1569.002|T1573.001|T1614.001|T1622|T1680|T1685|T1685.005|T1688
S1064,SVCReady,"[SVCReady](https://attack.mitre.org/software/S1064) is a loader that has been used since at least April 2022 in malicious spam campaigns. Security researchers have noted overlaps between [TA551](https://attack.mitre.org/groups/G0127) activity and [SVCReady](https://attack.mitre.org/software/S1064) distribution, including similarities in file names, lure images, and identical grammatical errors.(Citation: HP SVCReady Jun 2022)",SVCReady,T1005|T1012|T1027|T1033|T1036.004|T1041|T1047|T1053.005|T1057|T1059.005|T1071.001|T1082|T1105|T1106|T1113|T1120|T1124|T1204.002|T1218.011|T1497.001|T1497.003|T1518|T1546.015|T1566.001
S0595,ThiefQuest,"[ThiefQuest](https://attack.mitre.org/software/S0595) is a virus, data stealer, and wiper that presents itself as ransomware targeting macOS systems. [ThiefQuest](https://attack.mitre.org/software/S0595) was first seen in 2020 distributed via trojanized pirated versions of popular macOS software on Russian forums sharing torrent links.(Citation: Reed thiefquest fake ransom) Even though [ThiefQuest](https://attack.mitre.org/software/S0595) presents itself as ransomware, since the dynamically gene",ThiefQuest|MacRansom.K|EvilQuest,T1036.005|T1041|T1056.001|T1057|T1059.002|T1071.001|T1105|T1106|T1486|T1497.003|T1518.001|T1543.001|T1543.004|T1554|T1564.001|T1620|T1622|T1685
S0661,FoggyWeb,[FoggyWeb](https://attack.mitre.org/software/S0661) is a passive and highly-targeted backdoor capable of remotely exfiltrating sensitive information from a compromised Active Directory Federated Services (AD FS) server. It has been used by [APT29](https://attack.mitre.org/groups/G0016) since at least early April 2021.(Citation: MSTIC FoggyWeb September 2021),FoggyWeb,T1005|T1027.004|T1027.013|T1036|T1036.005|T1040|T1041|T1057|T1071.001|T1083|T1105|T1106|T1129|T1140|T1550|T1552.004|T1560.002|T1560.003|T1573.001|T1574.001|T1620
S1106,NGLite,"[NGLite](https://attack.mitre.org/software/S1106) is a backdoor Trojan that is only capable of running commands received through its C2 channel. While the capabilities are standard for a backdoor, NGLite uses a novel C2 channel that leverages a decentralized network based on the legitimate NKN to communicate between the backdoor and the actors.(Citation: NGLite Trojan)",NGLite,T1016|T1033|T1071.001|T1090.003|T1573.001
S0030,Carbanak,"[Carbanak](https://attack.mitre.org/software/S0030) is a full-featured, remote backdoor used by a group of the same name ([Carbanak](https://attack.mitre.org/groups/G0008)). It is intended for espionage, data exfiltration, and providing remote access to infected machines. (Citation: Kaspersky Carbanak) (Citation: FireEye CARBANAK June 2017)",Carbanak|Anunak,T1003|T1012|T1021.001|T1027|T1030|T1055.002|T1056.001|T1057|T1059.003|T1070.004|T1071.001|T1113|T1114.001|T1132.001|T1136.001|T1219|T1547.001|T1573.001
S0117,XTunnel,[XTunnel](https://attack.mitre.org/software/S0117) a VPN-like network proxy tool that can relay traffic between a C2 server and a victim. It was first seen in May 2013 and reportedly used by [APT28](https://attack.mitre.org/groups/G0007) during the compromise of the Democratic National Committee. (Citation: Crowdstrike DNC June 2016) (Citation: Invincea XTunnel) (Citation: ESET Sednit Part 2),XTunnel|Trojan.Shunnael|X-Tunnel|XAPS,T1008|T1027|T1027.016|T1046|T1059.003|T1090|T1552.001|T1573.002
S0203,Hydraq,"[Hydraq](https://attack.mitre.org/software/S0203) is a data-theft trojan first used by [Elderwood](https://attack.mitre.org/groups/G0066) in the 2009 Google intrusion known as Operation Aurora, though variations of this trojan have been used in more recent campaigns by other Chinese actors, possibly including [APT17](https://attack.mitre.org/groups/G0025).(Citation: MicroFocus 9002 Aug 2016)(Citation: Symantec Elderwood Sept 2012)(Citation: Symantec Trojan.Hydraq Jan 2010)(Citation: ASERT Seven ",Hydraq|Roarur|MdmBot|HomeUnix|Homux|HidraQ|HydraQ|McRat|Aurora|9002 RAT,T1005|T1007|T1012|T1016|T1027|T1048|T1057|T1070.004|T1082|T1083|T1105|T1112|T1113|T1129|T1134|T1543.003|T1569.002|T1573.001|T1685.005
S0450,SHARPSTATS,[SHARPSTATS](https://attack.mitre.org/software/S0450) is a .NET backdoor used by [MuddyWater](https://attack.mitre.org/groups/G0069) since at least 2019.(Citation: TrendMicro POWERSTATS V3 June 2019),SHARPSTATS,T1016|T1027.010|T1033|T1059.001|T1082|T1105|T1124
S0679,Ferocious,[Ferocious](https://attack.mitre.org/software/S0679) is a first stage implant composed of VBS and PowerShell scripts that has been used by [WIRTE](https://attack.mitre.org/groups/G0090) since at least 2021.(Citation: Kaspersky WIRTE November 2021),Ferocious,T1059.001|T1059.005|T1070.004|T1082|T1112|T1120|T1497.001|T1518.001|T1546.015
S0232,HOMEFRY,[HOMEFRY](https://attack.mitre.org/software/S0232) is a 64-bit Windows password dumper/cracker that has previously been used in conjunction with other [Leviathan](https://attack.mitre.org/groups/G0065) backdoors. (Citation: FireEye Periscope March 2018),HOMEFRY,T1003|T1027.013|T1059.003
S1023,CreepyDrive,"[CreepyDrive](https://attack.mitre.org/software/S1023) is a custom implant has been used by [POLONIUM](https://attack.mitre.org/groups/G1005) since at least early 2022 for C2 with and exfiltration to actor-controlled OneDrive accounts.(Citation: Microsoft POLONIUM June 2022)

[POLONIUM](https://attack.mitre.org/groups/G1005) has used a similar implant called CreepyBox that relies on actor-controlled DropBox accounts.(Citation: Microsoft POLONIUM June 2022)",CreepyDrive,T1005|T1059.001|T1071.001|T1083|T1102.002|T1105|T1550.001|T1567.002
S0572,Caterpillar WebShell,[Caterpillar WebShell](https://attack.mitre.org/software/S0572) is a self-developed Web Shell tool created by the group [Volatile Cedar](https://attack.mitre.org/groups/G0123).(Citation: ClearSky Lebanese Cedar Jan 2021) ,Caterpillar WebShell,T1005|T1007|T1014|T1016|T1033|T1041|T1046|T1057|T1059.003|T1069.001|T1082|T1083|T1105|T1110|T1112
S0457,Netwalker,[Netwalker](https://attack.mitre.org/software/S0457) is fileless ransomware written in PowerShell and executed directly in memory.(Citation: TrendMicro Netwalker May 2020),Netwalker,T1027.009|T1027.010|T1047|T1055.001|T1059.001|T1059.003|T1082|T1105|T1106|T1112|T1140|T1486|T1489|T1490|T1518.001|T1569.002|T1570|T1685
S0081,Elise,"[Elise](https://attack.mitre.org/software/S0081) is a custom backdoor Trojan that appears to be used exclusively by [Lotus Blossom](https://attack.mitre.org/groups/G0030). It is part of a larger group of tools referred to as LStudio, ST Group, and APT0LSTU.(Citation: Lotus Blossom Jun 2015)(Citation: Accenture Dragonfish Jan 2018)",Elise|BKDR_ESILE|Page,T1007|T1016|T1027.013|T1036.005|T1055.001|T1057|T1070.004|T1070.006|T1071.001|T1074.001|T1082|T1083|T1087.001|T1105|T1132.001|T1218.011|T1543.003|T1547.001|T1573.001
S0452,USBferry,"[USBferry](https://attack.mitre.org/software/S0452) is an information stealing malware and has been used by [Tropic Trooper](https://attack.mitre.org/groups/G0081) in targeted attacks against Taiwanese and Philippine air-gapped military environments. [USBferry](https://attack.mitre.org/software/S0452) shares an overlapping codebase with [YAHOYAH](https://attack.mitre.org/software/S0388), though it has several features which makes it a distinct piece of malware.(Citation: TrendMicro Tropic Troope",USBferry,T1005|T1016|T1018|T1049|T1057|T1059.003|T1083|T1087.001|T1091|T1120|T1218.011
S0366,WannaCry,"[WannaCry](https://attack.mitre.org/software/S0366) is ransomware that was first seen in a global attack during May 2017, which affected more than 150 countries. It contains worm-like features to spread itself across a computer network using the SMBv1 exploit EternalBlue.(Citation: LogRhythm WannaCry)(Citation: US-CERT WannaCry 2017)(Citation: Washington Post WannaCry 2017)(Citation: FireEye WannaCry 2017)",WannaCry|WanaCry|WanaCrypt|WanaCrypt0r|WCry,T1016|T1018|T1047|T1083|T1090.003|T1120|T1210|T1222.001|T1486|T1489|T1490|T1543.003|T1563.002|T1564.001|T1570|T1573.002
S0168,Gazer,[Gazer](https://attack.mitre.org/software/S0168) is a backdoor used by [Turla](https://attack.mitre.org/groups/G0010) since at least 2016. (Citation: ESET Gazer Aug 2017),Gazer|WhiteBear,T1027.013|T1033|T1053.005|T1055|T1055.003|T1070.004|T1070.006|T1071.001|T1105|T1480.002|T1546.002|T1547.001|T1547.004|T1547.009|T1553.002|T1564.004|T1573.001|T1573.002
S0436,TSCookie,[TSCookie](https://attack.mitre.org/software/S0436) is a remote access tool (RAT) that has been used by [BlackTech](https://attack.mitre.org/groups/G0098) in campaigns against Japanese targets.(Citation: JPCert TSCookie March 2018)(Citation: JPCert BlackTech Malware September 2019). [TSCookie](https://attack.mitre.org/software/S0436) has been referred to as [PLEAD](https://attack.mitre.org/software/S0435) though more recent reporting indicates a separation between the two.(Citation: JPCert PLEAD,TSCookie,T1016|T1055|T1057|T1059.003|T1071.001|T1083|T1090|T1095|T1105|T1140|T1204.001|T1555.003|T1573.001
S1160,Latrodectus,"[Latrodectus](https://attack.mitre.org/software/S1160) is a Windows malware downloader that has been used since at least 2023 to download and execute additional payloads and modules. [Latrodectus](https://attack.mitre.org/software/S1160) has most often been distributed through email campaigns, primarily by [TA577](https://attack.mitre.org/groups/G1037) and [TA578](https://attack.mitre.org/groups/G1038), and has infrastructure overlaps with historic [IcedID](https://attack.mitre.org/software/S048",Latrodectus|IceNova|Unidentified 111,T1005|T1016|T1021.005|T1027.001|T1027.002|T1027.007|T1027.013|T1033|T1036.005|T1041|T1047|T1053.005|T1057|T1059.003|T1059.007|T1069.002|T1070.004|T1071.001|T1082|T1083|T1087.002|T1102|T1104|T1105|T1106|T1132.001|T1135|T1140|T1204.001|T1204.002|T1218.007|T1218.011|T1482|T1497.001|T1518.001|T1529|T1547.001|T1559.001|T1564.004|T1566.001|T1566.002|T1573.001|T1622
S1018,Saint Bot,[Saint Bot](https://attack.mitre.org/software/S1018) is a .NET downloader that has been used by [Saint Bear](https://attack.mitre.org/groups/G1031) since at least March 2021.(Citation: Malwarebytes Saint Bot April 2021)(Citation: Palo Alto Unit 42 OutSteel SaintBot February 2022 ),Saint Bot,T1005|T1012|T1016|T1027|T1027.002|T1033|T1036|T1036.005|T1053.005|T1055.001|T1055.004|T1055.012|T1057|T1059.001|T1059.003|T1059.005|T1070.004|T1071.001|T1082|T1083|T1105|T1106|T1132.001|T1140|T1204.001|T1204.002|T1218.004|T1218.010|T1497.001|T1497.003|T1547.001|T1548.002|T1566.001|T1566.002|T1574|T1614|T1622
S0556,Pay2Key,[Pay2Key](https://attack.mitre.org/software/S0556) is a ransomware written in C++ that has been used by [Fox Kitten](https://attack.mitre.org/groups/G0117) since at least July 2020 including campaigns against Israeli companies. [Pay2Key](https://attack.mitre.org/software/S0556) has been incorporated with a leak site to display stolen sensitive information to further pressure victims into payment.(Citation: ClearkSky Fox Kitten February 2020)(Citation: Check Point Pay2Key November 2020),Pay2Key,T1016|T1070.004|T1082|T1090.001|T1095|T1486|T1489|T1573.002
S0631,Chaes,"[Chaes](https://attack.mitre.org/software/S0631) is a multistage information stealer written in several programming languages that collects login credentials, credit card numbers, and other financial information. [Chaes](https://attack.mitre.org/software/S0631) was first observed in 2020, and appears to primarily target victims in Brazil as well as other e-commerce customers in Latin America.(Citation: Cybereason Chaes Nov 2020)",Chaes,T1027.011|T1033|T1036.005|T1048|T1056|T1059.003|T1059.005|T1059.006|T1059.007|T1071.001|T1082|T1105|T1106|T1112|T1113|T1132.001|T1140|T1185|T1204.002|T1218.004|T1218.007|T1221|T1539|T1547.001|T1555.003|T1566.001|T1573|T1574.001
S9020,LODEINFO,"[LODEINFO](https://attack.mitre.org/software/S9020) is a fileless backdoor malware first identified in 2020 that has been used by actors including [MirrorFace](https://attack.mitre.org/groups/G1054), primarily against media, diplomatic, governmental, and public sector organizations in Japan.(Citation: Kaspersky LODEINFO OCT 2022)(Citation: ITOCHU LODEINFO JAN 2024)(Citation: ESET MirrorFace DEC 2022)",LODEINFO,T1001.001|T1005|T1016|T1018|T1027|T1027.007|T1027.013|T1027.015|T1027.016|T1033|T1041|T1047|T1055|T1056.001|T1057|T1070.004|T1074.001|T1082|T1083|T1105|T1106|T1113|T1124|T1204.002|T1480|T1486|T1539|T1547.001|T1566.001|T1573.001|T1574.001|T1614.001
S0204,Briba,[Briba](https://attack.mitre.org/software/S0204) is a trojan used by [Elderwood](https://attack.mitre.org/groups/G0066) to open a backdoor and download files on to compromised hosts. (Citation: Symantec Elderwood Sept 2012) (Citation: Symantec Briba May 2012),Briba,T1105|T1218.011|T1543.003|T1547.001
S0674,CharmPower,"[CharmPower](https://attack.mitre.org/software/S0674) is a PowerShell-based, modular backdoor that has been used by [Magic Hound](https://attack.mitre.org/groups/G0059) since at least 2022.(Citation: Check Point APT35 CharmPower January 2022)",CharmPower,T1005|T1008|T1012|T1016|T1016.002|T1041|T1047|T1048.003|T1057|T1059.001|T1059.003|T1070.004|T1071.001|T1082|T1083|T1102|T1102.001|T1105|T1112|T1113|T1132.001|T1140|T1518|T1573.001
S9032,MuddyViper,[MuddyViper](https://attack.mitre.org/software/S9032) is custom backdoor written in C and C++ used by [MuddyWater](https://attack.mitre.org/groups/G0069) for command and control (C2) communications and persistence. [MuddyViper](https://attack.mitre.org/software/S9032) is loaded by [Fooder](https://attack.mitre.org/software/S9033) and sends frequent messages to the C2 server.(Citation: ESET_MuddyWater_Dec2025),MuddyViper,T1041|T1053.005|T1056.002|T1057|T1059|T1059.001|T1059.003|T1071.001|T1105|T1106|T1112|T1140|T1518.001|T1547.001|T1560|T1573.001|T1620|T1678
S0263,TYPEFRAME,[TYPEFRAME](https://attack.mitre.org/software/S0263) is a remote access tool that has been used by [Lazarus Group](https://attack.mitre.org/groups/G0032). (Citation: US-CERT TYPEFRAME June 2018),TYPEFRAME,T1027.011|T1027.013|T1059.003|T1059.005|T1070.004|T1083|T1090|T1105|T1112|T1140|T1204.002|T1543.003|T1571|T1680|T1686.003
S0066,3PARA RAT,[3PARA RAT](https://attack.mitre.org/software/S0066) is a remote access tool (RAT) programmed in C++ that has been used by [Putter Panda](https://attack.mitre.org/groups/G0024). (Citation: CrowdStrike Putter Panda),3PARA RAT,T1070.006|T1071.001|T1083|T1573.001
S0482,Bundlore,"[Bundlore](https://attack.mitre.org/software/S0482) is adware written for macOS that has been in use since at least 2015. Though categorized as adware, [Bundlore](https://attack.mitre.org/software/S0482) has many features associated with more traditional backdoors.(Citation: MacKeeper Bundlore Apr 2019)",Bundlore|OSX.Bundlore,T1027|T1036.005|T1048|T1056.002|T1057|T1059.002|T1059.004|T1059.006|T1059.007|T1071.001|T1082|T1098.004|T1105|T1140|T1176.001|T1189|T1204.002|T1222.002|T1518|T1543.001|T1543.004|T1564|T1685
S0626,P8RAT,[P8RAT](https://attack.mitre.org/software/S0626) is a fileless malware used by [menuPass](https://attack.mitre.org/groups/G0045) to download and execute payloads since at least 2020.(Citation: Securelist APT10 March 2021),P8RAT|HEAVYPOT|GreetCake,T1001.001|T1057|T1105|T1497.001|T1497.003
S9033,Fooder,"[Fooder](https://attack.mitre.org/software/S9033) is a custom 64-bit C/C++ loader used by [MuddyWater](https://attack.mitre.org/groups/G0069) that can decrypt and reflectively load embedded payloads such as a go-socks5 proxy utility, the open-source HackBrowserData infostealer, or the [MuddyViper](https://attack.mitre.org/software/S9032) backdoor. [Fooder](https://attack.mitre.org/software/S9033) has frequently masqueraded as an entertainment executable, such as the Snake game (e.g., `Snake_Game",Fooder,T1027|T1036.005|T1106|T1134.001|T1140|T1620|T1678
S1218,VIRTUALPIE,"[VIRTUALPIE](https://attack.mitre.org/software/S1218) is a lightweight backdoor written in Python that spawns an IPv6 listener on a VMware ESXi server and features command line execution, file transfer,  and reverse shell capabilities. [VIRTUALPIE](https://attack.mitre.org/software/S1218) has been in use since at least 2022 including by [UNC3886](https://attack.mitre.org/groups/G1048) who installed it via malicious vSphere Installation Bundles (VIBs).(Citation: Google Cloud Threat Intelligence E",VIRTUALPIE,T1059.006|T1059.012|T1505.006|T1570|T1571|T1573.001
S0568,EVILNUM,[EVILNUM](https://attack.mitre.org/software/S0568) is fully capable backdoor that was first identified in 2018. [EVILNUM](https://attack.mitre.org/software/S0568) is used by the APT group [Evilnum](https://attack.mitre.org/groups/G0120) which has the same name.(Citation: ESET EvilNum July 2020)(Citation: Prevailion EvilNum May 2020),EVILNUM,T1033|T1041|T1047|T1070|T1070.006|T1082|T1102.003|T1105|T1112|T1218.010|T1218.011|T1518.001|T1539|T1547.001
S0156,KOMPROGO,"[KOMPROGO](https://attack.mitre.org/software/S0156) is a signature backdoor used by [APT32](https://attack.mitre.org/groups/G0050) that is capable of process, file, and registry management. (Citation: FireEye APT32 May 2017)",KOMPROGO,T1047|T1059.003|T1082
S0649,SMOKEDHAM,[SMOKEDHAM](https://attack.mitre.org/software/S0649) is a Powershell-based .NET backdoor that was first reported in May 2021; it has been used by at least one ransomware-as-a-service affiliate.(Citation: FireEye Shining A Light on DARKSIDE May 2021)(Citation: FireEye SMOKEDHAM June 2021),SMOKEDHAM,T1027.009|T1033|T1041|T1056.001|T1059.001|T1071.001|T1082|T1087.001|T1090.004|T1098.007|T1102|T1105|T1112|T1113|T1132.001|T1136.001|T1204.001|T1547.001|T1564.002|T1573.001|T1598.003
S1047,Mori,[Mori](https://attack.mitre.org/software/S1047) is a backdoor that has been used by [MuddyWater](https://attack.mitre.org/groups/G0069) since at least January 2022.(Citation: DHS CISA AA22-055A MuddyWater February 2022)(Citation: CYBERCOM Iranian Intel Cyber January 2022),Mori,T1001.001|T1012|T1070.004|T1071.001|T1071.004|T1112|T1132.001|T1140|T1218.010
S0269,QUADAGENT,[QUADAGENT](https://attack.mitre.org/software/S0269) is a PowerShell backdoor used by [OilRig](https://attack.mitre.org/groups/G0049). (Citation: Unit 42 QUADAGENT July 2018),QUADAGENT,T1008|T1012|T1016|T1027.010|T1027.011|T1033|T1036.005|T1053.005|T1059.001|T1059.003|T1059.005|T1070.004|T1071.001|T1071.004|T1112|T1132.001|T1140
S1210,Sagerunex,"[Sagerunex](https://attack.mitre.org/software/S1210) is a malware family exclusively associated with [Lotus Blossom](https://attack.mitre.org/groups/G0030) operations, with variants existing since at least 2016. Variations of [Sagerunex](https://attack.mitre.org/software/S1210) leverage non-traditional command and control mechanisms such as various web services.(Citation: Symantec Bilbug 2022)(Citation: Cisco LotusBlossom 2025)",Sagerunex,T1016|T1027.002|T1027.013|T1041|T1055.001|T1057|T1071.001|T1074.001|T1082|T1090|T1102.002|T1102.003|T1106|T1134|T1140|T1480|T1560.001|T1573.002
S0586,TAINTEDSCRIBE,[TAINTEDSCRIBE](https://attack.mitre.org/software/S0586) is a fully-featured beaconing implant integrated with command modules used by [Lazarus Group](https://attack.mitre.org/groups/G0032). It was first reported in May 2020.(Citation: CISA MAR-10288834-2.v1  TAINTEDSCRIBE MAY 2020),TAINTEDSCRIBE,T1001.003|T1008|T1018|T1027.001|T1036.005|T1057|T1059.003|T1070.004|T1070.006|T1083|T1105|T1124|T1547.001|T1560|T1573.001|T1680
S0060,Sys10,[Sys10](https://attack.mitre.org/software/S0060) is a backdoor that was used throughout 2013 by [Naikon](https://attack.mitre.org/groups/G0019). (Citation: Baumgartner Naikon 2015),Sys10,T1016|T1033|T1069.001|T1071.001|T1082|T1573.001
S9036,LP-Notes,[LP-Notes](https://attack.mitre.org/software/S9036) is a C/C++ Windows credential stealer used by [MuddyWater](https://attack.mitre.org/groups/G0069). [LP-Notes](https://attack.mitre.org/software/S9036) was named after the `lp-notes.txt` file that is used to store stolen credentials.(Citation: ESET_MuddyWater_Dec2025)  ,LP-Notes,T1027.007|T1027.013|T1056.002|T1057|T1059.001|T1074.001|T1078|T1106|T1134.001|T1140|T1560
S0067,pngdowner,"[pngdowner](https://attack.mitre.org/software/S0067) is malware used by [Putter Panda](https://attack.mitre.org/groups/G0024). It is a simple tool with limited functionality and no persistence mechanism, suggesting it is used only as a simple ""download-and-
execute"" utility. (Citation: CrowdStrike Putter Panda)",pngdowner,T1070.004|T1071.001|T1552.001
S1073,Royal,[Royal](https://attack.mitre.org/software/S1073) is ransomware that first appeared in early 2022;  a version that also targets ESXi servers was later observed in February 2023. [Royal](https://attack.mitre.org/software/S1073) employs partial encryption and multiple threads to evade detection and speed encryption. [Royal](https://attack.mitre.org/software/S1073) has been used in attacks against multiple industries worldwide--including critical infrastructure. Security researchers have identified ,Royal,T1016|T1021.002|T1046|T1057|T1059.012|T1082|T1083|T1095|T1106|T1135|T1486|T1489|T1490|T1566|T1680
S0574,BendyBear,"[BendyBear](https://attack.mitre.org/software/S0574) is an x64 shellcode for a stage-zero implant designed to download malware from a C2 server. First discovered in August 2020, [BendyBear](https://attack.mitre.org/software/S0574) shares a variety of features with [Waterbear](https://attack.mitre.org/software/S0579), malware previously attributed to the Chinese cyber espionage group [BlackTech](https://attack.mitre.org/groups/G0098).(Citation: Unit42 BendyBear Feb 2021)",BendyBear,T1001.001|T1012|T1027.013|T1027.014|T1105|T1106|T1124|T1140|T1497.003|T1571|T1573.001
S9010,GlassWorm,[GlassWorm](https://attack.mitre.org/software/S9010) is a worm that propagated through supply chain attacks by compromising repository credentials from victim environments and having malicious payloads added to those compromised accounts for distribution to victims across the various development ecosystems.(Citation: Koi Glassworm InvisibleCode October 2025)(Citation: Aikido GlassWorm October 2025)(Citation: Socket GlassWorm January 2026)   [GlassWorm](https://attack.mitre.org/software/S9010) ha,GlassWorm,T1005|T1008|T1027.013|T1027.018|T1036|T1059.002|T1059.007|T1071.001|T1074.001|T1082|T1090.001|T1102.001|T1105|T1124|T1140|T1195.001|T1213.003|T1213.006|T1217|T1480|T1518|T1539|T1543.001|T1547.001|T1554|T1555.001|T1555.003|T1560.001|T1564.003|T1565.002|T1571|T1602.002|T1614|T1614.001|T1657|T1678
S0022,Uroburos,[Uroburos](https://attack.mitre.org/software/S0022) is a sophisticated cyber espionage tool written in C that has been used by units within Russia's Federal Security Service (FSB) associated with the [Turla](https://attack.mitre.org/groups/G0010) toolset to collect intelligence on sensitive targets worldwide. [Uroburos](https://attack.mitre.org/software/S0022) has several variants and has undergone nearly constant upgrade since its initial development in 2003 to keep it viable after public discl,Uroburos|Snake,T1001.001|T1001.003|T1005|T1008|T1012|T1014|T1027.002|T1027.009|T1027.011|T1027.013|T1036.004|T1055.001|T1057|T1059.003|T1070.004|T1071.001|T1071.003|T1071.004|T1082|T1083|T1090.003|T1095|T1104|T1105|T1106|T1112|T1132.002|T1140|T1205|T1543.003|T1559|T1564.005|T1572|T1573.001|T1573.002|T1620
S0455,Metamorfo,[Metamorfo](https://attack.mitre.org/software/S0455) is a Latin-American banking trojan operated by a Brazilian cybercrime group that has been active since at least April 2018. The group focuses on targeting banks and cryptocurrency services in Brazil and Mexico.(Citation: Medium Metamorfo Apr 2020)(Citation: ESET Casbaneiro Oct 2019) ,Metamorfo|Casbaneiro,T1010|T1027.002|T1027.013|T1033|T1036.005|T1041|T1055.001|T1056.001|T1056.002|T1057|T1059.003|T1059.005|T1059.007|T1070|T1070.004|T1071.001|T1082|T1083|T1095|T1102.001|T1102.003|T1105|T1106|T1112|T1113|T1115|T1119|T1124|T1129|T1140|T1204.002|T1218.005|T1218.007|T1497|T1518|T1518.001|T1547.001|T1553.002|T1564.003|T1565.002|T1566.001|T1571|T1573.001|T1573.002|T1574.001|T1685
S1140,Spica,[Spica](https://attack.mitre.org/software/S1140) is a custom backdoor written in Rust that has been used by [Star Blizzard](https://attack.mitre.org/groups/G1033) since at least 2023.(Citation: Google TAG COLDRIVER January 2024) ,Spica,T1036.004|T1053.005|T1059.001|T1083|T1095|T1105|T1140|T1539|T1560
S1247,Embargo,"[Embargo](https://attack.mitre.org/software/S1247) is a ransomware variant written in Rust that has been active since at least May 2024.(Citation: Cyble Embargo Ransomware May 2024)(Citation: ESET Embargo Ransomware October 2024)  [Embargo](https://attack.mitre.org/software/S1247) ransomware operations are associated with “double extortion” ransomware activity, where data is exfiltrated from victim environments prior to encryption, with threats to publish files if a ransom is not paid.(Citation:",Embargo,T1007|T1027.013|T1053.005|T1057|T1059.003|T1068|T1070.004|T1083|T1106|T1112|T1135|T1140|T1480.002|T1486|T1489|T1490|T1543.003|T1547.001|T1569.002|T1657|T1679|T1688
S0094,Trojan.Karagany,[Trojan.Karagany](https://attack.mitre.org/software/S0094) is a modular remote access tool used for recon and linked to [Dragonfly](https://attack.mitre.org/groups/G0035). The source code for [Trojan.Karagany](https://attack.mitre.org/software/S0094) originated from Dream Loader malware which was leaked in 2010 and sold on underground forums. (Citation: Symantec Dragonfly)(Citation: Secureworks Karagany July 2019)(Citation: Dragos DYMALLOY ),Trojan.Karagany|xFrost|Karagany,T1003|T1010|T1016|T1027|T1027.002|T1033|T1049|T1055.003|T1056.001|T1057|T1059.003|T1070.004|T1071.001|T1074.001|T1082|T1083|T1105|T1113|T1497.001|T1547.001|T1555.003|T1573.002
S0234,Bandook,"[Bandook](https://attack.mitre.org/software/S0234) is a commercially available RAT, written in Delphi and C++, that has been available since at least 2007. It has been used against government, financial, energy, healthcare, education, IT, and legal organizations in the US, South America, Europe, and Southeast Asia. [Bandook](https://attack.mitre.org/software/S0234) has been used by [Dark Caracal](https://attack.mitre.org/groups/G0070), as well as in a separate campaign referred to as ""Operation ",Bandook,T1005|T1016|T1027.003|T1041|T1055.012|T1056.001|T1059|T1059.001|T1059.003|T1059.005|T1059.006|T1070.004|T1083|T1095|T1105|T1106|T1113|T1120|T1123|T1125|T1140|T1204.002|T1553.002|T1566.001|T1573.001|T1680
S0501,PipeMon,[PipeMon](https://attack.mitre.org/software/S0501) is a multi-stage modular backdoor used by [Winnti Group](https://attack.mitre.org/groups/G0044).(Citation: ESET PipeMon May 2020),PipeMon,T1008|T1016|T1027.011|T1027.013|T1036.005|T1055.001|T1057|T1082|T1095|T1105|T1106|T1112|T1124|T1129|T1134.002|T1134.004|T1140|T1518.001|T1543.003|T1547.012|T1548.002|T1553.002|T1573.001
S0519,SYNful Knock,[SYNful Knock](https://attack.mitre.org/software/S0519) is a stealthy modification of the operating system of network devices that can be used to maintain persistence within a victim's network and provide new capabilities to the adversary.(Citation: Mandiant - Synful Knock)(Citation: Cisco Synful Knock Evolution),SYNful Knock,T1205|T1556.004|T1601.001
S1182,MagicRAT,[MagicRAT](https://attack.mitre.org/software/S1182) is a remote access tool developed in C++ and exclusively used by the [Lazarus Group](https://attack.mitre.org/groups/G0032) threat actor in operations. [MagicRAT](https://attack.mitre.org/software/S1182) allows for arbitrary command execution on victim machines and provides basic remote access functionality.(Citation: Cisco MagicRAT 2022),MagicRAT,T1016|T1027.013|T1036.005|T1036.008|T1041|T1053.005|T1059.003|T1070.004|T1071.001|T1082|T1105|T1140|T1547.001
S0131,TINYTYPHON,[TINYTYPHON](https://attack.mitre.org/software/S0131) is a backdoor  that has been used by the actors responsible for the MONSOON campaign. The majority of its code was reportedly taken from the MyDoom worm. (Citation: Forcepoint Monsoon),TINYTYPHON,T1020|T1027.013|T1083|T1547.001
S0356,KONNI,"[KONNI](https://attack.mitre.org/software/S0356) is a remote access tool that security researchers assess has been used by North Korean cyber actors since at least 2014. [KONNI](https://attack.mitre.org/software/S0356) has significant code overlap with the [NOKKI](https://attack.mitre.org/software/S0353) malware family, and has been linked to several suspected North Korean campaigns targeting political organizations in Russia, East Asia, Europe and the Middle East; there is some evidence potenti",KONNI,T1005|T1016|T1027.002|T1027.013|T1033|T1036.004|T1036.005|T1041|T1048.003|T1049|T1056.001|T1057|T1059.001|T1059.003|T1059.007|T1070.004|T1071.001|T1082|T1083|T1105|T1106|T1112|T1113|T1115|T1132.001|T1134.002|T1134.004|T1140|T1204.002|T1218.011|T1543.003|T1546.015|T1547.001|T1547.009|T1548.002|T1555.003|T1560|T1566.001|T1573.001|T1680
S0098,T9000,"[T9000](https://attack.mitre.org/software/S0098) is a backdoor that is a newer variant of the T5000 malware family, also known as Plat1. Its primary function is to gather information about the victim. It has been used in multiple targeted attacks against U.S.-based organizations. (Citation: FireEye admin@338 March 2014) (Citation: Palo Alto T9000 Feb 2016)",T9000,T1016|T1033|T1082|T1113|T1119|T1120|T1123|T1124|T1125|T1518.001|T1546.010|T1560.003|T1574.001
S0430,Winnti for Linux,"[Winnti for Linux](https://attack.mitre.org/software/S0430) is a trojan, seen since at least 2015, designed specifically for targeting Linux systems. Reporting indicates the winnti malware family is shared across a number of actors including [Winnti Group](https://attack.mitre.org/groups/G0044). The Windows variant is tracked separately under [Winnti for Windows](https://attack.mitre.org/software/S0141).(Citation: Chronicle Winnti for Linux May 2019)",Winnti for Linux,T1014|T1027.013|T1071.001|T1095|T1105|T1140|T1205|T1573.001
S1113,RAPIDPULSE,[RAPIDPULSE](https://attack.mitre.org/software/S1113) is a web shell that exists as a modification to a legitimate Pulse Secure file that has been used by [APT5](https://attack.mitre.org/groups/G1023) since at least 2021.(Citation: Mandiant Pulse Secure Update May 2021),RAPIDPULSE,T1005|T1027.013|T1140|T1505.003
S0032,gh0st RAT,[gh0st RAT](https://attack.mitre.org/software/S0032) is a remote access tool (RAT). The source code is public and it has been used by multiple groups.(Citation: FireEye Hacking Team)(Citation: Arbor Musical Chairs Feb 2018)(Citation: Nccgroup Gh0st April 2018),gh0st RAT|Mydoor|Moudoor,T1012|T1055|T1056.001|T1057|T1059|T1070.004|T1082|T1095|T1105|T1106|T1112|T1113|T1129|T1132.001|T1140|T1218.011|T1543.003|T1547.001|T1568.001|T1569.002|T1573|T1573.001|T1574.001|T1685.005
S0140,Shamoon,"[Shamoon](https://attack.mitre.org/software/S0140) is wiper malware that was first used by an Iranian group known as the ""Cutting Sword of Justice"" in 2012. Other versions known as Shamoon 2 and Shamoon 3 were observed in 2016 and 2018. [Shamoon](https://attack.mitre.org/software/S0140) has also been seen leveraging [RawDisk](https://attack.mitre.org/software/S0364) and Filerase to carry out data wiping tasks. Analysis has linked [Shamoon](https://attack.mitre.org/software/S0140) with [Kwampirs]",Shamoon|Disttrack,T1012|T1016|T1018|T1021.002|T1027|T1036.004|T1053.005|T1070.006|T1071.001|T1078.002|T1082|T1105|T1112|T1124|T1134.001|T1140|T1485|T1486|T1529|T1543.003|T1548.002|T1561.002|T1569.002|T1570
S0007,Skeleton Key,[Skeleton Key](https://attack.mitre.org/software/S0007) is malware used to inject false credentials into domain controllers with the intent of creating a backdoor password. (Citation: Dell Skeleton) Functionality similar to [Skeleton Key](https://attack.mitre.org/software/S0007) is included as a module in [Mimikatz](https://attack.mitre.org/software/S0002).,Skeleton Key,T1556.001
S1021,DnsSystem,"[DnsSystem](https://attack.mitre.org/software/S1021) is a .NET based DNS backdoor, which is a customized version of the open source tool DIG.net, that has been used by [HEXANE](https://attack.mitre.org/groups/G1001) since at least June 2022.(Citation: Zscaler Lyceum DnsSystem June 2022)",DnsSystem,T1005|T1033|T1041|T1059.003|T1071.004|T1105|T1132.001|T1204.002|T1547.001
S0553,MoleNet,[MoleNet](https://attack.mitre.org/software/S0553) is a downloader tool with backdoor capabilities that has been observed in use since at least 2019.(Citation: Cybereason Molerats Dec 2020),MoleNet,T1047|T1059.001|T1059.003|T1082|T1105|T1518.001|T1547.001
S0212,CORALDECK,[CORALDECK](https://attack.mitre.org/software/S0212) is an exfiltration tool used by [APT37](https://attack.mitre.org/groups/G0067). (Citation: FireEye APT37 Feb 2018),CORALDECK,T1048.003|T1083|T1560.001
S0044,JHUHUGIT,[JHUHUGIT](https://attack.mitre.org/software/S0044) is malware used by [APT28](https://attack.mitre.org/groups/G0007). It is based on Carberp source code and serves as reconnaissance malware. (Citation: Kaspersky Sofacy) (Citation: F-Secure Sofacy 2015) (Citation: ESET Sednit Part 1) (Citation: FireEye APT28 January 2017),JHUHUGIT|Trojan.Sofacy|Seduploader|JKEYSKW|Sednit|GAMEFISH|SofacyCarberp,T1008|T1016|T1027.013|T1037.001|T1053.005|T1055|T1057|T1059.003|T1068|T1070.004|T1071.001|T1105|T1113|T1115|T1132.001|T1218.011|T1543.003|T1546.015|T1547.001|T1680
S0035,SPACESHIP,[SPACESHIP](https://attack.mitre.org/software/S0035) is malware developed by [APT30](https://attack.mitre.org/groups/G0013) that allows propagation and exfiltration of data over removable devices. [APT30](https://attack.mitre.org/groups/G0013) may use this capability to exfiltrate data across air-gaps. (Citation: FireEye APT30),SPACESHIP,T1052.001|T1074.001|T1083|T1547.001|T1547.009|T1560.003
S0657,BLUELIGHT,[BLUELIGHT](https://attack.mitre.org/software/S0657) is a remote access Trojan used by [APT37](https://attack.mitre.org/groups/G0067) that was first observed in early 2021.(Citation: Volexity InkySquid BLUELIGHT August 2021),BLUELIGHT,T1016|T1027.013|T1033|T1041|T1057|T1070.004|T1071.001|T1082|T1083|T1102.002|T1105|T1113|T1124|T1497.001|T1518.001|T1539|T1555.003|T1560|T1560.003
S0526,KGH_SPY,"[KGH_SPY](https://attack.mitre.org/software/S0526) is a modular suite of tools used by [Kimsuky](https://attack.mitre.org/groups/G0094) for reconnaissance, information stealing, and backdoor capabilities. [KGH_SPY](https://attack.mitre.org/software/S0526) derived its name from PDB paths and internal names found in samples containing ""KGH"".(Citation: Cybereason Kimsuky November 2020)",KGH_SPY,T1005|T1027.013|T1036.005|T1037.001|T1041|T1056.001|T1059.001|T1059.003|T1071.001|T1074.001|T1083|T1105|T1114.001|T1140|T1204.002|T1518|T1555|T1555.003|T1555.004|T1680
S0472,down_new, [down_new](https://attack.mitre.org/software/S0472) is a downloader that has been used by [BRONZE BUTLER](https://attack.mitre.org/groups/G0060) since at least 2019.(Citation: Trend Micro Tick November 2019),down_new,T1016|T1057|T1071.001|T1083|T1105|T1132.001|T1518|T1518.001|T1573.001|T1680
S0015,Ixeshe,[Ixeshe](https://attack.mitre.org/software/S0015) is a malware family that has been used since at least 2009 against targets in East Asia. (Citation: Moran 2013),Ixeshe,T1005|T1007|T1016|T1033|T1036.005|T1057|T1059.003|T1070.004|T1071.001|T1082|T1083|T1105|T1132.001|T1547.001|T1564.001
S0339,Micropsia,[Micropsia](https://attack.mitre.org/software/S0339) is a remote access tool written in Delphi.(Citation: Talos Micropsia June 2017)(Citation: Radware Micropsia July 2018),Micropsia,T1027.013|T1033|T1047|T1056.001|T1059.003|T1071.001|T1082|T1083|T1105|T1113|T1119|T1123|T1518.001|T1547.009|T1560.001|T1564.001
S0585,Kerrdown,[Kerrdown](https://attack.mitre.org/software/S0585) is a custom downloader that has been used by [APT32](https://attack.mitre.org/groups/G0050) since at least 2018 to install spyware from a server on the victim's network.(Citation: Amnesty Intl. Ocean Lotus February 2021)(Citation: Unit 42 KerrDown February 2019),Kerrdown,T1027.013|T1027.015|T1059.005|T1082|T1105|T1140|T1204.001|T1204.002|T1566.001|T1566.002|T1574.001
S0055,RARSTONE,[RARSTONE](https://attack.mitre.org/software/S0055) is malware used by the [Naikon](https://attack.mitre.org/groups/G0019) group that has some characteristics similar to [PlugX](https://attack.mitre.org/software/S0013). (Citation: Aquino RARSTONE),RARSTONE,T1055.001|T1083|T1095|T1105
S1240,RedLine Stealer,[RedLine Stealer](https://attack.mitre.org/software/S1240) is an information-stealer malware variant first identified in 2020.(Citation: ESET RedLine Stealer November 2024)(Citation: Proofpoint RedLine Stealer March 2020)(Citation: Splunk RedLine Stealer June 2023)  [RedLine Stealer](https://attack.mitre.org/software/S1240) is a Malware as a Service (MaaS) and was reportedly sold as either a one-time purchase or a monthly subscription service.(Citation: ESET RedLine Stealer November 2024)(Citati,RedLine Stealer,T1005|T1012|T1016|T1027.002|T1027.010|T1027.013|T1033|T1036|T1041|T1053.005|T1059.003|T1059.011|T1071.001|T1082|T1087.001|T1102|T1105|T1113|T1132.001|T1140|T1204.002|T1217|T1218.007|T1480|T1497|T1518|T1518.001|T1539|T1553.002|T1555|T1555.003|T1614|T1614.001|T1657|T1685
S0442,VBShower,"[VBShower](https://attack.mitre.org/software/S0442) is a backdoor that has been used by [Inception](https://attack.mitre.org/groups/G0100) since at least 2019. [VBShower](https://attack.mitre.org/software/S0442) has been used as a downloader for second stage payloads, including [PowerShower](https://attack.mitre.org/software/S0441).(Citation: Kaspersky Cloud Atlas August 2019)",VBShower,T1059.005|T1070.004|T1071.001|T1105|T1547.001
S1161,BPFDoor,"[BPFDoor](https://attack.mitre.org/software/S1161) is a Linux based passive long-term backdoor used by China-based threat actors. First seen in 2021, [BPFDoor](https://attack.mitre.org/software/S1161) is named after its usage of Berkley Packet Filter (BPF) to execute single task instructions. [BPFDoor](https://attack.mitre.org/software/S1161) supports multiple protocols for communicating with a C2 including TCP, UDP, and ICMP and can start local or reverse shells that bypass firewalls using ipta",BPFDoor|JustForFun|Backdoor.Linux.BPFDOOR|Backdoor.Solaris.BPFDOOR.ZAJE,T1027|T1036.009|T1036.011|T1059.004|T1070|T1070.004|T1070.006|T1205.002|T1480|T1480.002|T1564.011|T1686|T1690
S1070,Black Basta,[Black Basta](https://attack.mitre.org/software/S1070) is ransomware written in C++ that has been offered within the ransomware-as-a-service (RaaS) model since at least April 2022; there are variants that target Windows and VMWare ESXi servers. [Black Basta](https://attack.mitre.org/software/S1070) operations have included the double extortion technique where in addition to demanding ransom for decrypting the files of targeted organizations the cyber actors also threaten to post sensitive inform,Black Basta,T1007|T1018|T1027.001|T1036.004|T1036.005|T1047|T1059.001|T1059.003|T1082|T1083|T1106|T1112|T1204.002|T1222.002|T1480.002|T1486|T1490|T1491.001|T1497|T1497.001|T1529|T1543.003|T1553.002|T1622|T1680|T1688
S1151,ZeroCleare,[ZeroCleare](https://attack.mitre.org/software/S1151) is a wiper malware that has been used in conjunction with the [RawDisk](https://attack.mitre.org/software/S0364) driver since at least 2019 by suspected Iran-nexus threat actors including activity targeting the energy and industrial sectors in the Middle East and political targets in Albania.(Citation: Microsoft Albanian Government Attacks September 2022)(Citation: CISA Iran Albanian Attacks September 2022)(Citation: Mandiant ROADSWEEP August,ZeroCleare|ZEROCLEAR,T1059|T1059.001|T1068|T1070.004|T1106|T1553.002|T1561.002|T1680
S0261,Catchamas,[Catchamas](https://attack.mitre.org/software/S0261) is a Windows Trojan that steals information from compromised systems. (Citation: Symantec Catchamas April 2018),Catchamas,T1010|T1016|T1036.004|T1056.001|T1074.001|T1112|T1113|T1115|T1543.003
S0380,StoneDrill,[StoneDrill](https://attack.mitre.org/software/S0380) is wiper malware discovered in destructive campaigns against both Middle Eastern and European targets in association with [APT33](https://attack.mitre.org/groups/G0064).(Citation: FireEye APT33 Sept 2017)(Citation: Kaspersky StoneDrill 2017),StoneDrill|DROPSHOT,T1012|T1027.013|T1047|T1055|T1059.005|T1070.004|T1082|T1105|T1113|T1124|T1485|T1497|T1518.001|T1561.001|T1561.002
S0264,OopsIE,[OopsIE](https://attack.mitre.org/software/S0264) is a Trojan used by [OilRig](https://attack.mitre.org/groups/G0049) to remotely execute commands as well as upload/download files to/from victims. (Citation: Unit 42 OopsIE! Feb 2018),OopsIE,T1027|T1027.002|T1030|T1041|T1047|T1053.005|T1059.003|T1059.005|T1070.004|T1071.001|T1074.001|T1082|T1105|T1124|T1132.001|T1140|T1497.001|T1560.001|T1560.003
S0065,4H RAT,[4H RAT](https://attack.mitre.org/software/S0065) is malware that has been used by [Putter Panda](https://attack.mitre.org/groups/G0024) since at least 2007. (Citation: CrowdStrike Putter Panda),4H RAT,T1057|T1059.003|T1071.001|T1082|T1083|T1573.001
S0270,RogueRobin,[RogueRobin](https://attack.mitre.org/software/S0270) is a payload used by [DarkHydrus](https://attack.mitre.org/groups/G0079) that has been developed in PowerShell and C#. (Citation: Unit 42 DarkHydrus July 2018)(Citation: Unit42 DarkHydrus Jan 2019),RogueRobin,T1016|T1027.010|T1033|T1047|T1057|T1059.001|T1059.003|T1082|T1102.002|T1105|T1113|T1132.001|T1140|T1218.010|T1497.001|T1518.001|T1547.001|T1547.009
S0438,Attor,[Attor](https://attack.mitre.org/software/S0438) is a Windows-based espionage platform that has been seen in use since 2013. [Attor](https://attack.mitre.org/software/S0438) has a loadable plugin architecture to customize functionality for specific targets.(Citation: ESET Attor Oct 2019),Attor,T1010|T1012|T1020|T1027.013|T1036.004|T1037.001|T1041|T1053.005|T1055|T1055.004|T1056.001|T1070.004|T1070.006|T1071.002|T1074.001|T1083|T1090.003|T1105|T1106|T1112|T1113|T1115|T1119|T1120|T1123|T1129|T1218.011|T1497.001|T1543.003|T1560.003|T1564.001|T1569.002|T1573.001|T1573.002|T1680
S0243,DealersChoice,[DealersChoice](https://attack.mitre.org/software/S0243) is a Flash exploitation framework used by [APT28](https://attack.mitre.org/groups/G0007). (Citation: Sofacy DealersChoice),DealersChoice,T1059.003|T1071.001|T1203
S0390,SQLRat,[SQLRat](https://attack.mitre.org/software/S0390) is malware that executes SQL scripts to avoid leaving traditional host artifacts. [FIN7](https://attack.mitre.org/groups/G0046) has been observed using it.(Citation: Flashpoint FIN 7 March 2019),SQLRat,T1027.010|T1053.005|T1059.001|T1059.003|T1070.004|T1105|T1140|T1204.002
S0680,LitePower,[LitePower](https://attack.mitre.org/software/S0680) is a downloader and second stage malware that has been used by [WIRTE](https://attack.mitre.org/groups/G0090) since at least 2021.(Citation: Kaspersky WIRTE November 2021),LitePower,T1012|T1033|T1041|T1053.005|T1059.001|T1071.001|T1082|T1105|T1106|T1113|T1518.001|T1680
S0576,MegaCortex,[MegaCortex](https://attack.mitre.org/software/S0576) is ransomware that first appeared in May 2019. (Citation: IBM MegaCortex) [MegaCortex](https://attack.mitre.org/software/S0576) has mainly targeted industrial organizations. (Citation: FireEye Ransomware Disrupt Industrial Production)(Citation: FireEye Financial Actors Moving into OT),MegaCortex,T1055.001|T1059.003|T1083|T1106|T1112|T1134|T1140|T1218.011|T1486|T1489|T1490|T1497.001|T1531|T1561.001|T1588.003|T1685
S0142,StreamEx,"[StreamEx](https://attack.mitre.org/software/S0142) is a malware family that has been used by [Deep Panda](https://attack.mitre.org/groups/G0009) since at least 2015. In 2016, it was distributed via legitimate compromised Korean websites. (Citation: Cylance Shell Crew Feb 2017)",StreamEx,T1027|T1057|T1059.003|T1082|T1083|T1112|T1218.011|T1518.001|T1543.003
S9000,Ngrok,,Ngrok,
S0651,BoxCaon,[BoxCaon](https://attack.mitre.org/software/S0651) is a Windows backdoor that was used by [IndigoZebra](https://attack.mitre.org/groups/G0136) in a 2021 spearphishing campaign against Afghan government officials. [BoxCaon](https://attack.mitre.org/software/S0651)'s name stems from similarities shared with the malware family [xCaon](https://attack.mitre.org/software/S0653).(Citation: Checkpoint IndigoZebra July 2021),BoxCaon,T1005|T1016|T1027|T1041|T1059.003|T1074.001|T1083|T1102.002|T1105|T1106|T1547|T1567.002
S1090,NightClub,[NightClub](https://attack.mitre.org/software/S1090) is a modular implant written in C++ that has been used by [MoustachedBouncer](https://attack.mitre.org/groups/G1019) since at least 2014.(Citation: MoustachedBouncer ESET August 2023),NightClub,T1005|T1010|T1027|T1036.004|T1036.005|T1041|T1056.001|T1057|T1070.006|T1071.003|T1071.004|T1074.001|T1083|T1105|T1106|T1112|T1113|T1120|T1123|T1132.002|T1543.003
S0538,Crutch,[Crutch](https://attack.mitre.org/software/S0538) is a backdoor designed for document theft that has been used by [Turla](https://attack.mitre.org/groups/G0010) since at least 2015.(Citation: ESET Crutch December 2020),Crutch,T1005|T1008|T1020|T1025|T1036.004|T1041|T1053.005|T1071.001|T1074.001|T1102.002|T1119|T1120|T1560.001|T1567.002|T1574.001
S1194,Akira _v2,[Akira _v2](https://attack.mitre.org/software/S1194) is a Rust-based variant of [Akira](https://attack.mitre.org/software/S1129) ransomware that has been in use since at least 2024. [Akira _v2](https://attack.mitre.org/software/S1194) is designed to target VMware ESXi servers and includes a new command-line argument set and other expanded capabilities.(Citation: CISA Akira Ransomware APR 2024)(Citation: Cisco Akira Ransomware OCT 2024)(Citation: Palo Alto Howling Scorpius DEC 2024),Akira _v2,T1083|T1480|T1486|T1489|T1543|T1654
S0461,SDBbot,[SDBbot](https://attack.mitre.org/software/S0461) is a backdoor with installer and loader components that has been used by [TA505](https://attack.mitre.org/groups/G0092) since at least 2019.(Citation: Proofpoint TA505 October 2019)(Citation: IBM TA505 April 2020),SDBbot,T1005|T1016|T1021.001|T1027|T1027.002|T1033|T1041|T1055.001|T1057|T1059.003|T1070|T1070.004|T1082|T1083|T1090|T1095|T1105|T1125|T1140|T1218.011|T1546.011|T1546.012|T1547.001|T1614
S0256,Mosquito,"[Mosquito](https://attack.mitre.org/software/S0256) is a Win32 backdoor that has been used by [Turla](https://attack.mitre.org/groups/G0010). [Mosquito](https://attack.mitre.org/software/S0256) is made up of three parts: the installer, the launcher, and the backdoor. The main backdoor is called CommanderDLL and is launched by the loader program. (Citation: ESET Turla Mosquito Jan 2018)",Mosquito,T1016|T1027.011|T1027.013|T1033|T1047|T1057|T1059.001|T1059.003|T1070.004|T1105|T1106|T1112|T1218.011|T1518.001|T1546.015|T1547.001|T1573.001
S0148,RTM,[RTM](https://attack.mitre.org/software/S0148) is custom malware written in Delphi. It is used by the group of the same name ([RTM](https://attack.mitre.org/groups/G0048)). Newer versions of the malware have been reported publicly as Redaman.(Citation: ESET RTM Feb 2017)(Citation: Unit42 Redaman January 2019),RTM|Redaman,T1027|T1027.015|T1033|T1036|T1036.004|T1053.005|T1056.001|T1057|T1059.003|T1070.004|T1070.009|T1071.001|T1082|T1083|T1102.001|T1105|T1106|T1112|T1113|T1115|T1119|T1120|T1124|T1204.002|T1218.011|T1219|T1497|T1518|T1518.001|T1547.001|T1548.002|T1553.002|T1553.004|T1559.002|T1566.001|T1568|T1571|T1573.001
S1076,QUIETCANARY,[QUIETCANARY](https://attack.mitre.org/software/S1076) is a backdoor tool written in .NET that has been used since at least 2022 to gather and exfiltrate data from victim networks.(Citation: Mandiant Suspected Turla Campaign February 2023),QUIETCANARY|Tunnus,T1012|T1016|T1071.001|T1074|T1106|T1132.001|T1140|T1564.003|T1573.001
S0021,Derusbi,[Derusbi](https://attack.mitre.org/software/S0021) is malware used by multiple Chinese APT groups.(Citation: Novetta-Axiom)(Citation: ThreatConnect Anthem) Both Windows and Linux variants have been observed.(Citation: Fidelis Turbo),Derusbi|PHOTO,T1008|T1012|T1033|T1055.001|T1056.001|T1057|T1059.004|T1070.004|T1070.006|T1082|T1083|T1095|T1113|T1123|T1125|T1218.010|T1571|T1573.001
S1180,BlackByte Ransomware,"[BlackByte Ransomware](https://attack.mitre.org/software/S1180) is uniquely associated with [BlackByte](https://attack.mitre.org/groups/G1043) operations. [BlackByte Ransomware](https://attack.mitre.org/software/S1180) used a common key for infections, allowing for the creation of a universal decryptor.(Citation: Trustwave BlackByte 2021)(Citation: FBI BlackByte 2022) [BlackByte Ransomware](https://attack.mitre.org/software/S1180) was replaced in [BlackByte](https://attack.mitre.org/groups/G1043",BlackByte Ransomware,T1012|T1021.002|T1027.013|T1046|T1053.005|T1059.007|T1082|T1106|T1112|T1135|T1140|T1222.001|T1480|T1486|T1490|T1497.001|T1518.001|T1570|T1614.001|T1685|T1689
S9028,PHPsert,"[PHPsert](https://attack.mitre.org/software/S9028) is a webshell used to execute PHP code that has been in use since at least 2023 against targets in Japan, Singapore, Peru, Taiwan, Iran, Republic of Korea, and the Philippines. [PHPsert](https://attack.mitre.org/software/S9028) is not typically deployed as a standalone but integrated into web content such as text editors and content management systems.(Citation: sentinelone operationDigitalEye Dec 2024)",PHPsert,T1027.013|T1071.001|T1105|T1132.001|T1140|T1505.003
S0627,SodaMaster,[SodaMaster](https://attack.mitre.org/software/S0627) is a fileless malware used by [menuPass](https://attack.mitre.org/groups/G0045) to download and execute payloads since at least 2020.(Citation: Securelist APT10 March 2021),SodaMaster|DARKTOWN|dfls|DelfsCake,T1012|T1027|T1033|T1057|T1082|T1105|T1106|T1497.001|T1497.003|T1573.001|T1573.002
S0009,Hikit,[Hikit](https://attack.mitre.org/software/S0009) is malware that has been used by [Axiom](https://attack.mitre.org/groups/G0001) for late-stage persistence and exfiltration after the initial compromise.(Citation: Novetta-Axiom)(Citation: FireEye Hikit Rootkit),Hikit,T1005|T1014|T1059.003|T1071.001|T1090.001|T1105|T1553.004|T1553.006|T1566|T1573.001|T1574.001
S1183,StrelaStealer,"[StrelaStealer](https://attack.mitre.org/software/S1183) is an information stealer malware variant first identified in November 2022 and active through late 2024. [StrelaStealer](https://attack.mitre.org/software/S1183) focuses on the automated identification, collection, and exfiltration of email credentials from email clients such as Outlook and Thunderbird.(Citation: DCSO StrelaStealer 2022)(Citation: PaloAlto StrelaStealer 2024)(Citation: Fortgale StrelaStealer 2023)(Citation: IBM StrelaStea",StrelaStealer,T1001|T1020|T1027|T1027.002|T1027.013|T1027.015|T1027.016|T1036|T1036.003|T1036.005|T1036.008|T1041|T1059.001|T1059.003|T1059.007|T1071.001|T1082|T1105|T1119|T1132.001|T1140|T1204.002|T1218.011|T1480|T1480.002|T1497|T1518|T1552.001|T1552.002|T1553.002|T1566.001|T1574.001|T1614.001|T1622
S0531,Grandoreiro,"[Grandoreiro](https://attack.mitre.org/software/S0531) is a banking trojan written in Delphi that was first observed in 2016 and uses a Malware-as-a-Service (MaaS) business model. [Grandoreiro](https://attack.mitre.org/software/S0531) has confirmed victims in Brazil, Mexico, Portugal, and Spain.(Citation: Securelist Brazilian Banking Malware July 2020)(Citation: ESET Grandoreiro April 2020)",Grandoreiro,T1010|T1016|T1027.001|T1027.011|T1027.013|T1033|T1036.005|T1041|T1056.001|T1057|T1059.005|T1070.004|T1071.001|T1082|T1087.003|T1102.001|T1102.002|T1105|T1106|T1112|T1115|T1124|T1140|T1176.001|T1185|T1189|T1204.001|T1204.002|T1218.007|T1222.001|T1497.001|T1518.001|T1539|T1547.001|T1547.009|T1548.002|T1555.003|T1566.002|T1568.002|T1573.002|T1685|T1686|T1686.002
S0515,WellMail,"[WellMail](https://attack.mitre.org/software/S0515) is a lightweight malware written in Golang used by [APT29](https://attack.mitre.org/groups/G0016), similar in design and structure to [WellMess](https://attack.mitre.org/software/S0514).(Citation: CISA WellMail July 2020)(Citation: NCSC APT29 July 2020)",WellMail,T1005|T1016|T1033|T1095|T1105|T1140|T1560|T1571|T1573.002
S0513,LiteDuke,"[LiteDuke](https://attack.mitre.org/software/S0513) is a third stage backdoor that was used by [APT29](https://attack.mitre.org/groups/G0016), primarily in 2014-2015. [LiteDuke](https://attack.mitre.org/software/S0513) used the same dropper as [PolyglotDuke](https://attack.mitre.org/software/S0518), and was found on machines also compromised by [MiniDuke](https://attack.mitre.org/software/S0051).(Citation: ESET Dukes October 2019)",LiteDuke,T1012|T1016|T1027.002|T1027.003|T1033|T1070.004|T1071.001|T1082|T1105|T1140|T1497.003|T1518.001|T1547.001
S0188,Starloader,[Starloader](https://attack.mitre.org/software/S0188) is a loader component that has been observed loading [Felismus](https://attack.mitre.org/software/S0171) and associated tools. (Citation: Symantec Sowbug Nov 2017),Starloader,T1036.005|T1140
S0074,Sakula,[Sakula](https://attack.mitre.org/software/S0074) is a remote access tool (RAT) that first surfaced in 2012 and was used in intrusions throughout 2015. (Citation: Dell Sakula),Sakula|Sakurel|VIPER,T1027.013|T1059.003|T1070.004|T1071.001|T1105|T1218.011|T1543.003|T1547.001|T1548.002|T1573.001|T1574.001
S0636,VaporRage,[VaporRage](https://attack.mitre.org/software/S0636) is a shellcode downloader that has been used by [APT29](https://attack.mitre.org/groups/G0016) since at least 2021.(Citation: MSTIC Nobelium Toolset May 2021),VaporRage,T1071.001|T1105|T1140|T1480
S0169,RawPOS,"[RawPOS](https://attack.mitre.org/software/S0169) is a point-of-sale (POS) malware family that searches for cardholder data on victims. It has been in use since at least 2008. (Citation: Kroll RawPOS Jan 2017) (Citation: TrendMicro RawPOS April 2015) (Citation: Visa RawPOS March 2015) FireEye divides RawPOS into three components: FIENDCRY, DUEBREW, and DRIFTWOOD. (Citation: Mandiant FIN5 GrrCON Oct 2016) (Citation: DarkReading FireEye FIN5 Oct 2015)",RawPOS|FIENDCRY|DUEBREW|DRIFTWOOD,T1005|T1036.004|T1074.001|T1543.003|T1560.003
S0589,Sibot,[Sibot](https://attack.mitre.org/software/S0589) is dual-purpose malware written in VBScript designed to achieve persistence on a compromised system as well as download and execute additional payloads. Microsoft discovered three [Sibot](https://attack.mitre.org/software/S0589) variants in early 2021 during its investigation of [APT29](https://attack.mitre.org/groups/G0016) and the [SolarWinds Compromise](https://attack.mitre.org/campaigns/C0024).(Citation: MSTIC NOBELIUM Mar 2021),Sibot,T1012|T1016|T1027.010|T1027.011|T1036.005|T1047|T1049|T1053.005|T1059.005|T1070|T1070.004|T1071.001|T1102|T1105|T1112|T1140|T1218.005|T1218.011
S1013,ZxxZ,"[ZxxZ](https://attack.mitre.org/software/S1013) is a trojan written in Visual C++ that has been used by [BITTER](https://attack.mitre.org/groups/G1002) since at least August 2021, including against Bangladeshi government personnel.(Citation: Cisco Talos Bitter Bangladesh May 2022)",ZxxZ,T1005|T1012|T1027.013|T1033|T1036.004|T1053.005|T1057|T1082|T1105|T1106|T1140|T1204.002|T1518.001|T1566.001
S9016,Caminho,[Caminho](https://attack.mitre.org/software/S9016) is a downloader that has been used by threat actors since at least 2025 to deliver various strains of malware such as XWorm.(Citation: Zscaler BlindEagle DEC 2025),Caminho|VMDetectLoader,T1027.001|T1027.013|T1055.012|T1105|T1106|T1140
S1011,Tarrask,[Tarrask](https://attack.mitre.org/software/S1011) is malware that has been used by [HAFNIUM](https://attack.mitre.org/groups/G0125) since at least August 2021. [Tarrask](https://attack.mitre.org/software/S1011) was designed to evade digital defenses and maintain persistence by generating concealed scheduled tasks.(Citation: Tarrask scheduled task),Tarrask,T1036.004|T1036.005|T1053.005|T1059.003|T1112|T1134.001|T1564
S1197,GoBear,"[GoBear](https://attack.mitre.org/software/S1197) is a Go-based backdoor that abuses legitimate, stolen certificates for defense evasion purposes. [GoBear](https://attack.mitre.org/software/S1197) is exclusively linked to [Kimsuky](https://attack.mitre.org/groups/G0094) operations.(Citation: S2W Troll Stealer 2024)(Citation: Symantec Troll Stealer 2024)",GoBear,T1036.005|T1090|T1553.002
S0155,WINDSHIELD,[WINDSHIELD](https://attack.mitre.org/software/S0155) is a signature backdoor used by [APT32](https://attack.mitre.org/groups/G0050). (Citation: FireEye APT32 May 2017),WINDSHIELD,T1012|T1033|T1070.004|T1082|T1095
S0502,Drovorub,"[Drovorub](https://attack.mitre.org/software/S0502) is a Linux malware toolset comprised of an agent, client, server, and kernel modules, that has been used by [APT28](https://attack.mitre.org/groups/G0007).(Citation: NSA/FBI Drovorub August 2020)",Drovorub,T1005|T1014|T1027|T1041|T1059.004|T1070.004|T1071.001|T1090.001|T1095|T1105|T1140|T1547.006
S1019,Shark,[Shark](https://attack.mitre.org/software/S1019) is a backdoor malware written in C# and .NET that is an updated version of [Milan](https://attack.mitre.org/software/S1015); it has been used by [HEXANE](https://attack.mitre.org/groups/G1001) since at least July 2021.(Citation: ClearSky Siamesekitten August 2021)(Citation: Accenture Lyceum Targets November 2021),Shark,T1005|T1008|T1012|T1027.013|T1029|T1036.005|T1041|T1059.003|T1070.004|T1071.001|T1071.004|T1074|T1082|T1105|T1140|T1497.001|T1568.002
S0534,Bazar,"[Bazar](https://attack.mitre.org/software/S0534) is a downloader and backdoor that has been used since at least April 2020, with infections primarily against professional services, healthcare, manufacturing, IT, logistics and travel companies across the US and Europe. [Bazar](https://attack.mitre.org/software/S0534) reportedly has ties to [TrickBot](https://attack.mitre.org/software/S0266) campaigns and can be used to deploy additional malware, including ransomware, and to steal sensitive data.(",Bazar|KEGTAP|Team9|Bazaloader,T1005|T1008|T1012|T1016|T1018|T1027.002|T1027.007|T1027.013|T1033|T1036.004|T1036.005|T1036.007|T1047|T1053.005|T1055|T1055.012|T1055.013|T1057|T1059.001|T1059.003|T1070.004|T1070.009|T1071.001|T1082|T1083|T1087.001|T1087.002|T1102|T1104|T1105|T1106|T1124|T1135|T1140|T1197|T1204.001|T1482|T1497|T1497.003|T1518|T1518.001|T1547.001|T1547.004|T1547.009|T1553.002|T1566.002|T1568.002|T1573.001|T1573.002|T1614.001|T1685
S1108,PULSECHECK,[PULSECHECK](https://attack.mitre.org/software/S1108) is a web shell written in Perl that was used by [APT5](https://attack.mitre.org/groups/G1023) as early as 2020 including against Pulse Secure VPNs at US Defense Industrial Base (DIB) companies.(Citation: Mandiant Pulse Secure Zero-Day April 2021),PULSECHECK,T1059.004|T1071.001|T1132.001|T1505.003
S0641,Kobalos,"[Kobalos](https://attack.mitre.org/software/S0641) is a multi-platform backdoor that can be used against Linux, FreeBSD, and Solaris. [Kobalos](https://attack.mitre.org/software/S0641) has been deployed against high profile targets, including high-performance computers, academic servers, an endpoint security vendor, and a large internet service provider; it has been found in Europe, North America, and Asia. [Kobalos](https://attack.mitre.org/software/S0641) was first identified in late 2019.(Cit",Kobalos,T1016|T1027|T1048|T1056|T1059.004|T1070.003|T1070.006|T1074|T1082|T1090.003|T1140|T1205|T1554|T1573.001|T1573.002
S0337,BadPatch,[BadPatch](https://attack.mitre.org/software/S0337) is a Windows Trojan that was used in a Gaza Hackers-linked campaign.(Citation: Unit 42 BadPatch Oct 2017),BadPatch,T1005|T1056.001|T1071.001|T1071.003|T1074.001|T1082|T1083|T1105|T1113|T1497.001|T1518.001|T1547.001
S0443,MESSAGETAP,"[MESSAGETAP](https://attack.mitre.org/software/S0443) is a data mining malware family deployed by [APT41](https://attack.mitre.org/groups/G0096) into telecommunications networks to monitor and save SMS traffic from specific phone numbers, IMSI numbers, or that contain specific keywords. (Citation: FireEye MESSAGETAP October 2019)",MESSAGETAP,T1040|T1049|T1070.004|T1074.001|T1083|T1119|T1140|T1560.003
S0241,RATANKBA,"[RATANKBA](https://attack.mitre.org/software/S0241) is a remote controller tool used by [Lazarus Group](https://attack.mitre.org/groups/G0032). [RATANKBA](https://attack.mitre.org/software/S0241) has been used in attacks targeting financial institutions in Poland, Mexico, Uruguay, the United Kingdom, and Chile. It was also seen used against organizations related to telecommunications, management consulting, information technology, insurance, aviation, and education. [RATANKBA](https://attack.mit",RATANKBA,T1007|T1012|T1016|T1018|T1033|T1047|T1049|T1055.001|T1057|T1059.001|T1059.003|T1071.001|T1082|T1087.001|T1105
S1042,SUGARDUMP,"[SUGARDUMP](https://attack.mitre.org/software/S1042) is a proprietary browser credential harvesting tool that was used by UNC3890 during the [C0010](https://attack.mitre.org/campaigns/C0010) campaign. The first known [SUGARDUMP](https://attack.mitre.org/software/S1042) version was used since at least early 2021, a second SMTP C2 version was used from late 2021-early 2022, and a third HTTP C2 variant was used since at least April 2022.(Citation: Mandiant UNC3890 Aug 2022)",SUGARDUMP,T1036.004|T1036.005|T1041|T1053.005|T1071.001|T1071.003|T1074.001|T1083|T1204.002|T1217|T1518|T1555.003|T1560.003
S1207,XLoader,"[XLoader](https://attack.mitre.org/software/S1207) is an infostealer malware in use since at least 2016. Previously known and sometimes still referred to as Formbook, [XLoader](https://attack.mitre.org/software/S1207) is a Malware as a Service (MaaS) known for stealing data from web browsers, email clients and File Transfer Protocol (FTP) applications.(Citation: Zscaler XLoader 2025)(Citation: ANY.RUN XLoader 2023)(Citation: CheckPoint XLoader 2022)(Citation: Acronis XLoader 2021)(Citation: Goog",XLoader|Formbook,T1027.002|T1027.013|T1033|T1053.005|T1055.004|T1055.012|T1056.001|T1059.010|T1070.004|T1071.001|T1082|T1106|T1113|T1115|T1140|T1185|T1203|T1497|T1497.001|T1529|T1539|T1547.001|T1555|T1555.003|T1566.001|T1583.001|T1622|T1685
S0157,SOUNDBITE,[SOUNDBITE](https://attack.mitre.org/software/S0157) is a signature backdoor used by [APT32](https://attack.mitre.org/groups/G0050). (Citation: FireEye APT32 May 2017),SOUNDBITE,T1010|T1071.004|T1082|T1083|T1112
S0245,BADCALL,[BADCALL](https://attack.mitre.org/software/S0245) is a Trojan malware variant used by the group [Lazarus Group](https://attack.mitre.org/groups/G0032). (Citation: US-CERT BADCALL),BADCALL,T1001.003|T1016|T1082|T1090|T1112|T1571|T1573.001|T1686.003
S0071,hcdLoader,[hcdLoader](https://attack.mitre.org/software/S0071) is a remote access tool (RAT) that has been used by [APT18](https://attack.mitre.org/groups/G0026). (Citation: Dell Lateral Movement),hcdLoader,T1059.003|T1543.003
S0118,Nidiran,[Nidiran](https://attack.mitre.org/software/S0118) is a custom backdoor developed and used by [Suckfly](https://attack.mitre.org/groups/G0039). It has been delivered via strategic web compromise. (Citation: Symantec Suckfly March 2016),Nidiran|Backdoor.Nidiran,T1036.004|T1105|T1543.003
S0149,MoonWind,[MoonWind](https://attack.mitre.org/software/S0149) is a remote access tool (RAT) that was used in 2016 to target organizations in Thailand. (Citation: Palo Alto MoonWind March 2017),MoonWind,T1016|T1033|T1056.001|T1057|T1059.003|T1070.004|T1074.001|T1082|T1083|T1095|T1120|T1124|T1543.003|T1571|T1573.001
S9023,HiddenFace,[HiddenFace](https://attack.mitre.org/software/S9023) is a modular backdoor developed and used exclusively by [MirrorFace](https://attack.mitre.org/groups/G1054) since at least 2021. [HiddenFace](https://attack.mitre.org/software/S9023) can communicate both actively and passively and has been used against political and academic targets.(Citation: JPCERT MirrorFace JUL 2024)(Citation: Trend Micro Earth Kasha NOV 2024)(Citation: Trend Micro Earth Kasha Updates APR 2025),HiddenFace|NOOPDOOR,T1005|T1008|T1027.007|T1027.013|T1033|T1053.005|T1055|T1057|T1070.006|T1082|T1090.001|T1095|T1105|T1112|T1140|T1480|T1480.002|T1497.003|T1518.001|T1568.002|T1571|T1572|T1573.001|T1573.002|T1686.003
S1235,CorKLOG,"[CorKLOG](https://attack.mitre.org/software/S1235) is a keylogger known to be leveraged by [Mustang Panda](https://attack.mitre.org/groups/G0129) and was first observed utilized in 2024. [CorKLOG](https://attack.mitre.org/software/S1235) is delivered through a RAR archive (e.g., src.rar), which contains two files: an executable (lcommute.exe) and the [CorKLOG](https://attack.mitre.org/software/S1235) DLL (mscorsvc.dll).  [CorKLOG](https://attack.mitre.org/software/S1235) has established persiste",CorKLOG,T1027.013|T1053.005|T1056.001|T1074.001|T1140|T1543.003|T1553.002|T1574.001
S0446,Ryuk,[Ryuk](https://attack.mitre.org/software/S0446) is a ransomware designed to target enterprise environments that has been used in attacks since at least 2018. [Ryuk](https://attack.mitre.org/software/S0446) shares code similarities with Hermes ransomware.(Citation: CrowdStrike Ryuk January 2019)(Citation: FireEye Ryuk and Trickbot January 2019)(Citation: FireEye FIN6 Apr 2019),Ryuk,T1016|T1021.002|T1027|T1036|T1036.005|T1053.005|T1055|T1057|T1059.003|T1078.002|T1083|T1106|T1134|T1205|T1222.001|T1486|T1489|T1490|T1547.001|T1614.001|T1680|T1685
S0498,Cryptoistic,"[Cryptoistic](https://attack.mitre.org/software/S0498) is a backdoor, written in Swift, that has been used by [Lazarus Group](https://attack.mitre.org/groups/G0032).(Citation: SentinelOne Lazarus macOS July 2020)",Cryptoistic,T1005|T1033|T1070.004|T1083|T1095|T1105|T1573
S0697,HermeticWiper,"[HermeticWiper](https://attack.mitre.org/software/S0697) is a data wiper that has been used since at least early 2022, primarily against Ukraine with additional activity observed in Latvia and Lithuania. Some sectors targeted include government, financial, defense, aviation, and IT services.(Citation: SentinelOne Hermetic Wiper February 2022)(Citation: Symantec Ukraine Wipers February 2022)(Citation: Crowdstrike DriveSlayer February 2022)(Citation: ESET Hermetic Wiper February 2022)(Citation: Qu",HermeticWiper|Trojan.Killdisk|DriveSlayer,T1027.015|T1036.005|T1053.005|T1059.003|T1070|T1070.004|T1082|T1083|T1106|T1112|T1134|T1140|T1484.001|T1485|T1489|T1490|T1497.003|T1529|T1543.003|T1553.002|T1561.001|T1561.002|T1569.002|T1680|T1685|T1685.005
S0469,ABK,[ABK](https://attack.mitre.org/software/S0469) is a downloader that has been used by [BRONZE BUTLER](https://attack.mitre.org/groups/G0060) since at least 2019.(Citation: Trend Micro Tick November 2019),ABK,T1027.003|T1055|T1059.003|T1071.001|T1105|T1140|T1518.001
S0583,Pysa,"[Pysa](https://attack.mitre.org/software/S0583) is a ransomware that was first used in October 2018 and has been seen to target particularly high-value finance, government and healthcare organizations.(Citation: CERT-FR PYSA April 2020)",Pysa|Mespinoza,T1003.001|T1016|T1021.001|T1036.005|T1046|T1059.001|T1059.006|T1070.004|T1110|T1112|T1486|T1489|T1490|T1552.001|T1569.002|T1685
S0041,Wiper,[Wiper](https://attack.mitre.org/software/S0041) is a family of destructive malware used in March 2013 during breaches of South Korean banks and media companies. (Citation: Dell Wiper),Wiper,T1072
S0355,Final1stspy,[Final1stspy](https://attack.mitre.org/software/S0355) is a dropper family that has been used to deliver [DOGCALL](https://attack.mitre.org/software/S0213).(Citation: Unit 42 Nokki Oct 2018),Final1stspy,T1027|T1057|T1071.001|T1082|T1140|T1547.001
S1146,MgBot,[MgBot](https://attack.mitre.org/software/S1146) is a modular malware framework exclusively associated with [Daggerfly](https://attack.mitre.org/groups/G1034) operations since at least 2012. [MgBot](https://attack.mitre.org/software/S1146) was developed in C++ and features a module design with multiple available plugins that have been under active development through 2024.(Citation: Szappanos MgBot 2014)(Citation: ESET EvasivePanda 2023)(Citation: Symantec Daggerfly 2024),MgBot,T1003|T1005|T1018|T1025|T1033|T1046|T1056.001|T1057|T1087.001|T1087.002|T1115|T1123|T1213.006|T1482|T1539|T1555|T1555.003
S1043,ccf32,"[ccf32](https://attack.mitre.org/software/S1043) is data collection malware that has been used since at least February 2019, most notably during the [FunnyDream](https://attack.mitre.org/campaigns/C0007) campaign; there is also a similar x64 version.(Citation: Bitdefender FunnyDream Campaign November 2020)",ccf32,T1005|T1048.003|T1053.005|T1059.003|T1070.004|T1074.001|T1074.002|T1083|T1119|T1124|T1560.001|T1564.001
S1190,Kapeka,"Kapeka is a backdoor written in C++ used against victims in Eastern Europe since at least mid-2022. Kapeka has technical overlaps with [Exaramel for Windows](https://attack.mitre.org/software/S0343) and [Prestige](https://attack.mitre.org/software/S1058) malware variants, both of which are linked to [Sandworm Team](https://attack.mitre.org/groups/G0034). Kapeka may have been used in advance of [Prestige](https://attack.mitre.org/software/S1058) deployment in late 2022.(Citation: WithSecure Kapek",Kapeka|KnuckleTouch,T1012|T1027.013|T1036.008|T1053.005|T1059.003|T1070.009|T1071.001|T1082|T1090|T1106|T1112|T1132.001|T1140|T1218.011
S1199,LockBit 2.0,"[LockBit 2.0](https://attack.mitre.org/software/S1199) is an affiliate-based Ransomware-as-a-Service (RaaS) that has been in use since at least June 2021 as the successor to LockBit Ransomware. [LockBit 2.0](https://attack.mitre.org/software/S1199) has versions capable of infecting Windows and VMware ESXi virtual machines, and has been observed targeting multiple industry verticals globally.(Citation: FBI Lockbit 2.0 FEB 2022)(Citation: Palo Alto Lockbit 2.0 JUN 2022)",LockBit 2.0,T1021.002|T1047|T1053.005|T1057|T1059.001|T1059.003|T1070.004|T1082|T1083|T1112|T1120|T1135|T1136|T1140|T1480|T1484.001|T1486|T1489|T1490|T1547.001|T1548.002|T1564.003|T1614.001|T1680|T1685|T1685.005
S1171,OilCheck,[OilCheck](https://attack.mitre.org/software/S1171) is a C#/.NET downloader that has been used by [OilRig](https://attack.mitre.org/groups/G0049) since at least 2022 including against targets in Israel. [OilCheck](https://attack.mitre.org/software/S1171) uses draft messages created in a shared email account for C2 communication.(Citation: ESET OilRig Downloaders DEC 2023),OilCheck,T1102.002|T1105|T1567
S0251,Zebrocy,"[Zebrocy](https://attack.mitre.org/software/S0251) is a Trojan that has been used by [APT28](https://attack.mitre.org/groups/G0007) since at least November 2015. The malware comes in several programming language variants, including C++, Delphi, AutoIt, C#, VB.NET, and Golang. (Citation: Palo Alto Sofacy 06-2018)(Citation: Unit42 Cannon Nov 2018)(Citation: Unit42 Sofacy Dec 2018)(Citation: CISA Zebrocy Oct 2020) ",Zebrocy|Zekapab,T1012|T1016|T1027.002|T1033|T1037.001|T1041|T1047|T1049|T1053.005|T1056.004|T1057|T1059.003|T1070.004|T1071.001|T1071.003|T1074.001|T1082|T1083|T1105|T1113|T1119|T1120|T1124|T1132.001|T1135|T1140|T1547.001|T1555.003|T1560|T1573.002|T1680
S0664,Pandora,[Pandora](https://attack.mitre.org/software/S0664) is a multistage kernel rootkit with backdoor functionality that has been in use by [Threat Group-3390](https://attack.mitre.org/groups/G0027) since at least 2020.(Citation: Trend Micro Iron Tiger April 2021),Pandora,T1027.015|T1055|T1057|T1068|T1071.001|T1105|T1112|T1205|T1543.003|T1553.006|T1569.002|T1573.001|T1574.001
S0182,FinFisher,[FinFisher](https://attack.mitre.org/software/S0182) is a government-grade commercial surveillance spyware reportedly sold exclusively to government agencies for use in targeted and lawful criminal investigations. It is heavily obfuscated and uses multiple anti-analysis techniques. It has other variants including [Wingbird](https://attack.mitre.org/software/S0176). (Citation: FinFisher Citation) (Citation: Microsoft SIR Vol 21) (Citation: FireEye FinSpy Sept 2017) (Citation: Securelist BlackOasi,FinFisher|FinSpy,T1012|T1027|T1027.002|T1027.016|T1036.005|T1055.001|T1056.004|T1057|T1082|T1083|T1113|T1134.001|T1140|T1497.001|T1518.001|T1542.003|T1543.003|T1547.001|T1548.002|T1574.001|T1574.013|T1685.005
S0374,SpeakUp,[SpeakUp](https://attack.mitre.org/software/S0374) is a Trojan backdoor that targets both Linux and OSX devices. It was first observed in January 2019. (Citation: CheckPoint SpeakUp Feb 2019),SpeakUp,T1016|T1027.013|T1033|T1046|T1049|T1053.003|T1059|T1059.006|T1070.004|T1071.001|T1082|T1105|T1110.001|T1132.001|T1203
S1142,LunarMail,[LunarMail](https://attack.mitre.org/software/S1142) is a backdoor that has been used by [Turla](https://attack.mitre.org/groups/G0010) since at least 2020 including in a compromise of a European ministry of foreign affairs (MFA) in conjunction with [LunarLoader](https://attack.mitre.org/software/S1143) and [LunarWeb](https://attack.mitre.org/software/S1141). [LunarMail](https://attack.mitre.org/software/S1142) is designed to be deployed on workstations and can use email messages and [Steganogra,LunarMail,T1001.002|T1027.013|T1041|T1059.005|T1070.004|T1070.008|T1071.003|T1074.001|T1082|T1083|T1095|T1113|T1114.001|T1137.006|T1140|T1204.002|T1543
S1116,WARPWIRE,[WARPWIRE](https://attack.mitre.org/software/S1116) is a Javascript credential stealer that targets plaintext passwords and usernames for exfiltration that was used during [Cutting Edge](https://attack.mitre.org/campaigns/C0029) to target Ivanti Connect Secure VPNs.(Citation: Mandiant Cutting Edge January 2024)(Citation: Mandiant Cutting Edge Part 2 January 2024),WARPWIRE,T1048.003|T1056.003|T1059.007|T1132.001|T1554
S0235,CrossRAT,[CrossRAT](https://attack.mitre.org/software/S0235) is a cross platform RAT.,CrossRAT,T1083|T1113|T1543.001|T1547.001|T1547.013
S0072,OwaAuth,[OwaAuth](https://attack.mitre.org/software/S0072) is a Web shell and credential stealer deployed to Microsoft Exchange servers that appears to be exclusively used by [Threat Group-3390](https://attack.mitre.org/groups/G0027). (Citation: Dell TG-3390),OwaAuth,T1036.005|T1056.001|T1070.006|T1071.001|T1083|T1505.003|T1505.004|T1560.003
S0454,Cadelspy,[Cadelspy](https://attack.mitre.org/software/S0454) is a backdoor that has been used by [APT39](https://attack.mitre.org/groups/G0087).(Citation: Symantec Chafer Dec 2015),Cadelspy,T1010|T1056.001|T1082|T1113|T1115|T1120|T1123|T1560
S0154,Cobalt Strike,"[Cobalt Strike](https://attack.mitre.org/software/S0154) is a commercial, full-featured, remote access tool that bills itself as “adversary simulation software designed to execute targeted attacks and emulate the post-exploitation actions of advanced threat actors”. Cobalt Strike’s interactive post-exploit capabilities cover the full range of ATT&CK tactics, all executed within a single, integrated system.(Citation: cobaltstrike manual)

In addition to its own capabilities, [Cobalt Strike](https",Cobalt Strike,T1001.003|T1003.001|T1003.002|T1005|T1007|T1012|T1016|T1018|T1021.001|T1021.002|T1021.003|T1021.004|T1021.006|T1027|T1027.005|T1029|T1030|T1046|T1047|T1049|T1055|T1055.001|T1055.012|T1056.001|T1057|T1059.001|T1059.003|T1059.005|T1059.006|T1059.007|T1068|T1069.001|T1069.002|T1070.006|T1071.001|T1071.002|T1071.004|T1078.002|T1078.003|T1083|T1087.002|T1090.001|T1090.004|T1095|T1105|T1106|T1112|T1113|T1132.001|T1134.001|T1134.003|T1134.004|T1135|T1137.001|T1140|T1185|T1197|T1203|T1218.011|T1497.002|T1518|T1543.003|T1548.002|T1548.003|T1550.002|T1553.002|T1564.010|T1569.002|T1572|T1573.001|T1573.002|T1620|T1685
S1168,SampleCheck5000,[SampleCheck5000](https://attack.mitre.org/software/S1168) is a downloader with multiple variants that was used by [OilRig](https://attack.mitre.org/groups/G0049) including during the [Outer Space](https://attack.mitre.org/campaigns/C0042) campaign to download and execute additional payloads. (Citation: ESET OilRig Campaigns Sep 2023)(Citation: ESET OilRig Downloaders DEC 2023),SampleCheck5000|SC5k,T1059.003|T1071.001|T1074.001|T1082|T1102.002|T1105|T1140|T1560.001|T1567|T1680
S0559,SUNBURST,[SUNBURST](https://attack.mitre.org/software/S0559) is a trojanized DLL designed to fit within the SolarWinds Orion software update framework. It was used by [APT29](https://attack.mitre.org/groups/G0016) since at least February 2020.(Citation: SolarWinds Sunburst Sunspot Update January 2021)(Citation: Microsoft Deep Dive Solorigate January 2021),SUNBURST|Solorigate,T1001.001|T1001.002|T1001.003|T1005|T1007|T1012|T1016|T1027|T1027.005|T1027.015|T1033|T1036.005|T1047|T1057|T1059.005|T1070|T1070.004|T1070.007|T1070.009|T1071.001|T1071.004|T1082|T1083|T1105|T1112|T1124|T1132.001|T1218.011|T1497.001|T1497.003|T1518.001|T1546.012|T1553.002|T1568|T1573.001|T1685
S0396,EvilBunny,[EvilBunny](https://attack.mitre.org/software/S0396) is a C++ malware sample observed since 2011 that was designed to be a execution platform for Lua scripts.(Citation: Cyphort EvilBunny Dec 2014),EvilBunny,T1047|T1053.005|T1057|T1059.003|T1059.011|T1070.004|T1071.001|T1105|T1106|T1124|T1203|T1497.001|T1497.003|T1518.001|T1547.001
S0176,Wingbird,[Wingbird](https://attack.mitre.org/software/S0176) is a backdoor that appears to be a version of commercial software [FinFisher](https://attack.mitre.org/software/S0182). It is reportedly used to attack individual computers instead of networks. It was used by [NEODYMIUM](https://attack.mitre.org/groups/G0055) in a May 2016 campaign. (Citation: Microsoft SIR Vol 21) (Citation: Microsoft NEODYMIUM Dec 2016),Wingbird,T1055|T1068|T1070.004|T1082|T1518.001|T1543.003|T1547.008|T1569.002|T1574.001
S0338,Cobian RAT,"[Cobian RAT](https://attack.mitre.org/software/S0338) is a backdoor, remote access tool that has been observed since 2016.(Citation: Zscaler Cobian Aug 2017)",Cobian RAT,T1056.001|T1059.003|T1071.004|T1113|T1123|T1125|T1132.001|T1547.001
S0431,HotCroissant,"[HotCroissant](https://attack.mitre.org/software/S0431) is a remote access trojan (RAT) attributed by U.S. government entities to malicious North Korean government cyber activity, tracked collectively as HIDDEN COBRA.(Citation: US-CERT HOTCROISSANT February 2020) [HotCroissant](https://attack.mitre.org/software/S0431) shares numerous code similarities with [Rifdoor](https://attack.mitre.org/software/S0433).(Citation: Carbon Black HotCroissant April 2020)",HotCroissant,T1007|T1010|T1016|T1027.002|T1027.013|T1033|T1041|T1053.005|T1057|T1059.003|T1070.004|T1082|T1083|T1105|T1106|T1113|T1489|T1518|T1564.003|T1573.001
S0382,ServHelper,[ServHelper](https://attack.mitre.org/software/S0382) is a backdoor first observed in late 2018. The backdoor is written in Delphi and is typically delivered as a DLL file.(Citation: Proofpoint TA505 Jan 2019),ServHelper,T1021.001|T1033|T1036.010|T1053.005|T1059.001|T1059.003|T1070.004|T1071.001|T1082|T1098.007|T1105|T1136.001|T1218.011|T1547.001|T1573.002
S0389,JCry,[JCry](https://attack.mitre.org/software/S0389) is ransomware written in Go. It was identified as apart of the #OpJerusalem 2019 campaign.(Citation: Carbon Black JCry May 2019),JCry,T1059.001|T1059.003|T1059.005|T1204.002|T1486|T1490|T1547.001
S0130,Unknown Logger,"[Unknown Logger](https://attack.mitre.org/software/S0130) is a publicly released, free backdoor. Version 1.5 of the backdoor has been used by the actors responsible for the MONSOON campaign. (Citation: Forcepoint Monsoon)",Unknown Logger,T1016|T1033|T1056.001|T1082|T1091|T1105|T1555.003|T1685
S0496,REvil,"[REvil](https://attack.mitre.org/software/S0496) is a ransomware family that has been linked to the [GOLD SOUTHFIELD](https://attack.mitre.org/groups/G0115) group and operated as ransomware-as-a-service (RaaS) since at least April 2019. [REvil](https://attack.mitre.org/software/S0496), which as been used against organizations in the manufacturing, transportation, and electric sectors, is highly configurable and shares code similarities with the GandCrab RaaS.(Citation: Secureworks REvil Septembe",REvil|Sodin|Sodinokibi,T1007|T1012|T1027.011|T1027.013|T1036.005|T1041|T1047|T1055|T1059.001|T1059.003|T1059.005|T1069.002|T1070.004|T1071.001|T1082|T1083|T1105|T1106|T1112|T1134.001|T1134.002|T1140|T1189|T1204.002|T1480.002|T1485|T1486|T1489|T1490|T1566.001|T1573.002|T1614.001|T1680|T1685|T1688
S0003,RIPTIDE,[RIPTIDE](https://attack.mitre.org/software/S0003) is a proxy-aware backdoor used by [APT12](https://attack.mitre.org/groups/G0005). (Citation: Moran 2014),RIPTIDE,T1071.001|T1573.001
S0476,Valak,"[Valak](https://attack.mitre.org/software/S0476) is a multi-stage modular malware that can function as a standalone information stealer or downloader, first observed in 2019 targeting enterprises in the US and Germany.(Citation: Cybereason Valak May 2020)(Citation: Unit 42 Valak July 2020)",Valak,T1008|T1012|T1016|T1027|T1027.002|T1027.011|T1033|T1041|T1047|T1053.005|T1057|T1059.001|T1059.007|T1071.001|T1082|T1087.001|T1087.002|T1104|T1105|T1112|T1113|T1114.002|T1119|T1132.001|T1140|T1204.002|T1218.010|T1518.001|T1552.002|T1555.004|T1559.002|T1564.004|T1566.001|T1566.002
S1099,Samurai,[Samurai](https://attack.mitre.org/software/S1099) is a passive backdoor that has been used by [ToddyCat](https://attack.mitre.org/groups/G1022) since at least 2020. [Samurai](https://attack.mitre.org/software/S1099) allows arbitrary C# code execution and is used with multiple modules for remote administration and lateral movement.(Citation: Kaspersky ToddyCat June 2022),Samurai,T1005|T1012|T1027|T1027.004|T1027.007|T1027.015|T1036.005|T1059.003|T1071.001|T1083|T1090|T1095|T1105|T1106|T1112|T1132.001|T1518|T1543.003|T1573.001
S0048,PinchDuke,[PinchDuke](https://attack.mitre.org/software/S0048) is malware that was used by [APT29](https://attack.mitre.org/groups/G0016) from 2008 to 2010. (Citation: F-Secure The Dukes),PinchDuke,T1003|T1005|T1071.001|T1082|T1083|T1555|T1555.003
S1015,Milan,[Milan](https://attack.mitre.org/software/S1015) is a backdoor implant based on [DanBot](https://attack.mitre.org/software/S1014) that was written in Visual C++ and .NET. [Milan](https://attack.mitre.org/software/S1015) has been used by [HEXANE](https://attack.mitre.org/groups/G1001) since at least June 2020.(Citation: ClearSky Siamesekitten August 2021)(Citation: Kaspersky Lyceum October 2021),Milan|James,T1005|T1012|T1016|T1027.013|T1033|T1036|T1036.007|T1053.005|T1059.003|T1070.004|T1071.001|T1071.004|T1074.001|T1082|T1087.001|T1105|T1106|T1559.001|T1568.002|T1572
S0136,USBStealer,[USBStealer](https://attack.mitre.org/software/S0136) is malware that has been used by [APT28](https://attack.mitre.org/groups/G0007) since at least 2005 to extract information from air-gapped networks. It does not have the capability to communicate over the Internet and has been used in conjunction with [ADVSTORESHELL](https://attack.mitre.org/software/S0045). (Citation: ESET Sednit USBStealer 2014) (Citation: Kaspersky Sofacy),USBStealer|USB Stealer|Win32/USBStealer,T1020|T1025|T1027.013|T1036.005|T1052.001|T1070.004|T1070.006|T1074.001|T1083|T1091|T1092|T1119|T1120|T1547.001
S0352,OSX_OCEANLOTUS.D,"[OSX_OCEANLOTUS.D](https://attack.mitre.org/software/S0352) is a macOS backdoor used by [APT32](https://attack.mitre.org/groups/G0050). First discovered in 2015, [APT32](https://attack.mitre.org/groups/G0050) has continued to make improvements using a plugin architecture to extend capabilities, specifically using `.dylib` files. [OSX_OCEANLOTUS.D](https://attack.mitre.org/software/S0352) can also determine it's permission level and execute according to access type (`root` or `user`).(Citation: U",OSX_OCEANLOTUS.D|Backdoor.MacOS.OCEANLOTUS.F,T1005|T1016|T1027.002|T1027.013|T1036.004|T1036.008|T1059.001|T1059.004|T1059.005|T1070.004|T1070.006|T1071.001|T1082|T1095|T1105|T1129|T1132.001|T1140|T1222.002|T1497.001|T1543.001|T1543.004|T1553.001|T1560.002|T1560.003|T1564.001|T1571|T1573.001
S1172,OilBooster,[OilBooster](https://attack.mitre.org/software/S1172) is a downloader written in Microsoft Visual C/C++ that has been used by [OilRig](https://attack.mitre.org/groups/G0049) since at least 2022 including against target organizations in Israel to download and execute files and for exfiltration.(Citation: ESET OilRig Downloaders DEC 2023)   ,OilBooster,T1008|T1033|T1041|T1059.003|T1071.001|T1074.001|T1082|T1102.002|T1105|T1106|T1140|T1559|T1564.003|T1567.002|T1573.002
S0222,CCBkdr,[CCBkdr](https://attack.mitre.org/software/S0222) is malware that was injected into a signed version of CCleaner and distributed from CCleaner's distribution website. (Citation: Talos CCleanup 2017) (Citation: Intezer Aurora Sept 2017),CCBkdr,T1195.002|T1568.002
S0052,OnionDuke,[OnionDuke](https://attack.mitre.org/software/S0052) is malware that was used by [APT29](https://attack.mitre.org/groups/G0016) from 2013 to 2015. (Citation: F-Secure The Dukes),OnionDuke,T1003|T1071.001|T1102.003|T1140|T1499
S0011,Taidoor,[Taidoor](https://attack.mitre.org/software/S0011) is a remote access trojan (RAT) that has been used by Chinese government cyber actors to maintain access on victim networks.(Citation: CISA MAR-10292089-1.v2 TAIDOOR August 2021) [Taidoor](https://attack.mitre.org/software/S0011) has primarily been used against Taiwanese government organizations since at least 2010.(Citation: TrendMicro Taidoor),Taidoor,T1005|T1012|T1016|T1027.013|T1055.001|T1057|T1059.003|T1070.004|T1071.001|T1083|T1095|T1105|T1106|T1112|T1124|T1140|T1204.002|T1547.001|T1566.001|T1573.001
S0028,SHIPSHAPE,[SHIPSHAPE](https://attack.mitre.org/software/S0028) is malware developed by [APT30](https://attack.mitre.org/groups/G0013) that allows propagation and exfiltration of data over removable devices. [APT30](https://attack.mitre.org/groups/G0013) may use this capability to exfiltrate data across air-gaps. (Citation: FireEye APT30),SHIPSHAPE,T1091|T1547.001|T1547.009
S0107,Cherry Picker,[Cherry Picker](https://attack.mitre.org/software/S0107) is a point of sale (PoS) memory scraper. (Citation: Trustwave Cherry Picker),Cherry Picker,T1048.003|T1070.004|T1546.010
S0578,SUPERNOVA,[SUPERNOVA](https://attack.mitre.org/software/S0578) is an in-memory web shell written in .NET C#. It was discovered in November 2020 during the investigation of [APT29](https://attack.mitre.org/groups/G0016)'s SolarWinds cyber operation but determined to be unrelated. Subsequent analysis suggests [SUPERNOVA](https://attack.mitre.org/software/S0578) may have been used by the China-based threat group SPIRAL.(Citation: Guidepoint SUPERNOVA Dec 2020)(Citation: Unit42 SUPERNOVA Dec 2020)(Citation: S,SUPERNOVA,T1027.013|T1036.005|T1071.001|T1203|T1505.003
S0016,P2P ZeuS,"[P2P ZeuS](https://attack.mitre.org/software/S0016) is a closed-source fork of the leaked version of the ZeuS botnet. It presents improvements over the leaked version, including a peer-to-peer architecture. (Citation: Dell P2P ZeuS)",P2P ZeuS|Peer-to-Peer ZeuS|Gameover ZeuS,T1001.001
S0437,Kivars,"[Kivars](https://attack.mitre.org/software/S0437) is a modular remote access tool (RAT), derived from the Bifrost RAT, that was used by [BlackTech](https://attack.mitre.org/groups/G0098) in a 2010 campaign.(Citation: TrendMicro BlackTech June 2017)",Kivars,T1021|T1056.001|T1070.004|T1083|T1105|T1113|T1564.003
S0693,CaddyWiper,[CaddyWiper](https://attack.mitre.org/software/S0693) is a destructive data wiper that has been used in attacks against organizations in Ukraine since at least March 2022.(Citation: ESET CaddyWiper March 2022)(Citation: Cisco CaddyWiper March 2022),CaddyWiper,T1057|T1082|T1083|T1106|T1222.001|T1485|T1561.002
S0687,Cyclops Blink,"[Cyclops Blink](https://attack.mitre.org/software/S0687) is a modular malware that has been used in widespread campaigns by [Sandworm Team](https://attack.mitre.org/groups/G0034) since at least 2019 to target Small/Home Office (SOHO) network devices, including WatchGuard and Asus. [Cyclops Blink](https://attack.mitre.org/software/S0687) is assessed to be a replacement for [VPNFilter](https://attack.mitre.org/software/S1010), a similar platform targeting network devices.(Citation: NCSC Cyclops Bl",Cyclops Blink,T1005|T1016|T1036.005|T1037.004|T1041|T1057|T1070.006|T1071.001|T1082|T1083|T1090.003|T1105|T1106|T1132.002|T1140|T1542.002|T1559|T1571|T1572|T1573.002|T1686.002
S0012,PoisonIvy,[PoisonIvy](https://attack.mitre.org/software/S0012) is a popular remote access tool (RAT) that has been used by many groups.(Citation: FireEye Poison Ivy)(Citation: Symantec Elderwood Sept 2012)(Citation: Symantec Darkmoon Aug 2005),PoisonIvy|Breut|Poison Ivy|Darkmoon,T1005|T1010|T1014|T1027|T1055.001|T1056.001|T1059.003|T1074.001|T1105|T1112|T1480.002|T1543.003|T1547.001|T1547.014|T1573.001
S0345,Seasalt,[Seasalt](https://attack.mitre.org/software/S0345) is malware that has been linked to [APT1](https://attack.mitre.org/groups/G0006)'s 2010 operations. It shares some code similarities with [OceanSalt](https://attack.mitre.org/software/S0346).(Citation: Mandiant APT1 Appendix)(Citation: McAfee Oceansalt Oct 2018),Seasalt,T1027.013|T1036.004|T1057|T1059.003|T1070.004|T1071.001|T1083|T1105|T1543.003|T1547.001
S0637,NativeZone,[NativeZone](https://attack.mitre.org/software/S0637) is the name given collectively to disposable custom [Cobalt Strike](https://attack.mitre.org/software/S0154) loaders used by [APT29](https://attack.mitre.org/groups/G0016) since at least 2021.(Citation: MSTIC Nobelium Toolset May 2021)(Citation: SentinelOne NobleBaron June 2021),NativeZone,T1036|T1140|T1204.002|T1218.011|T1480|T1497.001
S0336,NanoCore,[NanoCore](https://attack.mitre.org/software/S0336) is a modular remote access tool developed in .NET that can be used to spy on victims and steal information. It has been used by threat actors since 2013.(Citation: DigiTrust NanoCore Jan 2017)(Citation: Cofense NanoCore Mar 2018)(Citation: PaloAlto NanoCore Feb 2016)(Citation: Unit 42 Gorgon Group Aug 2018),NanoCore,T1016|T1027|T1056.001|T1059.003|T1059.005|T1105|T1112|T1123|T1125|T1547.001|T1573.001|T1685|T1686
S0467,TajMahal,"[TajMahal](https://attack.mitre.org/software/S0467) is a multifunctional spying framework that has been in use since at least 2014. [TajMahal](https://attack.mitre.org/software/S0467) is comprised of two separate packages, named Tokyo and Yokohama, and can deploy up to 80 plugins.(Citation: Kaspersky TajMahal April 2019)",TajMahal,T1005|T1016|T1020|T1025|T1027|T1041|T1055.001|T1056.001|T1057|T1082|T1083|T1112|T1113|T1115|T1119|T1120|T1123|T1124|T1125|T1129|T1518|T1518.001|T1539|T1560.002
S0435,PLEAD,"[PLEAD](https://attack.mitre.org/software/S0435) is a remote access tool (RAT) and downloader used by [BlackTech](https://attack.mitre.org/groups/G0098) in targeted attacks in East Asia including Taiwan, Japan, and Hong Kong.(Citation: TrendMicro BlackTech June 2017)(Citation: JPCert PLEAD Downloader June 2018) [PLEAD](https://attack.mitre.org/software/S0435) has also been referred to as [TSCookie](https://attack.mitre.org/software/S0436), though more recent reporting indicates likely separation",PLEAD,T1001.001|T1010|T1057|T1059.003|T1070.004|T1071.001|T1083|T1090|T1105|T1106|T1204.001|T1204.002|T1555|T1555.003|T1573.001
S1148,Raccoon Stealer,"[Raccoon Stealer](https://attack.mitre.org/software/S1148) is an information stealer malware family active since at least 2019 as a malware-as-a-service offering sold in underground forums. [Raccoon Stealer](https://attack.mitre.org/software/S1148) has experienced two periods of activity across two variants, from 2019 to March 2022, then resurfacing in a revised version in June 2022.(Citation: S2W Racoon 2022)(Citation: Sekoia Raccoon1 2022)",Raccoon Stealer,T1005|T1012|T1020|T1027.007|T1027.013|T1033|T1041|T1070.004|T1071.001|T1082|T1083|T1087.001|T1105|T1113|T1119|T1124|T1140|T1195|T1213|T1518|T1539|T1555.003|T1560|T1614
S1132,IPsec Helper,"[IPsec Helper](https://attack.mitre.org/software/S1132) is a post-exploitation remote access tool linked to [Agrius](https://attack.mitre.org/groups/G1030) operations. This malware shares significant programming and functional overlaps with [Apostle](https://attack.mitre.org/software/S1133) ransomware, also linked to [Agrius](https://attack.mitre.org/groups/G1030). [IPsec Helper](https://attack.mitre.org/software/S1132) provides basic remote access tool functionality such as uploading files from",IPsec Helper,T1005|T1027.013|T1041|T1057|T1059.001|T1059.003|T1059.005|T1070|T1070.004|T1070.009|T1071.001|T1112|T1497.003|T1569.002|T1570
S0187,Daserf,"[Daserf](https://attack.mitre.org/software/S0187) is a backdoor that has been used to spy on and steal from Japanese, South Korean, Russian, Singaporean, and Chinese victims. Researchers have identified versions written in both Visual C and Delphi. (Citation: Trend Micro Daserf Nov 2017) (Citation: Secureworks BRONZE BUTLER Oct 2017)",Daserf|Muirim|Nioupale,T1001.002|T1003.001|T1027|T1027.002|T1027.005|T1036.005|T1056.001|T1059.003|T1071.001|T1105|T1113|T1132.001|T1553.002|T1560|T1560.001|T1573.001
S0597,GoldFinder,"[GoldFinder](https://attack.mitre.org/software/S0597) is a custom HTTP tracer tool written in Go that logs the route a packet takes between a compromised network and a C2 server. It can be used to inform  threat actors of potential points of discovery or logging of their actions, including C2 related to other malware. [GoldFinder](https://attack.mitre.org/software/S0597) was discovered in early 2021 during an investigation into the [SolarWinds Compromise](https://attack.mitre.org/campaigns/C0024",GoldFinder,T1016.001|T1071.001|T1119
S0335,Carbon,"[Carbon](https://attack.mitre.org/software/S0335) is a sophisticated, second-stage backdoor and framework that can be used to steal sensitive information from victims. [Carbon](https://attack.mitre.org/software/S0335) has been selectively used by [Turla](https://attack.mitre.org/groups/G0010) to target government and foreign affairs-related organizations in Central Asia.(Citation: ESET Carbon Mar 2017)(Citation: Securelist Turla Oct 2018)",Carbon,T1012|T1016|T1018|T1027|T1048.003|T1049|T1053.005|T1055.001|T1057|T1069|T1071.001|T1074.001|T1095|T1102|T1124|T1140|T1543.003|T1573.002
S9012,TRAILBLAZE,"[TRAILBLAZE](https://attack.mitre.org/software/S9012) is an in-memory dropper used to deploy the passive backdoor [BRUSHFIRE](https://attack.mitre.org/software/S9011). First reported in March 2025, TRAILBLAZE has been observed in operations attributed to People's Republic of China (PRC) state-sponsored affiliated actors, including UNC5221 and SYLVANITE. (Citation: Dragos SYLVANITE MuddyWater Electrum March 2026)(Citation: Google UNC5221 Ivanti April 2025)(Citation: Picus Security UNC5221 Ivanti ",TRAILBLAZE,T1055.012|T1057|T1070.004|T1106
S0397,LoJax,[LoJax](https://attack.mitre.org/software/S0397) is a UEFI rootkit used by [APT28](https://attack.mitre.org/groups/G0007) to persist remote access software on targeted systems.(Citation: ESET LoJax Sept 2018),LoJax,T1014|T1112|T1542.001|T1547.001|T1564.004
S0348,Cardinal RAT,[Cardinal RAT](https://attack.mitre.org/software/S0348) is a potentially low volume remote access trojan (RAT) observed since December 2015. [Cardinal RAT](https://attack.mitre.org/software/S0348) is notable for its unique utilization of uncompiled C# source code and the Microsoft Windows built-in csc.exe compiler.(Citation: PaloAlto CardinalRat Apr 2017),Cardinal RAT,T1008|T1012|T1027.004|T1027.013|T1033|T1055|T1056.001|T1057|T1059.003|T1070.004|T1071.001|T1082|T1083|T1090|T1105|T1112|T1113|T1140|T1204.002|T1547.001|T1560.002|T1573.001
S1014,DanBot,[DanBot](https://attack.mitre.org/software/S1014) is a first-stage remote access Trojan written in C# that has been used by [HEXANE](https://attack.mitre.org/groups/G1001) since at least 2018.(Citation: SecureWorks August 2019),DanBot,T1005|T1021.005|T1027.013|T1036.005|T1053.005|T1059.003|T1059.005|T1070.004|T1071.001|T1071.004|T1105|T1140|T1204.002|T1566.001
S0017,BISCUIT,[BISCUIT](https://attack.mitre.org/software/S0017) is a backdoor that has been used by [APT1](https://attack.mitre.org/groups/G0006) since as early as 2007. (Citation: Mandiant APT1),BISCUIT,T1008|T1033|T1056.001|T1057|T1059.003|T1082|T1105|T1113|T1124|T1573.002
S0274,Calisto,[Calisto](https://attack.mitre.org/software/S0274) is a macOS Trojan that opens a backdoor on the compromised machine. [Calisto](https://attack.mitre.org/software/S0274) is believed to have first been developed in 2016. (Citation: Securelist Calisto July 2018) (Citation: Symantec Calisto July 2018),Calisto,T1005|T1016|T1036.005|T1056.002|T1070.004|T1074.001|T1098|T1105|T1136.001|T1217|T1543.001|T1555.001|T1560.001|T1564.001|T1569.001
S1166,Solar,"[Solar](https://attack.mitre.org/software/S1166) is a C#/.NET backdoor that was used by [OilRig](https://attack.mitre.org/groups/G0049) during the [Outer Space](https://attack.mitre.org/campaigns/C0042) campaign to download, execute, and exfiltrate files.(Citation: ESET OilRig Campaigns Sep 2023)",Solar,T1020|T1041|T1053.005|T1070.004|T1082|T1105|T1132.001|T1573.001
S0124,Pisloader,"[Pisloader](https://attack.mitre.org/software/S0124) is a malware family that is notable due to its use of DNS as a C2 protocol as well as its use of anti-analysis tactics. It has been used by [APT18](https://attack.mitre.org/groups/G0026) and is similar to another malware family, [HTTPBrowser](https://attack.mitre.org/software/S0070), that has been used by the group. (Citation: Palo Alto DNS Requests)",Pisloader,T1016|T1027|T1059.003|T1071.004|T1082|T1083|T1105|T1132.001|T1547.001
S0493,GoldenSpy,"[GoldenSpy](https://attack.mitre.org/software/S0493) is a backdoor malware which has been packaged with legitimate tax preparation software. [GoldenSpy](https://attack.mitre.org/software/S0493) was discovered targeting organizations in China, being delivered with the ""Intelligent Tax"" software suite which is produced by the Golden Tax Department of Aisino Credit Information Co. and required to pay local taxes.(Citation: Trustwave GoldenSpy June 2020) ",GoldenSpy,T1027.013|T1036.005|T1041|T1059.003|T1070.004|T1071.001|T1082|T1083|T1105|T1106|T1136.001|T1195.002|T1497.003|T1543.003|T1571
S0249,Gold Dragon,"[Gold Dragon](https://attack.mitre.org/software/S0249) is a Korean-language, data gathering implant that was first observed in the wild in South Korea in July 2017. [Gold Dragon](https://attack.mitre.org/software/S0249) was used along with [Brave Prince](https://attack.mitre.org/software/S0252) and [RunningRAT](https://attack.mitre.org/software/S0253) in operations targeting organizations associated with the 2018 Pyeongchang Winter Olympics. (Citation: McAfee Gold Dragon)",Gold Dragon,T1012|T1033|T1057|T1059.003|T1070.004|T1071.001|T1074.001|T1082|T1083|T1105|T1518.001|T1547.001|T1560|T1685
S0258,RGDoor,[RGDoor](https://attack.mitre.org/software/S0258) is a malicious Internet Information Services (IIS) backdoor developed in the C++ language. [RGDoor](https://attack.mitre.org/software/S0258) has been seen deployed on webservers belonging to the Middle East government organizations. [RGDoor](https://attack.mitre.org/software/S0258) provides backdoor access to compromised IIS servers. (Citation: Unit 42 RGDoor Jan 2018),RGDoor,T1033|T1059.003|T1071.001|T1105|T1140|T1505.004|T1560.003
S0458,Ramsay,"[Ramsay](https://attack.mitre.org/software/S0458) is an information stealing malware framework designed to collect and exfiltrate sensitive documents, including from air-gapped systems. Researchers have identified overlaps between [Ramsay](https://attack.mitre.org/software/S0458) and the [Darkhotel](https://attack.mitre.org/groups/G0012)-associated Retro malware.(Citation: Eset Ramsay May 2020)(Citation: Antiy CERT Ramsay April 2020)",Ramsay,T1005|T1014|T1016|T1025|T1027|T1027.003|T1036|T1036.005|T1039|T1046|T1049|T1053.005|T1055.001|T1057|T1059.005|T1071.001|T1074.001|T1080|T1083|T1091|T1106|T1113|T1119|T1120|T1132.001|T1135|T1140|T1203|T1204.002|T1546.010|T1547.001|T1548.002|T1559.001|T1559.002|T1560.001|T1560.003|T1566.001|T1574.001|T1680
S1189,Neo-reGeorg,"[Neo-reGeorg](https://attack.mitre.org/software/S1189) is an open-source web shell designed as a restructuring of [reGeorg](https://attack.mitre.org/software/S1187) with improved usability, security, and fixes for exising [reGeorg](https://attack.mitre.org/software/S1187) bugs.(Citation: GitHub Neo-reGeorg 2019)",Neo-reGeorg,T1059.006|T1071.001|T1090|T1095|T1105|T1132.002|T1505.003|T1572
S0076,FakeM,[FakeM](https://attack.mitre.org/software/S0076) is a shellcode-based Windows backdoor that has been used by [Scarlet Mimic](https://attack.mitre.org/groups/G0029). (Citation: Scarlet Mimic Jan 2016),FakeM,T1001.003|T1056.001|T1095|T1573.001
S9031,AshTag,[AshTag](https://attack.mitre.org/software/S9031) is a modular .NET backdoor with multiple features that has been used by [WIRTE](https://attack.mitre.org/groups/G0090) since at least 2025. [AshTag](https://attack.mitre.org/software/S9031) is designed for persistence and remote command execution and can masquerade as a legitimate VisualServer utility.(Citation: Palo Alto Ashen Lepus DEC 2025),AshTag,T1027.013|T1036.005|T1041|T1047|T1053.005|T1057|T1059.007|T1071.001|T1082|T1083|T1102|T1105|T1113|T1140|T1204.002|T1574.001|T1614|T1678|T1680
S0484,Carberp,"[Carberp](https://attack.mitre.org/software/S0484) is a credential and information stealing malware that has been active since at least 2009. [Carberp](https://attack.mitre.org/software/S0484)'s source code was leaked online in 2013, and subsequently used as the foundation for the [Carbanak](https://attack.mitre.org/software/S0030) backdoor.(Citation: Trend Micro Carberp February 2014)(Citation: KasperskyCarbanak)(Citation: RSA Carbanak November 2017)",Carberp,T1012|T1014|T1021.005|T1027.013|T1036.005|T1041|T1055.001|T1055.004|T1056.004|T1057|T1068|T1071.001|T1082|T1105|T1106|T1113|T1185|T1497|T1518.001|T1542.003|T1547.001|T1555|T1555.003|T1564.001|T1685
S1120,FRAMESTING,[FRAMESTING](https://attack.mitre.org/software/S1120) is a Python web shell that was used during [Cutting Edge](https://attack.mitre.org/campaigns/C0029) to embed into an Ivanti Connect Secure Python package for command execution.(Citation: Mandiant Cutting Edge Part 2 January 2024),FRAMESTING,T1001|T1001.003|T1059.006|T1071.001|T1140|T1505.003|T1554
S0246,HARDRAIN,[HARDRAIN](https://attack.mitre.org/software/S0246) is a Trojan malware variant reportedly used by the North Korean government. (Citation: US-CERT HARDRAIN March 2018),HARDRAIN,T1001.003|T1059.003|T1090|T1571|T1686.003
S1107,NKAbuse,"[NKAbuse](https://attack.mitre.org/software/S1107) is a Go-based, multi-platform malware abusing NKN (New Kind of Network) technology for data exchange between peers, functioning as a potent implant, and equipped with both flooder and backdoor capabilities.(Citation: NKAbuse BC)(Citation: NKAbuse SL)",NKAbuse,T1016.001|T1053.003|T1057|T1059.004|T1082|T1090.003|T1113|T1498
S0517,Pillowmint,[Pillowmint](https://attack.mitre.org/software/S0517) is a point-of-sale malware used by [FIN7](https://attack.mitre.org/groups/G0046) designed to capture credit card information.(Citation: Trustwave Pillowmint June 2020),Pillowmint,T1005|T1012|T1027|T1027.011|T1027.015|T1055.004|T1057|T1059.001|T1070.004|T1070.009|T1106|T1112|T1140|T1546.011|T1560
S0682,TrailBlazer,[TrailBlazer](https://attack.mitre.org/software/S0682) is a modular malware that has been used by [APT29](https://attack.mitre.org/groups/G0016) since at least 2019.(Citation: CrowdStrike StellarParticle January 2022),TrailBlazer,T1001|T1001.001|T1036|T1071.001|T1546.003
S0379,Revenge RAT,[Revenge RAT](https://attack.mitre.org/software/S0379) is a freely available remote access tool written in .NET (C#).(Citation: Cylance Shaheen Nov 2018)(Citation: Cofense RevengeRAT Feb 2019),Revenge RAT,T1003|T1016|T1021.001|T1033|T1053.005|T1056.001|T1059.001|T1059.003|T1082|T1102.002|T1105|T1113|T1123|T1125|T1132.001|T1202|T1218.005|T1547.004
S1016,MacMa,[MacMa](https://attack.mitre.org/software/S1016) is a macOS-based backdoor with a large set of functionalities to control and exfiltrate files from a compromised computer. [MacMa](https://attack.mitre.org/software/S1016) has been observed in the wild since November 2021.(Citation: ESET DazzleSpy Jan 2022) [MacMa](https://attack.mitre.org/software/S1016) shares command and control and unique libraries with [MgBot](https://attack.mitre.org/software/S1146) and [Nightdoor](https://attack.mitre.org/s,MacMa|OSX.CDDS|DazzleSpy,T1005|T1016|T1021|T1033|T1041|T1056.001|T1057|T1059.004|T1070.004|T1070.006|T1074.001|T1082|T1083|T1095|T1105|T1106|T1113|T1123|T1140|T1543.001|T1553.001|T1553.002|T1555.001|T1571|T1573|T1680|T1685.006
S1044,FunnyDream,"[FunnyDream](https://attack.mitre.org/software/S1044) is a backdoor with multiple components that was used during the [FunnyDream](https://attack.mitre.org/campaigns/C0007) campaign since at least 2019, primarily for execution and exfiltration.(Citation: Bitdefender FunnyDream Campaign November 2020)",FunnyDream,T1001|T1005|T1010|T1012|T1016|T1018|T1025|T1027.013|T1033|T1036.004|T1041|T1047|T1055.001|T1056.001|T1057|T1059.003|T1070|T1070.004|T1074.001|T1083|T1090|T1095|T1105|T1106|T1113|T1119|T1120|T1124|T1218.011|T1518.001|T1543.003|T1547.001|T1559.001|T1560.002|T1560.003|T1572|T1680
S1150,ROADSWEEP,[ROADSWEEP](https://attack.mitre.org/software/S1150) is a ransomware that was deployed against Albanian government networks during [HomeLand Justice](https://attack.mitre.org/campaigns/C0038) along with the [CHIMNEYSWEEP](https://attack.mitre.org/software/S1149) backdoor.(Citation: Mandiant ROADSWEEP August 2022),ROADSWEEP,T1027.013|T1059.003|T1070.004|T1083|T1120|T1140|T1480|T1486|T1489|T1490|T1491.001|T1547.001|T1553.002|T1559|T1680
S0562,SUNSPOT,[SUNSPOT](https://attack.mitre.org/software/S0562) is an implant that injected the [SUNBURST](https://attack.mitre.org/software/S0559) backdoor into the SolarWinds Orion software update framework. It was used by [APT29](https://attack.mitre.org/groups/G0016) since at least February 2020.(Citation: CrowdStrike SUNSPOT Implant January 2021) ,SUNSPOT,T1027|T1036.005|T1057|T1070.004|T1083|T1106|T1134|T1140|T1195.002|T1480|T1480.002|T1565.001
S1221,MOPSLED,[MOPSLED](https://attack.mitre.org/software/S1221) is a shellcode-based modular backdoor that has been used by China-nexus cyber espionage actors including [UNC3886](https://attack.mitre.org/groups/G1048) and [APT41](https://attack.mitre.org/groups/G0096).(Citation: Google Cloud Mandiant UNC3886 2024),MOPSLED,T1027.013|T1071.001|T1095|T1102|T1102.001|T1140
S0284,More_eggs,"[More_eggs](https://attack.mitre.org/software/S0284) is a JScript backdoor used by [Cobalt Group](https://attack.mitre.org/groups/G0080) and [FIN6](https://attack.mitre.org/groups/G0037). Its name was given based on the variable ""More_eggs"" being present in its code. There are at least two different versions of the backdoor being used, version 2.0 and version 4.4. (Citation: Talos Cobalt Group July 2018)(Citation: Security Intelligence More Eggs Aug 2019)",More_eggs|SKID|Terra Loader|SpicyOmelette,T1016|T1016.001|T1027.013|T1033|T1059.003|T1070.004|T1071.001|T1082|T1105|T1132.001|T1140|T1218.010|T1518.001|T1553.002|T1573.001
S0663,SysUpdate,[SysUpdate](https://attack.mitre.org/software/S0663) is a backdoor written in C++ that has been used by [Threat Group-3390](https://attack.mitre.org/groups/G0027) since at least 2020.(Citation: Trend Micro Iron Tiger April 2021),SysUpdate|HyperSSL|Soldier|FOCUSFJORD,T1005|T1007|T1016|T1016.001|T1027.002|T1027.011|T1027.013|T1033|T1036.004|T1041|T1047|T1057|T1070.004|T1071.004|T1082|T1083|T1105|T1106|T1112|T1113|T1132.001|T1140|T1543.002|T1543.003|T1547.001|T1553.002|T1564.001|T1569.002|T1573.001|T1574.001|T1680
S0004,TinyZBot,[TinyZBot](https://attack.mitre.org/software/S0004) is a bot written in C# that was developed by [Cleaver](https://attack.mitre.org/groups/G0003). (Citation: Cylance Cleaver),TinyZBot,T1056.001|T1059.003|T1113|T1115|T1543.003|T1547.001|T1547.009|T1685
S1017,OutSteel,[OutSteel](https://attack.mitre.org/software/S1017) is a file uploader and document stealer developed with the scripting language AutoIT that has been used by [Saint Bear](https://attack.mitre.org/groups/G1031) since at least March 2021.(Citation: Palo Alto Unit 42 OutSteel SaintBot February 2022 ),OutSteel,T1005|T1020|T1036.005|T1041|T1057|T1059.003|T1059.010|T1070.004|T1071.001|T1083|T1105|T1119|T1204.001|T1204.002|T1566.001|T1566.002|T1570
S0475,BackConfig,[BackConfig](https://attack.mitre.org/software/S0475) is a custom Trojan with a flexible plugin architecture that has been used by [Patchwork](https://attack.mitre.org/groups/G0040).(Citation: Unit 42 BackConfig May 2020),BackConfig,T1027.010|T1036.005|T1053.005|T1059.003|T1059.005|T1070.004|T1071.001|T1082|T1083|T1105|T1106|T1137.001|T1140|T1204.001|T1553.002|T1564.001
S1046,PowGoop,[PowGoop](https://attack.mitre.org/software/S1046) is a loader that consists of a DLL loader and a PowerShell-based downloader; it has been used by [MuddyWater](https://attack.mitre.org/groups/G0069) as their main loader.(Citation: DHS CISA AA22-055A MuddyWater February 2022)(Citation: CYBERCOM Iranian Intel Cyber January 2022),PowGoop,T1036|T1036.005|T1059.001|T1071.001|T1132.002|T1140|T1573|T1574.001
S9027,ANELLDR,"[ANELLDR](https://attack.mitre.org/software/S9027), a loader that has been in use since at least 2018, was designed to decrypt and execute [UPPERCUT](https://attack.mitre.org/software/S0275) in memory. [ANELLDR](https://attack.mitre.org/software/S9027) can use anti-analysis techniques and is known to share code overlap with [HiddenFace](https://attack.mitre.org/software/S9023).(Citation: Trend Micro Earth Kasha Anel NOV 2024)(Citation: ESET MirrorFace 2025)",ANELLDR,T1027|T1027.013|T1027.016|T1083|T1106|T1140|T1574.001|T1622
S0236,Kwampirs,[Kwampirs](https://attack.mitre.org/software/S0236) is a backdoor Trojan used by [Orangeworm](https://attack.mitre.org/groups/G0071). [Kwampirs](https://attack.mitre.org/software/S0236) has been found on machines which had software installed for the use and control of high-tech imaging devices such as X-Ray and MRI machines.(Citation: Symantec Orangeworm April 2018) [Kwampirs](https://attack.mitre.org/software/S0236) has multiple technical overlaps with [Shamoon](https://attack.mitre.org/softwar,Kwampirs,T1007|T1008|T1016|T1018|T1021.002|T1027.001|T1027.013|T1033|T1036.004|T1049|T1057|T1069.001|T1069.002|T1082|T1083|T1087.001|T1105|T1135|T1140|T1201|T1218.011|T1543.003
S0210,Nerex,[Nerex](https://attack.mitre.org/software/S0210) is a Trojan used by [Elderwood](https://attack.mitre.org/groups/G0066) to open a backdoor on compromised hosts. (Citation: Symantec Elderwood Sept 2012) (Citation: Symantec Nerex May 2012),Nerex,T1105|T1112|T1543.003|T1553.002
S0635,BoomBox,[BoomBox](https://attack.mitre.org/software/S0635) is a downloader responsible for executing next stage components that has been used by [APT29](https://attack.mitre.org/groups/G0016) since at least 2021.(Citation: MSTIC Nobelium Toolset May 2021),BoomBox,T1027|T1033|T1036|T1071.001|T1082|T1083|T1087.002|T1087.003|T1102|T1105|T1140|T1204.002|T1218.011|T1480|T1547.001|T1567.002
S1052,DEADEYE,[DEADEYE](https://attack.mitre.org/software/S1052) is a malware launcher that has been used by [APT41](https://attack.mitre.org/groups/G0096) since at least May 2021. [DEADEYE](https://attack.mitre.org/software/S1052) has variants that can either embed a payload inside a compiled binary (DEADEYE.EMBED) or append it to the end of a file (DEADEYE.APPEND).(Citation: Mandiant APT41),DEADEYE|DEADEYE.EMBED|DEADEYE.APPEND,T1016|T1027.009|T1027.013|T1036.004|T1059.003|T1082|T1106|T1140|T1218.007|T1218.011|T1480|T1564.004
S0197,PUNCHTRACK,[PUNCHTRACK](https://attack.mitre.org/software/S0197) is non-persistent point of sale (POS) system malware utilized by [FIN8](https://attack.mitre.org/groups/G0061) to scrape payment card data. (Citation: FireEye Fin8 May 2016) (Citation: FireEye Know Your Enemy FIN8 Aug 2016),PUNCHTRACK|PSVC,T1005|T1027|T1074.001
S0279,Proton,[Proton](https://attack.mitre.org/software/S0279) is a macOS backdoor focusing on data theft and credential access  (Citation: objsee mac malware 2017).,Proton,T1021.005|T1056.001|T1056.002|T1059.004|T1070.004|T1113|T1140|T1543.001|T1548.003|T1555.001|T1555.003|T1555.005|T1560|T1685|T1685.006
S9035,LAMEHUG,"[LAMEHUG](https://attack.mitre.org/software/S9035) is Python-based information stealer first identified in July 2025 by Ukraine's Computer Emergency Response Team (CERT-UA) in phishing emails targeting Ukrainian government officials. [LAMEHUG](https://attack.mitre.org/software/S9035) is the first known malware to integrate artificial intelligence (AI) directly into its attack workflow by querying large language models (LLMs) hosted on Hugging Face to dynamically generate reconnaissance, data the",LAMEHUG|PROMPTSTEAL,T1005|T1007|T1016|T1033|T1036.005|T1041|T1047|T1057|T1059.003|T1059.006|T1069.002|T1071.001|T1074.001|T1082|T1083|T1087.002|T1102.002|T1119|T1132|T1140|T1204.002|T1482|T1560.001|T1566.001|T1573.002
S0001,Trojan.Mebromi,[Trojan.Mebromi](https://attack.mitre.org/software/S0001) is BIOS-level malware that takes control of the victim before MBR. (Citation: Ge 2011),Trojan.Mebromi,T1542.001
S1169,Mango,"[Mango](https://attack.mitre.org/software/S1169) is a first-stage backdoor written in C#/.NET that was used by [OilRig](https://attack.mitre.org/groups/G0049) during the [Juicy Mix](https://attack.mitre.org/campaigns/C0044) campaign. [Mango](https://attack.mitre.org/software/S1169) is the successor to [Solar](https://attack.mitre.org/software/S1166) and includes additional exfiltration capabilities, the use of native APIs, and added detection evasion code.(Citation: ESET OilRig Campaigns Sep 202",Mango,T1027.013|T1033|T1041|T1053.005|T1071.001|T1082|T1083|T1106|T1132.001|T1204.002|T1573.001|T1573.002|T1685
S0259,InnaputRAT,[InnaputRAT](https://attack.mitre.org/software/S0259) is a remote access tool that can exfiltrate files from a victim’s machine. [InnaputRAT](https://attack.mitre.org/software/S0259) has been seen out in the wild since 2016. (Citation: ASERT InnaputRAT April 2018),InnaputRAT,T1027|T1036.004|T1036.005|T1059.003|T1070.004|T1082|T1083|T1106|T1543.003|T1547.001|T1680
S1115,WIREFIRE,[WIREFIRE](https://attack.mitre.org/software/S1115) is a web shell written in Python that exists as trojanized logic to the visits.py component of Ivanti Connect Secure VPN appliances. [WIREFIRE](https://attack.mitre.org/software/S1115) was used during [Cutting Edge](https://attack.mitre.org/campaigns/C0029) for downloading files and command execution.(Citation: Mandiant Cutting Edge January 2024),WIREFIRE|GIFTEDVISITOR,T1071.001|T1105|T1132.001|T1140|T1505.003|T1554|T1573.001
S0487,Kessel,"[Kessel](https://attack.mitre.org/software/S0487) is an advanced version of OpenSSH which acts as a custom backdoor, mainly acting to steal credentials and function as a bot. [Kessel](https://attack.mitre.org/software/S0487) has been active since its C2 domain began resolving in August 2018.(Citation: ESET ForSSHe December 2018)",Kessel,T1016|T1027.013|T1030|T1041|T1048.003|T1059|T1082|T1090|T1105|T1132.001|T1140|T1554|T1556|T1560
S0632,GrimAgent,[GrimAgent](https://attack.mitre.org/software/S0632) is a backdoor that has been used before the deployment of [Ryuk](https://attack.mitre.org/software/S0446) ransomware since at least 2020; it is likely used by [FIN6](https://attack.mitre.org/groups/G0037) and [Wizard Spider](https://attack.mitre.org/groups/G0102).(Citation: Group IB GrimAgent July 2021),GrimAgent,T1001.001|T1005|T1016|T1027|T1027.001|T1033|T1041|T1053.005|T1059.003|T1070.004|T1070.009|T1071.001|T1082|T1083|T1105|T1106|T1132.001|T1140|T1480.002|T1497.003|T1547.001|T1573.001|T1573.002|T1614|T1614.001
S0582,LookBack,[LookBack](https://attack.mitre.org/software/S0582) is a remote access trojan written in C++ that was used against at least three US utility companies in July 2019. The TALONITE activity group has been observed using [LookBack](https://attack.mitre.org/software/S0582).(Citation: Proofpoint LookBack Malware Aug 2019)(Citation: Dragos TALONITE)(Citation: Dragos Threat Report 2020),LookBack,T1007|T1036.005|T1057|T1059.003|T1059.005|T1070.004|T1071.001|T1083|T1095|T1113|T1140|T1489|T1529|T1547.001|T1573.001|T1574.001
S1112,STEADYPULSE,[STEADYPULSE](https://attack.mitre.org/software/S1112) is a web shell that infects targeted Pulse Secure VPN servers through modification of a legitimate Perl script that was used as early as 2020 including in activity against US Defense Industrial Base (DIB) entities.(Citation: Mandiant Pulse Secure Zero-Day April 2021),STEADYPULSE,T1071.001|T1105|T1132.001|T1140|T1505.003
S9014,PHASEJAM,[PHASEJAM](https://attack.mitre.org/software/S9014) is a dropper written as a bash shell script that modifies Ivanti Connect Secure appliance components. [PHASEJAM](https://attack.mitre.org/software/S9014) was first reported in January 2025. [PHASEJAM](https://attack.mitre.org/software/S9014) has previously been leveraged by People's Republic of China (PRC)- affiliated actors identified as UNC5221 and SYLVANITE.(Citation: Dragos SYLVANITE MuddyWater Electrum March 2026)(Citation: Google UNC5221 ,PHASEJAM,T1027.010|T1027.013|T1036.003|T1041|T1059.008|T1105|T1140|T1489|T1505.003|T1546.004|T1554|T1565|T1678|T1685|T1685.003
S0611,Clop,"[Clop](https://attack.mitre.org/software/S0611) is a ransomware family that was first observed in February 2019 and has been used against retail, transportation and logistics, education, manufacturing, engineering, automotive, energy, financial, aerospace, telecommunications, professional and legal services, healthcare, and high tech industries. [Clop](https://attack.mitre.org/software/S0611) is a variant of the CryptoMix ransomware.(Citation: Mcafee Clop Aug 2019)(Citation: Cybereason Clop Dec ",Clop,T1027.002|T1057|T1059.003|T1083|T1106|T1112|T1135|T1140|T1218.007|T1486|T1489|T1490|T1497.003|T1518.001|T1553.002|T1614.001|T1685
S0033,NetTraveler,"[NetTraveler](https://attack.mitre.org/software/S0033) is malware that has been used in multiple cyber espionage campaigns for basic surveillance of victims. The earliest known samples have timestamps back to 2005, and the largest number of observed samples were created between 2010 and 2013. (Citation: Kaspersky NetTraveler)",NetTraveler,T1010|T1056.001
S0388,YAHOYAH,[YAHOYAH](https://attack.mitre.org/software/S0388) is a Trojan used by [Tropic Trooper](https://attack.mitre.org/groups/G0081) as a second-stage backdoor.(Citation: TrendMicro TropicTrooper 2015),YAHOYAH,T1027.013|T1071.001|T1082|T1105|T1140|T1518.001
S0447,Lokibot,"[Lokibot](https://attack.mitre.org/software/S0447) is a widely distributed information stealer that was first reported in 2015. It is designed to steal sensitive information such as usernames, passwords, cryptocurrency wallets, and other credentials. [Lokibot](https://attack.mitre.org/software/S0447) can also create a backdoor into infected systems to allow an attacker to install additional payloads.(Citation: Infoblox Lokibot January 2019)(Citation: Morphisec Lokibot April 2020)(Citation: CISA ",Lokibot,T1016|T1027|T1027.002|T1033|T1041|T1053|T1053.005|T1055.012|T1056.001|T1059.001|T1059.003|T1059.005|T1070.004|T1071.001|T1082|T1083|T1105|T1106|T1112|T1140|T1204.002|T1497.003|T1548.002|T1555|T1555.003|T1564.001|T1566.001|T1620
S0077,CallMe,[CallMe](https://attack.mitre.org/software/S0077) is a Trojan designed to run on Apple OSX. It is based on a publicly available tool called Tiny SHell. (Citation: Scarlet Mimic Jan 2016),CallMe,T1041|T1059.004|T1105|T1573.001
S0112,ROCKBOOT,"[ROCKBOOT](https://attack.mitre.org/software/S0112) is a [Bootkit](https://attack.mitre.org/techniques/T1542/003) that has been used by an unidentified, suspected China-based group. (Citation: FireEye Bootkits)",ROCKBOOT,T1542.003
S0054,CloudDuke,[CloudDuke](https://attack.mitre.org/software/S0054) is malware that was used by [APT29](https://attack.mitre.org/groups/G0016) in 2015. (Citation: F-Secure The Dukes) (Citation: Securelist Minidionis July 2015),CloudDuke|MiniDionis|CloudLook,T1071.001|T1102.002|T1105
S0554,Egregor,"[Egregor](https://attack.mitre.org/software/S0554) is a Ransomware-as-a-Service (RaaS) tool that was first observed in September 2020. Researchers have noted code similarities between [Egregor](https://attack.mitre.org/software/S0554) and Sekhmet ransomware, as well as [Maze](https://attack.mitre.org/software/S0449) ransomware.(Citation: NHS Digital Egregor Nov 2020)(Citation: Cyble Egregor Oct 2020)(Citation: Security Boulevard Egregor Oct 2020)",Egregor,T1027.002|T1033|T1036.004|T1039|T1049|T1055|T1059.001|T1059.003|T1069.002|T1071.001|T1082|T1105|T1106|T1124|T1140|T1197|T1218.010|T1218.011|T1219|T1484.001|T1486|T1497|T1497.003|T1574.001|T1685
S0428,PoetRAT,"[PoetRAT](https://attack.mitre.org/software/S0428) is a remote access trojan (RAT) that was first identified in April 2020. [PoetRAT](https://attack.mitre.org/software/S0428) has been used in multiple campaigns against the private and public sectors in Azerbaijan, including ICS and SCADA systems in the energy sector. The STIBNITE activity group has been observed using the malware. [PoetRAT](https://attack.mitre.org/software/S0428) derived its name from references in the code to poet William Shak",PoetRAT,T1003.001|T1018|T1027|T1027.010|T1033|T1041|T1048|T1048.003|T1056.001|T1057|T1059.003|T1059.005|T1059.006|T1059.011|T1070.004|T1071.001|T1071.002|T1082|T1083|T1105|T1112|T1113|T1119|T1125|T1140|T1204.002|T1497.001|T1547.001|T1555.003|T1559.002|T1560.001|T1564.001|T1566.001|T1571|T1573.002
S0023,CHOPSTICK,"[CHOPSTICK](https://attack.mitre.org/software/S0023) is a malware family of modular backdoors used by [APT28](https://attack.mitre.org/groups/G0007). It has been used since at least 2012 and is usually dropped on victims as second-stage malware, though it has been used as first-stage malware in several cases. It has both Windows and Linux variants. (Citation: FireEye APT28) (Citation: ESET Sednit Part 2) (Citation: FireEye APT28 January 2017) (Citation: DOJ GRU Indictment Jul 2018) It is tracked",CHOPSTICK|Backdoor.SofacyX|SPLM|Xagent|X-Agent|webhp,T1008|T1012|T1027.011|T1056.001|T1059|T1071.001|T1071.003|T1083|T1090.001|T1091|T1092|T1105|T1112|T1113|T1497|T1518.001|T1568.002|T1573.001|T1573.002
S1200,StealBit,[StealBit](https://attack.mitre.org/software/S1200) is a data exfiltration tool that is developed and maintained by the operators of the the LockBit Ransomware-as-a-Service (RaaS) and offered to affiliates to exfiltrate data from compromised systems for double extortion purposes.(Citation: Cybereason StealBit Exfiltration Tool)(Citation: FBI Lockbit 2.0 FEB 2022),StealBit,T1005|T1027.013|T1030|T1070.004|T1071.001|T1082|T1083|T1095|T1106|T1140|T1480|T1559|T1614.001|T1622|T1685
S0267,FELIXROOT,[FELIXROOT](https://attack.mitre.org/software/S0267) is a backdoor that has been used to target Ukrainian victims. (Citation: FireEye FELIXROOT July 2018),FELIXROOT|GreyEnergy mini,T1012|T1016|T1027.013|T1033|T1047|T1057|T1059.003|T1070.004|T1071.001|T1082|T1105|T1112|T1124|T1218.011|T1518.001|T1547.001|T1547.009|T1560|T1680
S0412,ZxShell,"[ZxShell](https://attack.mitre.org/software/S0412) is a remote administration tool and backdoor that can be downloaded from the Internet, particularly from Chinese hacker websites. It has been used since at least 2004.(Citation: FireEye APT41 Aug 2019)(Citation: Talos ZxShell Oct 2014)",ZxShell|Sensocode,T1005|T1007|T1012|T1021.001|T1021.005|T1033|T1046|T1055.001|T1056.001|T1056.004|T1057|T1059.003|T1070.004|T1071.001|T1071.002|T1082|T1083|T1090|T1105|T1106|T1112|T1113|T1125|T1134.002|T1136.001|T1190|T1218.011|T1499|T1543.003|T1569.002|T1571|T1685|T1685.005|T1686
S1222,RIFLESPINE,[RIFLESPINE](https://attack.mitre.org/software/S1222) is a cross-platform backdoor that leverages Google Drive for file transfer and command execution.(Citation: Google Cloud Mandiant UNC3886 2024),RIFLESPINE,T1059.004|T1071.001|T1074.001|T1082|T1102.002|T1105|T1140|T1543.002|T1567.002|T1573.001
S1110,SLIGHTPULSE,[SLIGHTPULSE](https://attack.mitre.org/software/S1110) is a web shell that was used by [APT5](https://attack.mitre.org/groups/G1023) as early as 2020 including against Pulse Secure VPNs at US Defense Industrial Base (DIB) entities.(Citation: Mandiant Pulse Secure Zero-Day April 2021),SLIGHTPULSE,T1005|T1059|T1071.001|T1074.001|T1105|T1132.001|T1140|T1505.003|T1573.001
S0272,NDiskMonitor,[NDiskMonitor](https://attack.mitre.org/software/S0272) is a custom backdoor written in .NET that appears to be unique to [Patchwork](https://attack.mitre.org/groups/G0040). (Citation: TrendMicro Patchwork Dec 2017),NDiskMonitor,T1033|T1082|T1083|T1105|T1573.001
S0369,CoinTicker,[CoinTicker](https://attack.mitre.org/software/S0369) is a malicious application that poses as a cryptocurrency price ticker and installs components of the open source backdoors EvilOSX and EggShell.(Citation: CoinTicker 2019),CoinTicker,T1027|T1059.003|T1059.004|T1059.006|T1105|T1140|T1543.001|T1553.001|T1564.001
S0255,DDKONG,[DDKONG](https://attack.mitre.org/software/S0255) is a malware sample that was part of a campaign by [Rancor](https://attack.mitre.org/groups/G0075). [DDKONG](https://attack.mitre.org/software/S0255) was first seen used in February 2017. (Citation: Rancor Unit42 June 2018),DDKONG,T1083|T1105|T1140|T1218.011
S0587,Penquin,[Penquin](https://attack.mitre.org/software/S0587) is a remote access trojan (RAT) with multiple versions used by [Turla](https://attack.mitre.org/groups/G0010) to target Linux systems since at least 2014.(Citation: Kaspersky Turla Penquin December 2014)(Citation: Leonardo Turla Penquin May 2020),Penquin|Penquin 2.0|Penquin_x64,T1016|T1027.005|T1027.013|T1036.005|T1040|T1041|T1053.003|T1059.004|T1070.004|T1082|T1083|T1095|T1105|T1205|T1205.002|T1222.002|T1573.002|T1680
S9024,SPAWNCHIMERA,"[SPAWNCHIMERA](https://attack.mitre.org/software/S9024) is a backdoor that supports command and control and can inject malicious components into native processes.(Citation: CISA SPAWNCHIMERA RESURGE February 2026)(Citation: Google UNC5221 BRICKSTORM SPAWNCHIMERA April 2024)(Citation: JPCERT SPAWNCHIMERA Ivanti February 2025)  [SPAWNCHIMERA](https://attack.mitre.org/software/S9024) It incorporates capabilities from multiple tools within the SPAWN malware family, including SPAWNANT, SPAWNMOLE, and",SPAWNCHIMERA,T1005|T1027.013|T1037|T1040|T1055.002|T1057|T1059.006|T1070.004|T1070.006|T1082|T1140|T1480.002|T1505.003|T1518.001|T1553.002|T1559|T1571|T1572|T1574|T1574.006|T1678|T1685|T1690
S0414,BabyShark,[BabyShark](https://attack.mitre.org/software/S0414) is a Microsoft Visual Basic (VB) script-based malware family that is believed to be associated with several North Korean campaigns. (Citation: Unit42 BabyShark Feb 2019),BabyShark|LATEOP,T1012|T1016|T1033|T1053.005|T1056.001|T1057|T1059.003|T1059.005|T1070.004|T1082|T1083|T1105|T1132.001|T1140|T1218.005|T1547.001
S0351,Cannon,[Cannon](https://attack.mitre.org/software/S0351) is a Trojan with variants written in C# and Delphi. It was first observed in April 2018. (Citation: Unit42 Cannon Nov 2018)(Citation: Unit42 Sofacy Dec 2018),Cannon,T1033|T1041|T1057|T1071.003|T1082|T1083|T1105|T1113|T1124|T1547.004|T1680
S1024,CreepySnail,[CreepySnail](https://attack.mitre.org/software/S1024) is a custom PowerShell implant that has been used by [POLONIUM](https://attack.mitre.org/groups/G1005) since at least 2022.(Citation: Microsoft POLONIUM June 2022),CreepySnail,T1016|T1033|T1041|T1059.001|T1071.001|T1078.002|T1132.001
S0471,build_downer,[build_downer](https://attack.mitre.org/software/S0471) is a downloader that has been used by [BRONZE BUTLER](https://attack.mitre.org/groups/G0060) since at least 2019.(Citation: Trend Micro Tick November 2019),build_downer,T1027.003|T1036.004|T1105|T1106|T1124|T1518.001|T1547.001|T1680
S0530,Melcoz,"[Melcoz](https://attack.mitre.org/software/S0530) is a banking trojan family built from the open source tool Remote Access PC. [Melcoz](https://attack.mitre.org/software/S0530) was first observed in attacks in Brazil and since 2018 has spread to Chile, Mexico, Spain, and Portugal.(Citation: Securelist Brazilian Banking Malware July 2020)",Melcoz,T1027.002|T1059.005|T1059.010|T1105|T1115|T1185|T1204.001|T1218.007|T1555.003|T1565.002|T1566.002|T1574.001
S0141,Winnti for Windows,"[Winnti for Windows](https://attack.mitre.org/software/S0141) is a modular remote access Trojan (RAT) that has been used likely by multiple groups to carry out intrusions in various regions since at least 2010, including by one group referred to as the same name, [Winnti Group](https://attack.mitre.org/groups/G0044).(Citation: Kaspersky Winnti April 2013)(Citation: Microsoft Winnti Jan 2017)(Citation: Novetta Winnti April 2015)(Citation: 401 TRG Winnti Umbrella May 2018). The Linux variant is tr",Winnti for Windows,T1027.013|T1027.015|T1036.005|T1057|T1070.004|T1070.006|T1071.001|T1082|T1083|T1090.001|T1090.002|T1095|T1105|T1106|T1140|T1218.011|T1480.001|T1543.003|T1547.001|T1548.002|T1569.002|T1573.001
S0685,PowerPunch,[PowerPunch](https://attack.mitre.org/software/S0685) is a lightweight downloader that has been used by [Gamaredon Group](https://attack.mitre.org/groups/G0047) since at least 2021.(Citation: Microsoft Actinium February 2022),PowerPunch,T1027.010|T1059.001|T1105|T1480.001
S0360,BONDUPDATER,"[BONDUPDATER](https://attack.mitre.org/software/S0360) is a PowerShell backdoor used by [OilRig](https://attack.mitre.org/groups/G0049). It was first observed in November 2017 during targeting of a Middle Eastern government organization, and an updated version was observed in August 2018 being used to target a government organization with spearphishing emails.(Citation: FireEye APT34 Dec 2017)(Citation: Palo Alto OilRig Sep 2018)",BONDUPDATER,T1053.005|T1059.001|T1059.003|T1071.004|T1105|T1564.003|T1568.002
S1196,Troll Stealer,"[Troll Stealer](https://attack.mitre.org/software/S1196) is an information stealer written in Go associated with [Kimsuky](https://attack.mitre.org/groups/G0094) operations. [Troll Stealer](https://attack.mitre.org/software/S1196) has typically been delivered through a dropper disguised as a legitimate security program installation file. [Troll Stealer](https://attack.mitre.org/software/S1196) features code similar to [AppleSeed](https://attack.mitre.org/software/S0622), also uniquely associated",Troll Stealer,T1005|T1016|T1027.002|T1036.005|T1041|T1059.001|T1059.003|T1070.004|T1071.001|T1074.001|T1082|T1083|T1113|T1132.001|T1213|T1217|T1218.011|T1480.002|T1552.004|T1553.002|T1560|T1573.001
S0069,BLACKCOFFEE,[BLACKCOFFEE](https://attack.mitre.org/software/S0069) is malware that has been used by several Chinese groups since at least 2013. (Citation: FireEye APT17) (Citation: FireEye Periscope March 2018),BLACKCOFFEE,T1057|T1059.003|T1070.004|T1083|T1102.001|T1102.002|T1104
S1136,BFG Agonizer,[BFG Agonizer](https://attack.mitre.org/software/S1136) is a wiper related to the open-source project CRYLINE-v.5.0. The malware is associated with wiping operations conducted by the [Agrius](https://attack.mitre.org/groups/G1030) threat actor.(Citation: Unit42 Agrius 2023),BFG Agonizer,T1490|T1529|T1554|T1561.002
S0377,Ebury,"[Ebury](https://attack.mitre.org/software/S0377) is an OpenSSH backdoor and credential stealer targeting Linux servers and container hosts developed by [Windigo](https://attack.mitre.org/groups/G0124). [Ebury](https://attack.mitre.org/software/S0377) is primarily installed through modifying shared libraries (`.so` files) executed by the legitimate OpenSSH program. First seen in 2009, [Ebury](https://attack.mitre.org/software/S0377) has been used to maintain a botnet of servers, deploy additional",Ebury,T1008|T1014|T1020|T1027|T1041|T1059.004|T1059.006|T1071.004|T1129|T1132.001|T1140|T1552.004|T1553.002|T1554|T1556|T1556.003|T1568.002|T1573.001|T1574.006|T1685|T1685.004
S0599,Kinsing,[Kinsing](https://attack.mitre.org/software/S0599) is Golang-based malware that runs a cryptocurrency miner and attempts to spread itself to other hosts in the victim environment. (Citation: Aqua Kinsing April 2020)(Citation: Sysdig Kinsing November 2020)(Citation: Aqua Security Cloud Native Threat Report June 2021),Kinsing,T1018|T1021.004|T1053.003|T1057|T1059.004|T1071.001|T1078|T1083|T1105|T1110|T1133|T1222.002|T1496.001|T1552.003|T1552.004|T1609|T1610
S1123,PITSTOP,[PITSTOP](https://attack.mitre.org/software/S1123) is a backdoor that was deployed on compromised Ivanti Connect Secure VPNs during [Cutting Edge](https://attack.mitre.org/campaigns/C0029) to enable command execution and file read/write.(Citation: Mandiant Cutting Edge Part 3 February 2024),PITSTOP,T1059.004|T1140|T1205.002|T1559|T1573.002
S0688,Meteor,"[Meteor](https://attack.mitre.org/software/S0688) is a wiper that was used against Iranian government organizations, including Iranian Railways, the Ministry of Roads, and Urban Development systems, in July 2021. [Meteor](https://attack.mitre.org/software/S0688) is likely a newer version of similar wipers called Stardust and Comet that were reportedly used by a group called ""Indra"" since at least 2019 against private companies in Syria.(Citation: Check Point Meteor Aug 2021)",Meteor,T1036.004|T1047|T1053.005|T1057|T1059.001|T1059.003|T1070.004|T1082|T1105|T1106|T1484.001|T1485|T1489|T1490|T1491.001|T1518.001|T1531|T1564.003|T1685|T1685.005
S0385,njRAT,[njRAT](https://attack.mitre.org/software/S0385) is a remote access tool (RAT) that was first observed in 2012. It has been used by threat actors in the Middle East.(Citation: Fidelis njRAT June 2013),njRAT|Njw0rm|LV|Bladabindi,T1005|T1010|T1012|T1018|T1021.001|T1027.004|T1027.013|T1033|T1041|T1056.001|T1057|T1059.001|T1059.003|T1070.004|T1070.009|T1071.001|T1082|T1083|T1091|T1105|T1106|T1112|T1113|T1120|T1125|T1132.001|T1547.001|T1555.003|T1568.001|T1571|T1686.003
S1114,ZIPLINE,[ZIPLINE](https://attack.mitre.org/software/S1114) is a passive backdoor that was used during [Cutting Edge](https://attack.mitre.org/campaigns/C0029) on compromised Secure Connect VPNs for reverse shell and proxy functionality.(Citation: Mandiant Cutting Edge January 2024),ZIPLINE,T1057|T1059.004|T1083|T1090|T1095|T1105|T1205|T1573.001|T1685
S0449,Maze,"[Maze](https://attack.mitre.org/software/S0449) ransomware, previously known as ""ChaCha"", was discovered in May 2019. In addition to encrypting files on victim machines for impact, [Maze](https://attack.mitre.org/software/S0449) operators conduct information stealing campaigns prior to encryption and post the information online to extort affected companies.(Citation: FireEye Maze May 2020)(Citation: McAfee Maze March 2020)(Citation: Sophos Maze VM September 2020)",Maze,T1027|T1027.016|T1036.004|T1047|T1049|T1053.005|T1055.001|T1057|T1059.003|T1070|T1071.001|T1082|T1106|T1218.007|T1486|T1489|T1490|T1529|T1547.001|T1564.006|T1568|T1614.001|T1685
S0114,BOOTRASH,[BOOTRASH](https://attack.mitre.org/software/S0114) is a [Bootkit](https://attack.mitre.org/techniques/T1542/003) that targets Windows operating systems. It has been used by threat actors that target the financial sector.(Citation: Mandiant M Trends 2016)(Citation: FireEye Bootkits)(Citation: FireEye BOOTRASH SANS),BOOTRASH,T1542.003|T1564.005
S1230,HIUPAN,[HIUPAN](https://attack.mitre.org/software/S1230) (aka U2DiskWatch) is a is a worm that propagates through removable drives known to be leveraged by [Mustang Panda](https://attack.mitre.org/groups/G0129) and was first observed utilized in 2024. (Citation: 2025_IBM_PUBLOAD_TONESHELL_HIUPAN_CLAIMLOADER_MUSTANG PANDA)(Citation: Trend Micro MUSTANG PANDA PUBLOAD HIUPAN SEPTEMBER 2024),HIUPAN,T1057|T1091|T1112|T1120|T1204.002|T1547.001|T1564.001|T1574.001|T1678
S0126,ComRAT,"[ComRAT](https://attack.mitre.org/software/S0126) is a second stage implant suspected of being a descendant of [Agent.btz](https://attack.mitre.org/software/S0092) and used by [Turla](https://attack.mitre.org/groups/G0010). The first version of [ComRAT](https://attack.mitre.org/software/S0126) was identified in 2007, but the tool has undergone substantial development for many years since.(Citation: Symantec Waterbug)(Citation: NorthSec 2015 GData Uroburos Tools)(Citation: ESET ComRAT May 2020)",ComRAT,T1012|T1027|T1027.009|T1027.010|T1027.011|T1029|T1036.004|T1053.005|T1055.001|T1059.001|T1059.003|T1071.001|T1071.003|T1102.002|T1106|T1112|T1124|T1140|T1518|T1546.015|T1564.005|T1573.002
S0199,TURNEDUP,[TURNEDUP](https://attack.mitre.org/software/S0199) is a non-public backdoor. It has been dropped by [APT33](https://attack.mitre.org/groups/G0064)'s [StoneDrill](https://attack.mitre.org/software/S0380) malware. (Citation: FireEye APT33 Sept 2017) (Citation: FireEye APT33 Webinar Sept 2017),TURNEDUP,T1055.004|T1059.003|T1082|T1105|T1113|T1547.001
S0144,ChChes,[ChChes](https://attack.mitre.org/software/S0144) is a Trojan that appears to be used exclusively by [menuPass](https://attack.mitre.org/groups/G0045). It was used to target Japanese organizations in 2016. Its lack of persistence methods suggests it may be intended as a first-stage tool. (Citation: Palo Alto menuPass Feb 2017) (Citation: JPCERT ChChes Feb 2017) (Citation: PWC Cloud Hopper Technical Annex April 2017),ChChes|Scorpion|HAYMAKER,T1036.005|T1057|T1071.001|T1082|T1083|T1105|T1132.001|T1547.001|T1553.002|T1555.003|T1573.001|T1685
S0393,PowerStallion,"[PowerStallion](https://attack.mitre.org/software/S0393) is a lightweight [PowerShell](https://attack.mitre.org/techniques/T1059/001) backdoor used by [Turla](https://attack.mitre.org/groups/G0010), possibly as a recovery access tool to install other backdoors.(Citation: ESET Turla PowerShell May 2019)",PowerStallion,T1027|T1057|T1059.001|T1070.006|T1102.002
S1074,ANDROMEDA,"[ANDROMEDA](https://attack.mitre.org/software/S1074) is commodity malware that was widespread in the early 2010's and continues to be observed in infections across a wide variety of industries. During the 2022 [C0026](https://attack.mitre.org/campaigns/C0026) campaign, threat actors re-registered expired [ANDROMEDA](https://attack.mitre.org/software/S1074) C2 domains to spread malware to select targets in Ukraine.(Citation: Mandiant Suspected Turla Campaign February 2023)",ANDROMEDA,T1036.005|T1036.008|T1055|T1071.001|T1091|T1105|T1547.001
S1156,Manjusaka,"[Manjusaka](https://attack.mitre.org/software/S1156) is a Chinese-language intrusion framework, similar to [Sliver](https://attack.mitre.org/software/S0633) and [Cobalt Strike](https://attack.mitre.org/software/S0154), with an ELF binary written in GoLang as the controller for Windows and Linux implants written in Rust. First identified in 2022, [Manjusaka](https://attack.mitre.org/software/S1156) consists of multiple components, only one of which (a command and control module) is freely availab",Manjusaka,T1016|T1041|T1059.003|T1071.001|T1082|T1083|T1113|T1132.001|T1555|T1555.003
S1022,IceApple,"[IceApple](https://attack.mitre.org/software/S1022) is a modular Internet Information Services (IIS) post-exploitation framework, that has been used since at least 2021 against the technology, academic, and government sectors.(Citation: CrowdStrike IceApple May 2022)",IceApple,T1003.002|T1003.004|T1005|T1016|T1027.010|T1036.005|T1041|T1056.003|T1070.004|T1071.001|T1082|T1083|T1087.002|T1140|T1505.004|T1552.002|T1560.001|T1573.001|T1620
S9008,Shai-Hulud,"[Shai-Hulud](https://attack.mitre.org/software/S9008) is a supply chain worm, first reported in September 2025, that spreads through code repositories, including GitHub and NPM packages. It exploits CI/CD pipeline dependencies to propagate to victims and poisons the supply chain by publishing malicious packages. Once inside a victim environment, [Shai-Hulud](https://attack.mitre.org/software/S9008) steals credentials and access tokens from compromised repository accounts and exfiltrates them to ",Shai-Hulud,T1027|T1036.005|T1036.009|T1041|T1059.001|T1059.004|T1059.007|T1071.001|T1078.004|T1082|T1098|T1105|T1119|T1195.001|T1213.003|T1485|T1528|T1543.002|T1546.016|T1548.003|T1550.001|T1552.001|T1552.005|T1553|T1555.006|T1564.011|T1567.001|T1567.004|T1593.003|T1608.001|T1677|T1678|T1685
S0201,JPIN,[JPIN](https://attack.mitre.org/software/S0201) is a custom-built backdoor family used by [PLATINUM](https://attack.mitre.org/groups/G0068). Evidence suggests developers of [JPIN](https://attack.mitre.org/software/S0201) and [Dipsind](https://attack.mitre.org/software/S0200) code bases were related in some way. (Citation: Microsoft PLATINUM April 2016),JPIN,T1007|T1012|T1016|T1027|T1033|T1055|T1056.001|T1057|T1059.003|T1069.001|T1070.004|T1071.002|T1071.003|T1082|T1083|T1105|T1197|T1222.001|T1518.001|T1685
S1217,VIRTUALPITA,"[VIRTUALPITA](https://attack.mitre.org/software/S1217) is a passive backdoor with ESXi and Linux vCenter variants capable of command execution, file transfer, and starting and stopping processes. [VIRTUALPITA](https://attack.mitre.org/software/S1217) has been in use since at least 2022 including by [UNC3886](https://attack.mitre.org/groups/G1048) who leveraged malicious vSphere Installation Bundles (VIBs) for install on ESXi hypervisors.(Citation: Google Cloud Threat Intelligence ESXi VIBs 2022)",VIRTUALPITA,T1036.004|T1036.005|T1037|T1059.004|T1059.006|T1105|T1489|T1570|T1571|T1673|T1675|T1690
S1059,metaMain,[metaMain](https://attack.mitre.org/software/S1059) is a backdoor used by [Metador](https://attack.mitre.org/groups/G1013) to maintain long-term access to compromised machines; it has also been used to decrypt [Mafalda](https://attack.mitre.org/software/S1060) into memory.(Citation: SentinelLabs Metador Sept 2022)(Citation: SentinelLabs Metador Technical Appendix Sept 2022),metaMain,T1005|T1027.013|T1033|T1041|T1055|T1056|T1056.001|T1057|T1070.004|T1070.006|T1071.001|T1074.001|T1082|T1083|T1090.001|T1095|T1105|T1106|T1112|T1113|T1140|T1205.001|T1497.003|T1546.003|T1560.003|T1573.001|T1574.001|T1620
S0610,SideTwist,[SideTwist](https://attack.mitre.org/software/S0610) is a C-based backdoor that has been used by [OilRig](https://attack.mitre.org/groups/G0049) since at least 2021.(Citation: Check Point APT34 April 2021),SideTwist,T1001|T1005|T1008|T1016|T1033|T1041|T1059.003|T1071.001|T1082|T1083|T1105|T1106|T1132.001|T1140|T1573.001
S0669,KOCTOPUS,"[KOCTOPUS](https://attack.mitre.org/software/S0669)'s batch variant is loader used by [LazyScripter](https://attack.mitre.org/groups/G0140) since 2018 to launch [Octopus](https://attack.mitre.org/software/S0340) and [Koadic](https://attack.mitre.org/software/S0250) and, in some cases, [QuasarRAT](https://attack.mitre.org/software/S0262). [KOCTOPUS](https://attack.mitre.org/software/S0669) also has a VBA variant that has the same functionality as the batch version.(Citation: MalwareBytes LazyScri",KOCTOPUS,T1027.010|T1036.005|T1059.001|T1059.003|T1059.005|T1070.009|T1082|T1090|T1105|T1106|T1112|T1140|T1204.001|T1204.002|T1547.001|T1548.002|T1564.003|T1566.001|T1566.002|T1685
S0459,MechaFlounder,[MechaFlounder](https://attack.mitre.org/software/S0459) is a python-based remote access tool (RAT) that has been used by [APT39](https://attack.mitre.org/groups/G0087). The payload uses a combination of actor developed code and code snippets freely available online in development communities.(Citation: Unit 42 MechaFlounder March 2019),MechaFlounder,T1033|T1036.005|T1041|T1059.003|T1059.006|T1071.001|T1105|T1132.001
S0078,Psylo,[Psylo](https://attack.mitre.org/software/S0078) is a shellcode-based Trojan that has been used by [Scarlet Mimic](https://attack.mitre.org/groups/G0029). It has similar characteristics as [FakeM](https://attack.mitre.org/software/S0076). (Citation: Scarlet Mimic Jan 2016),Psylo,T1041|T1070.006|T1071.001|T1083|T1105
S1027,Heyoka Backdoor,[Heyoka Backdoor](https://attack.mitre.org/software/S1027) is a custom backdoor--based on the Heyoka open source exfiltration tool--that  has been used by [Aoqin Dragon](https://attack.mitre.org/groups/G1007) since at least 2013.(Citation: SentinelOne Aoqin Dragon June 2022)(Citation: Sourceforge Heyoka 2022) ,Heyoka Backdoor,T1007|T1027.013|T1036.004|T1055.001|T1057|T1070.004|T1071.004|T1083|T1120|T1140|T1204.002|T1218.011|T1547.001|T1572|T1680
S0070,HTTPBrowser,[HTTPBrowser](https://attack.mitre.org/software/S0070) is malware that has been used by several threat groups. (Citation: ThreatStream Evasion Analysis) (Citation: Dell TG-3390) It is believed to be of Chinese origin. (Citation: ThreatConnect Anthem),HTTPBrowser|Token Control|HttpDump,T1027|T1036.005|T1056.001|T1059.003|T1070.004|T1071.001|T1071.004|T1083|T1105|T1547.001|T1574.001
S9011,BRUSHFIRE,"[BRUSHFIRE](https://attack.mitre.org/software/S9011) is a passive backdoor written in C that executes in-memory within an existing process. First reported in March 2025, [BRUSHFIRE](https://attack.mitre.org/software/S9011) has been observed in activity attributed to People's Republic of China (PRC) state-affiliated threat actors, including UNC5221 and SYLVANITE.(Citation: Dragos SYLVANITE MuddyWater Electrum March 2026)(Citation: Google UNC5221 Ivanti April 2025)(Citation: Picus Security UNC5221",BRUSHFIRE,T1048.002|T1140|T1205|T1620
S0084,Mis-Type,[Mis-Type](https://attack.mitre.org/software/S0084) is a backdoor hybrid that was used in [Operation Dust Storm](https://attack.mitre.org/campaigns/C0016) by 2012.(Citation: Cylance Dust Storm),Mis-Type,T1005|T1008|T1016|T1033|T1036.005|T1041|T1055|T1059.003|T1071.001|T1074.001|T1082|T1087.001|T1095|T1105|T1106|T1132.001|T1136.001|T1547
S1141,LunarWeb,[LunarWeb](https://attack.mitre.org/software/S1141) is a backdoor that has been used by [Turla](https://attack.mitre.org/groups/G0010) since at least 2020 including in a compromise of a European ministry of foreign affairs (MFA) together with [LunarLoader](https://attack.mitre.org/software/S1143) and [LunarMail](https://attack.mitre.org/software/S1142). [LunarWeb](https://attack.mitre.org/software/S1141) has only been observed deployed against servers and can use [Steganography](https://attack.m,LunarWeb,T1001.002|T1016|T1027.013|T1030|T1033|T1047|T1049|T1057|T1059.001|T1059.003|T1069.001|T1070.004|T1071.001|T1082|T1083|T1090|T1104|T1132.001|T1135|T1140|T1497.003|T1518|T1518.001|T1559|T1560.001|T1560.002|T1572|T1573.001|T1573.002|T1615
S0658,XCSSET,"[XCSSET](https://attack.mitre.org/software/S0658) is a modular macOS malware family delivered through infected Xcode projects and executed when the project is compiled. Active since August 2020, it has been observed installing backdoors, spoofed browsers, collecting data, and encrypting user files. It is composed of SHC-compiled shell scripts and run-only AppleScripts, often hiding in apps that mimic system tools (such as Xcode, Mail, or Notes) or use familiar icons (like Launchpad) to avoid det",XCSSET|OSX.DubRobber,T1005|T1027.013|T1036|T1041|T1056.002|T1059.004|T1068|T1082|T1083|T1087|T1098.004|T1105|T1113|T1195.001|T1222.002|T1486|T1497.003|T1518|T1518.001|T1539|T1543.004|T1546|T1546.004|T1548.006|T1553.001|T1554|T1560|T1564.001|T1569.001|T1573.001|T1574.006|T1614.001|T1647
S1088,Disco,[Disco](https://attack.mitre.org/software/S1088) is a custom implant that has been used by [MoustachedBouncer](https://attack.mitre.org/groups/G1019) since at least 2020 including in campaigns using targeted malicious content injection for initial access and command and control.(Citation: MoustachedBouncer ESET August 2023),Disco,T1053.005|T1071.002|T1105|T1204.002|T1659
S0200,Dipsind,[Dipsind](https://attack.mitre.org/software/S0200) is a malware family of backdoors that appear to be used exclusively by [PLATINUM](https://attack.mitre.org/groups/G0068). (Citation: Microsoft PLATINUM April 2016),Dipsind,T1029|T1059.003|T1071.001|T1105|T1132.001|T1547.004|T1573.001
S0340,Octopus,[Octopus](https://attack.mitre.org/software/S0340) is a Windows Trojan written in the Delphi programming language that has been used by [Nomadic Octopus](https://attack.mitre.org/groups/G0133) to target government organizations in Central Asia since at least 2014.(Citation: Securelist Octopus Oct 2018)(Citation: Security Affairs DustSquad Oct 2018)(Citation: ESET Nomadic Octopus 2018) ,Octopus,T1005|T1016|T1033|T1036.005|T1041|T1047|T1071.001|T1074.001|T1082|T1083|T1105|T1113|T1132.001|T1204.002|T1547.001|T1560.001|T1566.001|T1567.002|T1680
S0607,KillDisk,[KillDisk](https://attack.mitre.org/software/S0607) is a disk-wiping tool designed to overwrite files with random data to render the OS unbootable. It was first observed as a component of [BlackEnergy](https://attack.mitre.org/software/S0089) malware during cyber attacks against Ukraine in 2015. [KillDisk](https://attack.mitre.org/software/S0607) has since evolved into stand-alone malware used by a variety of threat actors against additional targets in Europe and Latin America; in 2016 a ransomw,KillDisk|Win32/KillDisk.NBI|Win32/KillDisk.NBH|Win32/KillDisk.NBD|Win32/KillDisk.NBC|Win32/KillDisk.NBB,T1027|T1036.004|T1057|T1070.004|T1083|T1106|T1129|T1134|T1485|T1486|T1489|T1529|T1561.002|T1680|T1685.005
S1242,Qilin,"[Qilin](https://attack.mitre.org/software/S1242) is a ransomware family operated as a ransomware-as-a-service (RaaS) that has been active since at least 2022. It includes variants written in Go and Rust capable of targeting Windows, Linux, and VMware ESXi environments. [Qilin](https://attack.mitre.org/software/S1242) shares functionality overlaps with [Black Basta](https://attack.mitre.org/software/S1070), [REvil](https://attack.mitre.org/software/S0496), and [BlackCat](https://attack.mitre.org/",Qilin|Agenda,T1003.001|T1007|T1012|T1016|T1018|T1021.002|T1021.004|T1027.013|T1036.004|T1036.005|T1047|T1053.005|T1055.001|T1057|T1059.001|T1059.003|T1069.002|T1070.004|T1071.002|T1082|T1083|T1087.001|T1087.002|T1106|T1112|T1134|T1135|T1190|T1204.001|T1204.002|T1219.002|T1222|T1480|T1480.002|T1484.001|T1486|T1489|T1490|T1491.001|T1529|T1547.001|T1547.004|T1548.002|T1566.001|T1566.002|T1570|T1673|T1678|T1680|T1685|T1685.005|T1688
S0584,AppleJeus,"[AppleJeus](https://attack.mitre.org/software/S0584) is a family of downloaders initially discovered in 2018 embedded within trojanized cryptocurrency applications. [AppleJeus](https://attack.mitre.org/software/S0584) has been used by [Lazarus Group](https://attack.mitre.org/groups/G0032), targeting companies in the energy, finance, government, industry, technology, and telecommunications sectors, and several countries including the United States, United Kingdom, South Korea, Australia, Brazil, ",AppleJeus,T1027|T1041|T1053.005|T1059.004|T1070.004|T1071.001|T1082|T1140|T1204.001|T1204.002|T1218.007|T1497.003|T1543.003|T1543.004|T1546.016|T1548.002|T1553.002|T1564.001|T1566.002|T1569.001
S0516,SoreFang,[SoreFang](https://attack.mitre.org/software/S0516) is first stage downloader used by [APT29](https://attack.mitre.org/groups/G0016) for exfiltration and to load other malware.(Citation: NCSC APT29 July 2020)(Citation: CISA SoreFang July 2016),SoreFang,T1016|T1027|T1053.005|T1057|T1069.002|T1071.001|T1082|T1083|T1087.001|T1087.002|T1105|T1140|T1190|T1680
S1037,STARWHALE,"[STARWHALE](https://attack.mitre.org/software/S1037) is Windows Script File (WSF) backdoor that has been used by [MuddyWater](https://attack.mitre.org/groups/G0069), possibly since at least November 2021; there is also a [STARWHALE](https://attack.mitre.org/software/S1037) variant written in Golang with similar capabilities. Security researchers have also noted the use of [STARWHALE](https://attack.mitre.org/software/S1037) by UNC3313, which may be associated with [MuddyWater](https://attack.mit",STARWHALE|CANOPY,T1005|T1016|T1027.013|T1033|T1041|T1059.003|T1059.005|T1071.001|T1074.001|T1082|T1132.001|T1204.002|T1543.003|T1547.001
S0280,MirageFox,"[MirageFox](https://attack.mitre.org/software/S0280) is a remote access tool used against Windows systems. It appears to be an upgraded version of a tool known as Mirage, which is a RAT believed to originate in 2012. (Citation: APT15 Intezer June 2018)",MirageFox,T1033|T1059.003|T1082|T1140|T1574.001
S0604,Industroyer,"[Industroyer](https://attack.mitre.org/software/S0604) is a sophisticated malware framework designed to cause an impact to the working processes of Industrial Control Systems (ICS), specifically components used in electrical substations.(Citation: ESET Industroyer) [Industroyer](https://attack.mitre.org/software/S0604) was used in the attacks on the Ukrainian power grid in December 2016.(Citation: Dragos Crashoverride 2017) This is the first publicly known malware specifically designed to target",Industroyer|CRASHOVERRIDE|Win32/Industroyer,T1012|T1016|T1018|T1027|T1041|T1046|T1071.001|T1078|T1082|T1083|T1090.003|T1105|T1140|T1485|T1489|T1499.004|T1543.003|T1554|T1572
S9039,LazyWiper,[LazyWiper](https://attack.mitre.org/software/S9039) is a destructive malware observed targeting a manufacturing sector company during the [2025 Poland Wiper Attacks](https://attack.mitre.org/campaigns/C0063). [LazyWiper](https://attack.mitre.org/software/S9039) is a native Windows PowerShell script that is believed to have been generated by a large language model (LLM). [LazyWiper](https://attack.mitre.org/software/S9039) overwrites files on the system using the C# function `WriteRandomBytes()`,LazyWiper,T1059.001|T1082|T1083|T1480|T1485|T1588.007|T1679|T1685
S0186,DownPaper,[DownPaper](https://attack.mitre.org/software/S0186) is a backdoor Trojan; its main functionality is to download and run second stage malware. (Citation: ClearSky Charming Kitten Dec 2017),DownPaper,T1012|T1033|T1059.001|T1059.003|T1071.001|T1082|T1547.001
S0273,Socksbot,[Socksbot](https://attack.mitre.org/software/S0273) is a backdoor that  abuses Socket Secure (SOCKS) proxies. (Citation: TrendMicro Patchwork Dec 2017),Socksbot,T1055.001|T1057|T1059.001|T1090|T1113
S1102,Pcexter,[Pcexter](https://attack.mitre.org/software/S1102) is an uploader that has been used by [ToddyCat](https://attack.mitre.org/groups/G1022) since at least 2023 to exfiltrate stolen files.(Citation: Kaspersky ToddyCat Check Logs October 2023),Pcexter,T1005|T1083|T1567.002|T1574.001
S0135,HIDEDRV,[HIDEDRV](https://attack.mitre.org/software/S0135) is a rootkit used by [APT28](https://attack.mitre.org/groups/G0007). It has been deployed along with [Downdelph](https://attack.mitre.org/software/S0134) to execute and hide that malware. (Citation: ESET Sednit Part 3) (Citation: Sekoia HideDRV Oct 2016),HIDEDRV,T1014|T1055.001
S0046,CozyCar,"[CozyCar](https://attack.mitre.org/software/S0046) is malware that was used by [APT29](https://attack.mitre.org/groups/G0016) from 2010 to 2015. It is a modular malware platform, and its backdoor component can be instructed to download and execute a variety of modules with different functionality. (Citation: F-Secure The Dukes)",CozyCar|CozyDuke|CozyBear|Cozer|EuroAPT,T1003.001|T1003.002|T1027.013|T1036.003|T1053.005|T1059.003|T1071.001|T1082|T1102.002|T1218.011|T1497|T1518.001|T1543.003|T1547.001
S1020,Kevin,"[Kevin](https://attack.mitre.org/software/S1020) is a backdoor implant written in C++ that has been used by [HEXANE](https://attack.mitre.org/groups/G1001) since at least June 2020, including in operations against organizations in Tunisia.(Citation: Kaspersky Lyceum October 2021)",Kevin,T1001.001|T1005|T1008|T1016|T1027.013|T1030|T1036.003|T1041|T1059.003|T1070.004|T1071.001|T1071.004|T1074|T1082|T1105|T1106|T1132.001|T1497|T1546.003|T1564.003|T1572
S0331,Agent Tesla,[Agent Tesla](https://attack.mitre.org/software/S0331) is a spyware Trojan written for the .NET framework that has been observed since at least 2014.(Citation: Fortinet Agent Tesla April 2018)(Citation: Bitdefender Agent Tesla April 2020)(Citation: Malwarebytes Agent Tesla April 2020),Agent Tesla,T1016|T1016.002|T1027|T1033|T1047|T1048.003|T1053.005|T1055|T1055.012|T1056.001|T1057|T1071.001|T1071.003|T1082|T1087.001|T1105|T1112|T1113|T1115|T1124|T1125|T1140|T1185|T1203|T1204.002|T1218.009|T1497|T1547.001|T1552.001|T1552.002|T1555|T1555.003|T1560|T1564.001|T1564.003|T1566.001|T1685
S0208,Pasam,[Pasam](https://attack.mitre.org/software/S0208) is a trojan used by [Elderwood](https://attack.mitre.org/groups/G0066) to open a backdoor on compromised hosts. (Citation: Symantec Elderwood Sept 2012) (Citation: Symantec Pasam May 2012),Pasam,T1005|T1057|T1070.004|T1082|T1083|T1105|T1547.008|T1680
S0068,httpclient,"[httpclient](https://attack.mitre.org/software/S0068) is malware used by [Putter Panda](https://attack.mitre.org/groups/G0024). It is a simple tool that provides a limited range of functionality, suggesting it is likely used as a second-stage or supplementary/backup tool. (Citation: CrowdStrike Putter Panda)",httpclient,T1059.003|T1071.001|T1573.001
S0223,POWERSTATS,[POWERSTATS](https://attack.mitre.org/software/S0223) is a PowerShell-based first stage backdoor used by [MuddyWater](https://attack.mitre.org/groups/G0069). (Citation: Unit 42 MuddyWater Nov 2017),POWERSTATS|Powermud,T1005|T1016|T1027.010|T1027.016|T1029|T1033|T1036.004|T1047|T1053.005|T1057|T1059.001|T1059.005|T1059.007|T1070.004|T1082|T1087.001|T1090.002|T1105|T1113|T1132.001|T1140|T1218.005|T1518.001|T1559.001|T1559.002|T1573.002|T1685
S0371,POWERTON,"[POWERTON](https://attack.mitre.org/software/S0371) is a custom PowerShell backdoor first observed in 2018. It has typically been deployed as a late-stage backdoor by [APT33](https://attack.mitre.org/groups/G0064). At least two variants of the backdoor have been identified, with the later version containing improved functionality.(Citation: FireEye APT33 Guardrail)",POWERTON,T1003.002|T1059.001|T1071.001|T1546.003|T1547.001|T1573.001
S1227,StarProxy,"[StarProxy](https://attack.mitre.org/software/S1227) is custom malware used by [Mustang Panda](https://attack.mitre.org/groups/G0129) as a post-compromise tool, to enable proxying of traffic between the infected machine and other machines on the same network. (Citation: Zscaler)",StarProxy,T1001.003|T1059|T1090.001|T1095|T1106|T1124|T1140|T1573.001|T1574.001
S0593,ECCENTRICBANDWAGON,[ECCENTRICBANDWAGON](https://attack.mitre.org/software/S0593) is a remote access Trojan (RAT) used by North Korean cyber actors that was first identified in August 2020. It is a reconnaissance tool--with keylogging and screen capture functionality--used for information gathering on compromised systems.(Citation: CISA EB Aug 2020),ECCENTRICBANDWAGON,T1027|T1056.001|T1059.003|T1070.004|T1074.001|T1113
S0128,BADNEWS,"[BADNEWS](https://attack.mitre.org/software/S0128) is malware that has been used by the actors responsible for the [Patchwork](https://attack.mitre.org/groups/G0040) campaign. Its name was given due to its use of RSS feeds, forums, and blogs for command and control. (Citation: Forcepoint Monsoon) (Citation: TrendMicro Patchwork Dec 2017)",BADNEWS,T1005|T1025|T1036.001|T1036.005|T1039|T1053.005|T1055.012|T1056.001|T1059.003|T1071.001|T1074.001|T1083|T1102.001|T1102.002|T1105|T1106|T1113|T1119|T1120|T1132|T1132.001|T1547.001|T1573.001|T1574.001
S9013,DRYHOOK,"[DRYHOOK](https://attack.mitre.org/software/S9013) is Python script used to steal credentials. [DRYHOOK](https://attack.mitre.org/software/S9013) was first reported in January 2025, and has previously been leveraged by People's Republic of China (PRC) state-affiliated threat actors identified as UNC5221 and SYLVANITE.(Citation: Dragos SYLVANITE MuddyWater Electrum March 2026)(Citation: Google UNC5221 Ivanti January 2025)(Citation: Picus Security UNC5221 Ivanti May 2025)",DRYHOOK,T1027.013|T1056.001|T1059.006|T1059.008|T1074.001|T1222.002|T1489|T1556|T1556.004|T1601|T1685
S0211,Linfo,[Linfo](https://attack.mitre.org/software/S0211) is a rootkit trojan used by [Elderwood](https://attack.mitre.org/groups/G0066) to open a backdoor on compromised hosts. (Citation: Symantec Elderwood Sept 2012) (Citation: Symantec Linfo May 2012),Linfo,T1005|T1008|T1029|T1057|T1059.003|T1070.004|T1082|T1083|T1105
S0477,Goopy,[Goopy](https://attack.mitre.org/software/S0477) is a Windows backdoor and Trojan used by [APT32](https://attack.mitre.org/groups/G0050) and shares several similarities to another backdoor used by the group ([Denis](https://attack.mitre.org/software/S0354)). [Goopy](https://attack.mitre.org/software/S0477) is named for its impersonation of the legitimate Google Updater executable.(Citation: Cybereason Cobalt Kitty 2017),Goopy,T1005|T1027.001|T1027.016|T1033|T1036.005|T1041|T1053.005|T1057|T1059.003|T1059.005|T1070.008|T1071.001|T1071.003|T1071.004|T1106|T1140|T1574.001|T1685
S0596,ShadowPad,"[ShadowPad](https://attack.mitre.org/software/S0596) is a modular backdoor that was first identified in a supply chain compromise of the NetSarang software in mid-July 2017. The malware was originally thought to be exclusively used by [APT41](https://attack.mitre.org/groups/G0096), but has since been observed to be used by various Chinese threat activity groups. (Citation: Recorded Future RedEcho Feb 2021)(Citation: Securelist ShadowPad Aug 2017)(Citation: Kaspersky ShadowPad Aug 2017) ",ShadowPad|POISONPLUG.SHADOW,T1016|T1027|T1027.011|T1029|T1033|T1055|T1055.001|T1057|T1070|T1071.001|T1071.002|T1071.004|T1082|T1095|T1105|T1112|T1124|T1132.002|T1140|T1568.002|T1680
S0375,Remexi,[Remexi](https://attack.mitre.org/software/S0375) is a Windows-based Trojan that was developed in the C programming language.(Citation: Securelist Remexi Jan 2019),Remexi,T1010|T1027.013|T1041|T1047|T1053.005|T1056.001|T1059.003|T1059.005|T1071.001|T1083|T1113|T1115|T1140|T1547.001|T1547.004|T1560
S0373,Astaroth,"[Astaroth](https://attack.mitre.org/software/S0373) is a Trojan and information stealer known to affect companies in Europe, Brazil, and throughout Latin America. It has been known publicly since at least late 2017. (Citation: Cybereason Astaroth Feb 2019)(Citation: Cofense Astaroth Sept 2018)(Citation: Securelist Brazilian Banking Malware July 2020)",Astaroth|Guildma,T1016|T1027.002|T1027.010|T1027.013|T1041|T1047|T1055.012|T1056.001|T1057|T1059.003|T1059.005|T1059.007|T1074.001|T1082|T1102.001|T1105|T1115|T1124|T1129|T1132.001|T1140|T1204.002|T1218.001|T1218.010|T1220|T1497.001|T1518.001|T1547.001|T1547.009|T1552|T1555|T1564.003|T1564.004|T1566.001|T1568.002|T1574.001
S0650,QakBot,"[QakBot](https://attack.mitre.org/software/S0650) is a modular banking trojan that has been used primarily by financially-motivated actors since at least 2007. [QakBot](https://attack.mitre.org/software/S0650) is continuously maintained and developed and has evolved from an information stealer into a delivery agent for ransomware, most notably [ProLock](https://attack.mitre.org/software/S0654) and [Egregor](https://attack.mitre.org/software/S0554).(Citation: Trend Micro Qakbot December 2020)(Cit",QakBot|Pinkslipbot|QuackBot|QBot,T1005|T1010|T1016|T1016.001|T1018|T1027|T1027.001|T1027.002|T1027.005|T1027.006|T1027.010|T1027.011|T1033|T1036.008|T1041|T1047|T1049|T1053.005|T1055|T1055.012|T1056.001|T1057|T1059.001|T1059.003|T1059.005|T1059.007|T1069.001|T1070.004|T1071.001|T1074.001|T1082|T1083|T1090.002|T1091|T1095|T1105|T1106|T1110|T1112|T1114.001|T1120|T1124|T1132.001|T1135|T1140|T1185|T1204.001|T1204.002|T1210|T1218.007|T1218.010|T1218.011|T1482|T1497.001|T1497.003|T1518|T1518.001|T1539|T1543.003|T1547.001|T1553.002|T1553.005|T1555.003|T1564.001|T1566.001|T1566.002|T1568.002|T1572|T1573.001|T1574.001|T1685
S9021,DOWNIISSA,"[DOWNIISSA](https://attack.mitre.org/software/S9021) is a shellcode downloader that has been used by [MirrorFace](https://attack.mitre.org/groups/G1054) since at least 2022 to deploy payloads, including the [LODEINFO](https://attack.mitre.org/software/S9020) backdoor.(Citation: Kaspersky LODEINFO OCT 2022)",DOWNIISSA,T1027.013|T1055|T1070.004|T1105|T1106|T1140|T1218.007
S0464,SYSCON,[SYSCON](https://attack.mitre.org/software/S0464) is a backdoor that has been in use since at least 2017 and has been associated with campaigns involving North Korean themes. [SYSCON](https://attack.mitre.org/software/S0464) has been delivered by the [CARROTBALL](https://attack.mitre.org/software/S0465) and [CARROTBAT](https://attack.mitre.org/software/S0462) droppers.(Citation: Unit 42 CARROTBAT November 2018)(Citation: Unit 42 CARROTBAT January 2020),SYSCON,T1057|T1059.003|T1071.002|T1082|T1204.002
S9004,Crocodilus,"[Crocodilus](https://attack.mitre.org/software/S9004) is an Android banking Trojan that was discovered in March 2025. [Crocodilus](https://attack.mitre.org/software/S9004) targeted users worldwide, including Turkey, Poland, Argentina, Brazil, Spain, the United States, Indonesia and India. [Crocodilus](https://attack.mitre.org/software/S9004) has been customized based on the target location. For example, [Crocodilus](https://attack.mitre.org/software/S9004) mimicked major Turkish and Spanish bank",Crocodilus,T1657
S0492,CookieMiner,[CookieMiner](https://attack.mitre.org/software/S0492) is mac-based malware that targets information associated with cryptocurrency exchanges as well as enabling cryptocurrency mining on the victim system itself. It was first discovered in the wild in 2019.(Citation: Unit42 CookieMiner Jan 2019),CookieMiner,T1005|T1027.010|T1048.003|T1059.004|T1059.006|T1083|T1105|T1140|T1496.001|T1518.001|T1539|T1543.001|T1555.003|T1686
S0499,Hancitor,[Hancitor](https://attack.mitre.org/software/S0499) is a downloader that has been used by [Pony](https://attack.mitre.org/software/S0453) and other information stealing malware.(Citation: Threatpost Hancitor)(Citation: FireEye Hancitor),Hancitor|Chanitor,T1027|T1027.015|T1059.001|T1070.004|T1105|T1106|T1140|T1204.001|T1204.002|T1218.012|T1497|T1547.001|T1566.001|T1566.002
S0666,Gelsemium,"[Gelsemium](https://attack.mitre.org/software/S0666) is a modular malware comprised of a dropper (Gelsemine), a loader (Gelsenicine), and main (Gelsevirine) plug-ins written using the Microsoft Foundation Class (MFC) framework. [Gelsemium](https://attack.mitre.org/software/S0666) has been used by the Gelsemium group since at least 2014.(Citation: ESET Gelsemium June 2021)",Gelsemium|Gelsevirine|Gelsenicine|Gelsemine,T1005|T1008|T1012|T1027.011|T1027.015|T1027.016|T1033|T1036.001|T1036.005|T1055.001|T1057|T1059.003|T1070.004|T1070.006|T1071.001|T1071.004|T1082|T1083|T1095|T1105|T1106|T1112|T1134|T1140|T1497|T1518.001|T1543.003|T1547.001|T1547.012|T1548.002|T1559.001|T1568|T1620
S0283,jRAT,"[jRAT](https://attack.mitre.org/software/S0283) is a cross-platform, Java-based backdoor originally available for purchase in 2012. Variants of [jRAT](https://attack.mitre.org/software/S0283) have been distributed via a software-as-a-service platform, similar to an online subscription model.(Citation: Kaspersky Adwind Feb 2016) (Citation: jRAT Symantec Aug 2018)",jRAT|JSocket|AlienSpy|Frutas|Sockrat|Unrecom|jFrutas|Adwind|jBiFrost|Trojan.Maljava,T1007|T1016|T1021.001|T1027|T1027.002|T1029|T1037.005|T1047|T1049|T1056.001|T1057|T1059.003|T1059.005|T1059.007|T1070.004|T1082|T1083|T1090|T1105|T1113|T1115|T1120|T1123|T1125|T1518.001|T1552.001|T1552.004|T1555.003
S0170,Helminth,"[Helminth](https://attack.mitre.org/software/S0170) is a backdoor that has at least two variants - one written in VBScript and PowerShell that is delivered via a macros in Excel spreadsheets, and one that is a standalone Windows executable. (Citation: Palo Alto OilRig May 2016)",Helminth,T1027.013|T1030|T1053.005|T1056.001|T1057|T1059.001|T1059.003|T1059.005|T1069.001|T1069.002|T1071.001|T1071.004|T1074.001|T1105|T1115|T1119|T1132.001|T1547.001|T1547.009|T1553.002|T1573.001
S0384,Dridex,"[Dridex](https://attack.mitre.org/software/S0384) is a prolific banking Trojan that first appeared in 2014. By December 2019, the US Treasury estimated [Dridex](https://attack.mitre.org/software/S0384) had infected computers in hundreds of banks and financial institutions in over 40 countries, leading to more than $100 million in theft. [Dridex](https://attack.mitre.org/software/S0384) was created from the source code of the Bugat banking Trojan (also known as Cridex).(Citation: Dell Dridex Oct ",Dridex|Bugat v5,T1027|T1053.005|T1071.001|T1082|T1090|T1090.003|T1106|T1185|T1204.002|T1218.010|T1219|T1518|T1573.001|T1573.002|T1574.001
S0470,BBK,[BBK](https://attack.mitre.org/software/S0470) is a downloader that has been used by [BRONZE BUTLER](https://attack.mitre.org/groups/G0060) since at least 2019.(Citation: Trend Micro Tick November 2019),BBK,T1027.003|T1055|T1059.003|T1071.001|T1105|T1106|T1140
S0162,Komplex,[Komplex](https://attack.mitre.org/software/S0162) is a backdoor that has been used by [APT28](https://attack.mitre.org/groups/G0007) on OS X and appears to be developed in a similar manner to [XAgentOSX](https://attack.mitre.org/software/S0161) (Citation: XAgentOSX 2017) (Citation: Sofacy Komplex Trojan).,Komplex,T1033|T1057|T1070.004|T1071.001|T1543.001|T1564.001|T1573.001
S0402,OSX/Shlayer,[OSX/Shlayer](https://attack.mitre.org/software/S0402) is a Trojan designed to install adware on macOS that was first discovered in 2018.(Citation: Carbon Black Shlayer Feb 2019)(Citation: Intego Shlayer Feb 2018),OSX/Shlayer|Zshlayer|Crossrider,T1036.005|T1059.004|T1082|T1083|T1105|T1140|T1176.001|T1204.002|T1222.002|T1548.004|T1553.001|T1564|T1564.001|T1564.009|T1564.011
S0354,Denis,[Denis](https://attack.mitre.org/software/S0354) is a Windows backdoor and Trojan used by [APT32](https://attack.mitre.org/groups/G0050). [Denis](https://attack.mitre.org/software/S0354) shares several similarities to the [SOUNDBITE](https://attack.mitre.org/software/S0157) backdoor and has been used in conjunction with the [Goopy](https://attack.mitre.org/software/S0477) backdoor.(Citation: Cybereason Oceanlotus May 2017),Denis,T1012|T1016|T1027|T1027.010|T1033|T1055.012|T1059.001|T1059.003|T1070.004|T1071.004|T1082|T1083|T1105|T1106|T1132.001|T1140|T1497.001|T1560.002|T1574|T1574.001
S1139,INC Ransomware,[INC Ransomware](https://attack.mitre.org/software/S1139) is a ransomware strain that has been used by the [INC Ransom](https://attack.mitre.org/groups/G1032) group since at least 2023 against multiple industry sectors worldwide. [INC Ransomware](https://attack.mitre.org/software/S1139) can employ partial encryption combined with multi-threading to speed encryption.(Citation: SentinelOne INC Ransomware)(Citation: Huntress INC Ransom Group August 2023)(Citation: Secureworks GOLD IONIC April 2024),INC Ransomware,T1047|T1057|T1083|T1106|T1120|T1135|T1140|T1486|T1489|T1490|T1491.001|T1566|T1570|T1652|T1680
S1134,DEADWOOD,"[DEADWOOD](https://attack.mitre.org/software/S1134) is wiper malware written in C++ using Boost libraries. [DEADWOOD](https://attack.mitre.org/software/S1134) was first observed in an unattributed wiping event in Saudi Arabia in 2019, and has since been incorporated into [Agrius](https://attack.mitre.org/groups/G1030) operations.(Citation: SentinelOne Agrius 2021)",DEADWOOD,T1027.009|T1027.013|T1036.004|T1124|T1140|T1485|T1531|T1561.001|T1561.002|T1569.002
S0026,GLOOXMAIL,[GLOOXMAIL](https://attack.mitre.org/software/S0026) is malware used by [APT1](https://attack.mitre.org/groups/G0006) that mimics legitimate Jabber/XMPP traffic. (Citation: Mandiant APT1),GLOOXMAIL|Trojan.GTALK,T1071.005|T1102.002
S0281,Dok,[Dok](https://attack.mitre.org/software/S0281) is a Trojan application disguised as a .zip file that is able to collect user credentials and install a malicious proxy server to redirect a user's network traffic (i.e. [Adversary-in-the-Middle](https://attack.mitre.org/techniques/T1557)).(Citation: objsee mac malware 2017)(Citation: hexed osx.dok analysis 2019)(Citation: CheckPoint Dok),Dok|Retefe,T1027.002|T1048.003|T1056.002|T1059.002|T1090.003|T1222.002|T1543.001|T1547.015|T1548.003|T1553.004|T1557
S1234,SplatCloak,[SplatCloak](https://attack.mitre.org/software/S1234) is a malware that disables EDR-related routines used by Windows Defender and Kaspersky to aid in evading detection.  [SplatCloak](https://attack.mitre.org/software/S1234) has been deployed by [SplatDropper](https://attack.mitre.org/software/S1232) and is known to be leveraged by [Mustang Panda](https://attack.mitre.org/groups/G0129) since 2025.(Citation: Zscaler PAKLOG CorkLog SplatCloak Splatdropper April 2025),SplatCloak,T1036.001|T1082|T1083|T1106|T1518.001|T1685
S0579,Waterbear,"[Waterbear](https://attack.mitre.org/software/S0579) is modular malware attributed to [BlackTech](https://attack.mitre.org/groups/G0098) that has been used primarily for lateral movement, decrypting, and triggering payloads and is capable of hiding network behaviors.(Citation: Trend Micro Waterbear December 2019)",Waterbear,T1012|T1027.005|T1027.013|T1049|T1055|T1055.003|T1057|T1105|T1106|T1112|T1140|T1518.001|T1574.001|T1685
S0618,FIVEHANDS,"[FIVEHANDS](https://attack.mitre.org/software/S0618) is a customized version of [DEATHRANSOM](https://attack.mitre.org/software/S0616) ransomware written in C++. [FIVEHANDS](https://attack.mitre.org/software/S0618) has been used since at least 2021, including in Ransomware-as-a-Service (RaaS) campaigns, sometimes along with [SombRAT](https://attack.mitre.org/software/S0615).(Citation: FireEye FiveHands April 2021)(Citation: NCC Group Fivehands June 2021)",FIVEHANDS,T1027.013|T1047|T1059|T1083|T1135|T1140|T1486|T1490
S0244,Comnie,[Comnie](https://attack.mitre.org/software/S0244) is a remote backdoor which has been used in attacks in East Asia. (Citation: Palo Alto Comnie),Comnie,T1007|T1016|T1018|T1027|T1027.001|T1049|T1057|T1059.003|T1059.005|T1071.001|T1082|T1087.001|T1102.002|T1119|T1218.011|T1518.001|T1547.001|T1547.009|T1573.001
S0207,Vasport,[Vasport](https://attack.mitre.org/software/S0207) is a trojan used by [Elderwood](https://attack.mitre.org/groups/G0066) to open a backdoor on compromised hosts. (Citation: Symantec Elderwood Sept 2012) (Citation: Symantec Vasport May 2012),Vasport,T1071.001|T1090|T1105|T1547.001
S0129,AutoIt backdoor,[AutoIt backdoor](https://attack.mitre.org/software/S0129) is malware that has been used by the actors responsible for the MONSOON campaign. The actors frequently used it in weaponized .pps files exploiting CVE-2014-6352. (Citation: Forcepoint Monsoon) This malware makes use of the legitimate scripting language for Windows GUI automation with the same name.,AutoIt backdoor,T1059.001|T1083|T1132.001|T1548.002
S0648,JSS Loader,[JSS Loader](https://attack.mitre.org/software/S0648) is Remote Access Trojan (RAT) with .NET and C++ variants that has been used by [FIN7](https://attack.mitre.org/groups/G0046) since at least 2020.(Citation: eSentire FIN7 July 2021)(Citation: CrowdStrike Carbon Spider August 2021),JSS Loader,T1053.005|T1059.001|T1059.005|T1059.007|T1105|T1204.002|T1566.001
S0158,PHOREAL,[PHOREAL](https://attack.mitre.org/software/S0158) is a signature backdoor used by [APT32](https://attack.mitre.org/groups/G0050). (Citation: FireEye APT32 May 2017),PHOREAL,T1059.003|T1095|T1112
S0165,OSInfo,[OSInfo](https://attack.mitre.org/software/S0165) is a custom tool used by [APT3](https://attack.mitre.org/groups/G0022) to do internal discovery on a victim's computer and network. (Citation: Symantec Buckeye),OSInfo,T1012|T1016|T1018|T1049|T1069.001|T1069.002|T1082|T1087.001|T1087.002|T1135
S0282,MacSpy,[MacSpy](https://attack.mitre.org/software/S0282) is a malware-as-a-service offered on the darkweb  (Citation: objsee mac malware 2017).,MacSpy,T1056.001|T1070.004|T1071.001|T1090.003|T1113|T1115|T1123|T1543.001|T1564.001
S0681,Lizar,[Lizar](https://attack.mitre.org/software/S0681) is a modular remote access tool written using the .NET Framework that shares structural similarities to [Carbanak](https://attack.mitre.org/software/S0030). It has likely been used by [FIN7](https://attack.mitre.org/groups/G0046) since at least February 2021.(Citation: BiZone Lizar May 2021)(Citation: Threatpost Lizar May 2021)(Citation: Gemini FIN7 Oct 2021),Lizar|Tirion|Icebot|DiceLoader,T1003.001|T1016|T1027|T1033|T1049|T1055|T1055.001|T1055.002|T1057|T1059.001|T1059.003|T1059.006|T1082|T1087.003|T1095|T1105|T1106|T1113|T1132.002|T1140|T1217|T1518.001|T1555.003|T1555.004|T1560|T1573|T1588.002|T1620
S0567,Dtrack,"[Dtrack](https://attack.mitre.org/software/S0567) is spyware that was discovered in 2019 and has been used against Indian financial institutions, research facilities, and the Kudankulam Nuclear Power Plant. [Dtrack](https://attack.mitre.org/software/S0567) shares similarities with the DarkSeoul campaign, which was attributed to [Lazarus Group](https://attack.mitre.org/groups/G0032). (Citation: Kaspersky Dtrack)(Citation: Securelist Dtrack)(Citation: Dragos WASSONITE)(Citation: CyberBit Dtrack)(C",Dtrack,T1005|T1012|T1016|T1027.009|T1036.005|T1049|T1055.012|T1056.001|T1057|T1059.003|T1070.004|T1074.001|T1078|T1082|T1083|T1105|T1129|T1140|T1217|T1543.003|T1547|T1560|T1574
S0132,H1N1,"[H1N1](https://attack.mitre.org/software/S0132) is a malware variant that has been distributed via a campaign using VBA macros to infect victims. Although it initially had only loader capabilities, it has evolved to include information-stealing functionality. (Citation: Cisco H1N1 Part 1)",H1N1,T1027|T1027.002|T1059.003|T1080|T1091|T1105|T1132|T1490|T1548.002|T1555.003|T1573.001|T1685|T1686.003
S1104,SLOWPULSE,[SLOWPULSE](https://attack.mitre.org/software/S1104) is a malware that was used by [APT5](https://attack.mitre.org/groups/G1023) as early as 2020 including against U.S. Defense Industrial Base (DIB) companies. [SLOWPULSE](https://attack.mitre.org/software/S1104) has several variants and can modify legitimate Pulse Secure VPN files in order to log credentials and bypass single and two-factor authentication flows.(Citation: Mandiant Pulse Secure Zero-Day April 2021),SLOWPULSE,T1027|T1074.001|T1111|T1554|T1556.004|T1556.006
S0639,Seth-Locker,"[Seth-Locker](https://attack.mitre.org/software/S0639) is a ransomware with some remote control capabilities that has been in use since at least 2021.
(Citation: Trend Micro Ransomware February 2021)",Seth-Locker,T1059.003|T1105|T1486
S0451,LoudMiner,[LoudMiner](https://attack.mitre.org/software/S0451) is a cryptocurrency miner which uses virtualization software to siphon system resources. The miner has been bundled with pirated copies of Virtual Studio Technology (VST) for Windows and macOS.(Citation: ESET LoudMiner June 2019),LoudMiner,T1016|T1027.010|T1027.013|T1057|T1059.003|T1059.004|T1070.004|T1082|T1105|T1189|T1218.007|T1496.001|T1543.003|T1543.004|T1564.001|T1564.006|T1569.001|T1569.002
S0344,Azorult,"[Azorult](https://attack.mitre.org/software/S0344) is a commercial Trojan that is used to steal information from compromised hosts. [Azorult](https://attack.mitre.org/software/S0344) has been observed in the wild as early as 2016.
In July 2018, [Azorult](https://attack.mitre.org/software/S0344) was seen used in a spearphishing campaign against targets in North America. [Azorult](https://attack.mitre.org/software/S0344) has been seen used for cryptocurrency theft. (Citation: Unit42 Azorult Nov 20",Azorult,T1012|T1016|T1033|T1055.012|T1057|T1070.004|T1082|T1083|T1105|T1113|T1124|T1134.002|T1140|T1552.001|T1555.003|T1573.001
S0570,BitPaymer,"[BitPaymer](https://attack.mitre.org/software/S0570) is a ransomware variant first observed in August 2017 targeting hospitals in the U.K. [BitPaymer](https://attack.mitre.org/software/S0570) uses a unique encryption key, ransom note, and contact information for each operation. [BitPaymer](https://attack.mitre.org/software/S0570) has several indicators suggesting overlap with the [Dridex](https://attack.mitre.org/software/S0384) malware and is often delivered via [Dridex](https://attack.mitre.or",BitPaymer|wp_encrypt|FriedEx,T1007|T1012|T1018|T1027.013|T1070.006|T1087.001|T1106|T1112|T1134.001|T1135|T1222.001|T1480|T1486|T1490|T1543.003|T1547.001|T1548.002|T1564.004
S0031,BACKSPACE,[BACKSPACE](https://attack.mitre.org/software/S0031) is a backdoor used by [APT30](https://attack.mitre.org/groups/G0013) that dates back to at least 2005. (Citation: FireEye APT30),BACKSPACE|Lecna,T1012|T1041|T1057|T1059.003|T1071.001|T1082|T1083|T1090.001|T1104|T1112|T1132.002|T1547.001|T1547.009|T1686
S0672,Zox,[Zox](https://attack.mitre.org/software/S0672) is a remote access tool that has been used by [Axiom](https://attack.mitre.org/groups/G0001) since at least 2008.(Citation: Novetta-Axiom),Zox|Gresim|ZoxRPC|ZoxPNG,T1001.002|T1005|T1021.002|T1027.013|T1057|T1068|T1083|T1105|T1680
S0275,UPPERCUT,"[UPPERCUT](https://attack.mitre.org/software/S0275) is a 32-bit HTTP-based backdoor that has been used by [menuPass](https://attack.mitre.org/groups/G0045) since at least 2017.(Citation: FireEye APT10 Sept 2018) Once thought to be exclusive to [menuPass](https://attack.mitre.org/groups/G0045), [UPPERCUT](https://attack.mitre.org/software/S0275) was also observed being used by [menuPass](https://attack.mitre.org/groups/G0045)-associated [MirrorFace](https://attack.mitre.org/groups/G1054) during [",UPPERCUT|ANEL,T1005|T1016|T1033|T1059.003|T1071.001|T1082|T1083|T1105|T1113|T1124|T1132.001|T1548.002|T1573.001|T1574.001|T1678
S0045,ADVSTORESHELL,[ADVSTORESHELL](https://attack.mitre.org/software/S0045) is a spying backdoor that has been used by [APT28](https://attack.mitre.org/groups/G0007) from at least 2012 to 2016. It is generally used for long-term espionage and is deployed on targets deemed interesting after a reconnaissance phase. (Citation: Kaspersky Sofacy) (Citation: ESET Sednit Part 2),ADVSTORESHELL|AZZY|EVILTOSS|NETUI|Sedreco,T1012|T1027|T1029|T1041|T1056.001|T1057|T1059.003|T1070.004|T1071.001|T1074.001|T1082|T1083|T1106|T1112|T1120|T1132.001|T1218.011|T1546.015|T1547.001|T1560|T1560.003|T1573.001|T1573.002
S1034,StrifeWater,[StrifeWater](https://attack.mitre.org/software/S1034) is a remote-access tool that has been used by [Moses Staff](https://attack.mitre.org/groups/G1009) in the initial stages of their attacks since at least November 2021.(Citation: Cybereason StrifeWater Feb 2022),StrifeWater,T1005|T1033|T1036.005|T1041|T1053.005|T1059.003|T1070.004|T1082|T1083|T1105|T1106|T1113|T1124|T1497.003|T1573.001
S0080,Mivast,[Mivast](https://attack.mitre.org/software/S0080) is a backdoor that has been used by [Deep Panda](https://attack.mitre.org/groups/G0009). It was reportedly used in the Anthem breach. (Citation: Symantec Black Vine),Mivast,T1003.002|T1059.003|T1105|T1547.001
S0394,HiddenWasp,[HiddenWasp](https://attack.mitre.org/software/S0394) is a Linux-based Trojan used to target systems for remote control. It comes in the form of a statically linked ELF binary with stdlibc++.(Citation: Intezer HiddenWasp Map 2019),HiddenWasp,T1014|T1027.013|T1037.004|T1059.003|T1095|T1105|T1136.001|T1140|T1573.001|T1574.006
S0670,WarzoneRAT,[WarzoneRAT](https://attack.mitre.org/software/S0670) is a malware-as-a-service remote access tool (RAT) written in C++ that has been publicly available for purchase since at least late 2018.(Citation: Check Point Warzone Feb 2020)(Citation: Uptycs Warzone UAC Bypass November 2020),WarzoneRAT|Warzone|Ave Maria,T1005|T1014|T1021.001|T1021.005|T1041|T1055|T1056.001|T1057|T1059.001|T1059.003|T1082|T1083|T1090|T1095|T1105|T1106|T1112|T1125|T1140|T1204.002|T1221|T1546.015|T1547.001|T1548.002|T1555.003|T1564|T1564.003|T1566.001|T1573.001|T1685
S0056,Net Crawler,[Net Crawler](https://attack.mitre.org/software/S0056) is an intranet worm capable of extracting credentials using credential dumpers and spreading to systems on a network over SMB by brute forcing accounts with recovered passwords and using [PsExec](https://attack.mitre.org/software/S0029) to execute a copy of [Net Crawler](https://attack.mitre.org/software/S0056). (Citation: Cylance Cleaver),Net Crawler|NetC,T1003.001|T1021.002|T1110.002|T1569.002
S0533,SLOTHFULMEDIA,"[SLOTHFULMEDIA](https://attack.mitre.org/software/S0533) is a remote access Trojan written in C++ that has been used by an unidentified ""sophisticated cyber actor"" since at least January 2017.(Citation: CISA MAR SLOTHFULMEDIA October 2020)(Citation: Costin Raiu IAmTheKing October 2020) It has been used to target government organizations, defense contractors, universities, and energy companies in Russia, India, Kazakhstan, Kyrgyzstan, Malaysia, Ukraine, and Eastern Europe.(Citation: USCYBERCOM SL",SLOTHFULMEDIA|JackOfHearts|QueenOfClubs,T1001|T1005|T1007|T1033|T1036.004|T1036.005|T1041|T1049|T1055|T1056.001|T1057|T1059.003|T1070.004|T1071.001|T1082|T1083|T1105|T1112|T1113|T1489|T1543.003|T1564.001|T1569.002|T1680
S0181,FALLCHILL,"[FALLCHILL](https://attack.mitre.org/software/S0181) is a RAT that has been used by [Lazarus Group](https://attack.mitre.org/groups/G0032) since at least 2016 to target the aerospace, telecommunications, and finance industries. It is usually dropped by other [Lazarus Group](https://attack.mitre.org/groups/G0032) malware or delivered when a victim unknowingly visits a compromised website. (Citation: US-CERT FALLCHILL Nov 2017)",FALLCHILL,T1001.003|T1016|T1070.004|T1070.006|T1082|T1083|T1543.003|T1573.001|T1680
S1248,XORIndex Loader,"[XORIndex Loader](https://attack.mitre.org/software/S1248) is a XOR-encoded loader that collects host data, decodes follow-on scripts and acts as a downloader for the [BeaverTail](https://attack.mitre.org/software/S1246) malware.  [XORIndex Loader](https://attack.mitre.org/software/S1248) was first reported in June 2025.  [XORIndex Loader](https://attack.mitre.org/software/S1248) has been leveraged by North Korea-affiliated threat actors identified as [Contagious Interview](https://attack.mitre.",XORIndex Loader,T1016|T1027.010|T1027.013|T1033|T1036.005|T1041|T1059.007|T1071.001|T1082|T1105|T1140|T1614
S1035,Small Sieve,"[Small Sieve](https://attack.mitre.org/software/S1035) is a Telegram Bot API-based Python backdoor that has been distributed using a Nullsoft Scriptable Install System (NSIS) Installer; it has been used by [MuddyWater](https://attack.mitre.org/groups/G0069) since at least January 2022.(Citation: DHS CISA AA22-055A MuddyWater February 2022)(Citation: NCSC GCHQ Small Sieve Jan 2022)

Security researchers have also noted [Small Sieve](https://attack.mitre.org/software/S1035)'s use by UNC3313, which",Small Sieve|GRAMDOOR,T1016|T1027|T1033|T1036.005|T1059.003|T1059.006|T1071.001|T1102.002|T1105|T1132.002|T1480|T1547.001|T1573.002
S0143,Flame,"[Flame](https://attack.mitre.org/software/S0143) is a sophisticated toolkit that has been used to collect information since at least 2010, largely targeting Middle East countries. (Citation: Kaspersky Flame)",Flame|Flamer|sKyWIper,T1011.001|T1036.010|T1091|T1113|T1123|T1136.001|T1210|T1218.011|T1518.001|T1547.002
S0698,HermeticWizard,[HermeticWizard](https://attack.mitre.org/software/S0698) is a worm that has been used to spread [HermeticWiper](https://attack.mitre.org/software/S0697) in attacks against organizations in Ukraine since at least 2022.(Citation: ESET Hermetic Wizard March 2022),HermeticWizard,T1018|T1021.002|T1027.013|T1036.005|T1046|T1047|T1059.003|T1106|T1110.001|T1218.010|T1218.011|T1553.002|T1559.001|T1569.002|T1570|T1685.005
S9041,TeamPCP Cloud Stealer,"The [TeamPCP Cloud Stealer](https://attack.mitre.org/software/S9041) is a comprehensive filesystem credential stealer that can harvest, encrypt, and exfiltrate credentials from over 50 sensitive file paths across CI/CD, cloud, developer tooling, and container environments. The [TeamPCP Cloud Stealer](https://attack.mitre.org/software/S9041) was the primary payload used by [TeamPCP](https://attack.mitre.org/groups/G1056) in March 2026 during early stages of a cascading supply chain campaign targe",TeamPCP Cloud Stealer|SANDCLOCK,T1003.007|T1008|T1016|T1020|T1027.013|T1033|T1036.005|T1041|T1049|T1057|T1059.004|T1059.006|T1059.007|T1070.004|T1071.001|T1074.001|T1082|T1083|T1105|T1119|T1140|T1213.003|T1213.006|T1480|T1518|T1526|T1528|T1543.002|T1546.016|T1546.018|T1548.003|T1552.001|T1552.003|T1552.004|T1552.007|T1555|T1555.006|T1560.001|T1564.001|T1567.001|T1573.001|T1573.002|T1580|T1609|T1613|T1657|T1678
S9043,Mini Shai-Hulud,"[Mini Shai-Hulud](https://attack.mitre.org/software/S9043) is a credential stealer and self-replicating supply chain worm, derived from [Shai-Hulud](https://attack.mitre.org/software/S9008), that has been used by [TeamPCP](https://attack.mitre.org/groups/G1056) to target Continuous Integration and Continuous Delivery/Deployment (CI/CD) workflows since at least 2026. [Mini Shai-Hulud](https://attack.mitre.org/software/S9043) can compromise credentials across multiple cloud, container, and AI conf",Mini Shai-Hulud,T1003.007|T1008|T1016|T1021.007|T1027.013|T1033|T1036.005|T1041|T1053.006|T1059.006|T1059.007|T1059.013|T1070.004|T1071.001|T1078.004|T1082|T1083|T1087.004|T1090.003|T1102.001|T1105|T1119|T1124|T1132.001|T1140|T1195.001|T1205|T1213.003|T1480|T1485|T1497|T1497.001|T1528|T1543.001|T1543.002|T1546|T1546.018|T1550.001|T1552.001|T1552.004|T1552.005|T1552.007|T1554|T1555.005|T1555.006|T1559|T1560|T1560.001|T1564.011|T1567.001|T1609|T1614|T1614.001|T1649|T1677
S9042,CanisterWorm,[CanisterWorm](https://attack.mitre.org/software/S9042) is a self-propagating malware that has been used by [TeamPCP](https://attack.mitre.org/groups/G1056) in credential harvesting and software supply chain campaigns since at least 2026. [CanisterWorm](https://attack.mitre.org/software/S9042) has used npm credentials to infect software packages and propagate across developer ecosystems. [CanisterWorm](https://attack.mitre.org/software/S9042) has a targeted wiper component and can use decentrali,CanisterWorm,T1016|T1018|T1027.009|T1033|T1036.004|T1036.005|T1053.006|T1059.004|T1059.006|T1059.007|T1070.004|T1083|T1102.001|T1105|T1124|T1140|T1195.001|T1480|T1485|T1497.003|T1528|T1529|T1543|T1548.003|T1550.001|T1552.004|T1555.006|T1569.003|T1609|T1613|T1614.001|T1677
S9044,Kali365,[Kali365](https://attack.mitre.org/software/S9044) is a Phishing-as-a-Service (PHaaS) kit first observed in April 2026 that generates victim-targeted lures across multiple operating systems to induce users into copying and pasting actor-controlled commands for local execution.(Citation: Artic Wolf Labs Kali365 Device Code April 2026)(Citation: FBI IC3 Alert I-052126 Kali365 May 2026)(Citation: Huntress Kali365 Device Code June 2026)(Citation: SpyCloud Kali365 June 2026)  [Kali365](https://attack,Kali365,T1059.007|T1071.001|T1087.003|T1090|T1102|T1185|T1204.001|T1204.004|T1528|T1539|T1550.001|T1552.001|T1557|T1564.008|T1566.001|T1566.002|T1683.001
