sha256,md5,url,host,url_status,file_type,signature,tags,first_seen
ba048a668d75ed8ddba0df9ba9e1621bd22f39979bcbe0ef3f6aa58afe3d55d8,da1695792a35a0583b7cf0a6c0afa7c2,https://urlhaus-api.abuse.ch/v1/download/ba048a668d75ed8ddba0df9ba9e1621bd22f39979bcbe0ef3f6aa58afe3d55d8/,urlhaus-api.abuse.ch,,html,,,2026-10-02 12:10:23
a0467a7d45a6ced4c93e3d7890ad912254fa58a8668357f2e937f090f13f16b7,085e71e334888861eb197b6f5ddf6be8,https://urlhaus-api.abuse.ch/v1/download/a0467a7d45a6ced4c93e3d7890ad912254fa58a8668357f2e937f090f13f16b7/,urlhaus-api.abuse.ch,,elf,,,2026-10-02 12:10:08
1708a01c2dfe7b2c4c82266faca0d64b06ac0d54cb6c469c26f6c3ea0a8f61ad,6fa96c316b84e0819c9e736956ef2e62,https://urlhaus-api.abuse.ch/v1/download/1708a01c2dfe7b2c4c82266faca0d64b06ac0d54cb6c469c26f6c3ea0a8f61ad/,urlhaus-api.abuse.ch,,html,,,2026-10-02 12:09:59
901369d9aa8e95291d3e3b7c6018fdb131d54fc803a782032e549f387104c84e,d34ac1939caddb014b20127b95256aba,https://urlhaus-api.abuse.ch/v1/download/901369d9aa8e95291d3e3b7c6018fdb131d54fc803a782032e549f387104c84e/,urlhaus-api.abuse.ch,,html,,,2026-10-02 12:08:28
0731f45c8010bd0914c6e8ef0e270f95dbb840789381627ce4bfcea295db274e,616fd46e396329286c98e4381dfb682b,https://urlhaus-api.abuse.ch/v1/download/0731f45c8010bd0914c6e8ef0e270f95dbb840789381627ce4bfcea295db274e/,urlhaus-api.abuse.ch,,html,,,2026-10-02 12:07:47
ab58acbfc5ef3111e8f1a1151b28a33a621729a4ef1b6182002022dc766b4924,3a931bb47bff265926197cf0617cbea9,https://urlhaus-api.abuse.ch/v1/download/ab58acbfc5ef3111e8f1a1151b28a33a621729a4ef1b6182002022dc766b4924/,urlhaus-api.abuse.ch,,js,,,2026-10-02 12:07:29
09fdff4148cf3d9a90d5b41ee34119d22efe4d109c80f386bb503a2b875b8428,750190f3c61e1b5967a6e551a3af5ac2,https://urlhaus-api.abuse.ch/v1/download/09fdff4148cf3d9a90d5b41ee34119d22efe4d109c80f386bb503a2b875b8428/,urlhaus-api.abuse.ch,,elf,,,2026-10-02 12:06:40
ddfde340475d293722af383ee0fca0cc71730693a048ae4ceff8d828ad7db8df,2609f8363d26fac3b3e1c1f246de263c,https://urlhaus-api.abuse.ch/v1/download/ddfde340475d293722af383ee0fca0cc71730693a048ae4ceff8d828ad7db8df/,urlhaus-api.abuse.ch,,js,,,2026-10-02 12:06:21
792b6cb9e999cf69eba4c0aa1b9f8aae9975b5e55f1b250b47287cbae888d30f,afb307bc3febc5a1327dea641b4eb6c7,https://urlhaus-api.abuse.ch/v1/download/792b6cb9e999cf69eba4c0aa1b9f8aae9975b5e55f1b250b47287cbae888d30f/,urlhaus-api.abuse.ch,,html,,,2026-10-02 12:05:55
d7a84407089a194ec664bf6385ab228630cc85ce04f9aa261eed4e776456956c,aa1f52e8c8c7e99d281748b68131e33a,https://urlhaus-api.abuse.ch/v1/download/d7a84407089a194ec664bf6385ab228630cc85ce04f9aa261eed4e776456956c/,urlhaus-api.abuse.ch,,html,,,2026-10-02 12:05:08
f72cd2452ba5056d94d4c1bacd79767e458ca3955f46d015fa3078bb5ab587b9,dcd5e30284ee69c68d472a8c9d1b3108,https://urlhaus-api.abuse.ch/v1/download/f72cd2452ba5056d94d4c1bacd79767e458ca3955f46d015fa3078bb5ab587b9/,urlhaus-api.abuse.ch,,html,,,2026-10-02 12:04:07
b821456cd43348a0d4605c475519aafe300edc98141a8e54bfc3c7e9e81219f4,31de97243aababcd8c5aeed6b102b6ac,https://urlhaus-api.abuse.ch/v1/download/b821456cd43348a0d4605c475519aafe300edc98141a8e54bfc3c7e9e81219f4/,urlhaus-api.abuse.ch,,html,,,2026-10-02 12:02:30
4293c1d8574dc87c58360d6bac3daa182f64f7785c9d41da5e0741d2b1817fc7,59ce0baba11893f90527fc951ac69912,https://urlhaus-api.abuse.ch/v1/download/4293c1d8574dc87c58360d6bac3daa182f64f7785c9d41da5e0741d2b1817fc7/,urlhaus-api.abuse.ch,,elf,Mozi,,2026-10-02 12:02:11
b5cf68c7cb5bb2d21d60bf6654926f61566d95bfd7c9f9e182d032f1da5b4605,a73ddd6ec22462db955439f665cad4e6,https://urlhaus-api.abuse.ch/v1/download/b5cf68c7cb5bb2d21d60bf6654926f61566d95bfd7c9f9e182d032f1da5b4605/,urlhaus-api.abuse.ch,,elf,,,2026-10-02 12:02:11
a322ed70831a73b9b419e93162a6092e80456047993ec0e3fb8115e9bbaf193a,2844bbd521313f199d0ac6239e2d496e,https://urlhaus-api.abuse.ch/v1/download/a322ed70831a73b9b419e93162a6092e80456047993ec0e3fb8115e9bbaf193a/,urlhaus-api.abuse.ch,,html,,,2026-10-02 12:02:03
92b333fcd06c2b173f092afd6490652d91b60064c44a43dc6f7794c1b35ac2de,d4902021899b1a73077832fed8540c95,https://urlhaus-api.abuse.ch/v1/download/92b333fcd06c2b173f092afd6490652d91b60064c44a43dc6f7794c1b35ac2de/,urlhaus-api.abuse.ch,,html,,,2026-10-02 11:59:46
afbebe9d58137f7fcb6fb0a1246fef8be0875df89a018f6752d99cd2c054574f,e6494209f1836e2a73b44fc81740bdf6,https://urlhaus-api.abuse.ch/v1/download/afbebe9d58137f7fcb6fb0a1246fef8be0875df89a018f6752d99cd2c054574f/,urlhaus-api.abuse.ch,,ps1,,,2026-10-02 11:56:54
91f17b75af40792873e2dfe5cfcb48951406f8d29544ac867b4f7e5bae40738f,f71e77ea79303ddb25c0226fc79efa58,https://urlhaus-api.abuse.ch/v1/download/91f17b75af40792873e2dfe5cfcb48951406f8d29544ac867b4f7e5bae40738f/,urlhaus-api.abuse.ch,,html,,,2026-10-02 11:56:53
daf0a7128b4f085135ee44b5c2c6866c1885521342f0712a6b117472c49d2870,1f3b737a4fe26b34b529e9eb1c8a7581,https://urlhaus-api.abuse.ch/v1/download/daf0a7128b4f085135ee44b5c2c6866c1885521342f0712a6b117472c49d2870/,urlhaus-api.abuse.ch,,html,,,2026-10-02 11:56:43
6418cea2da3a7460b194383a88e4678c4bcf66678df296ae93c80e8211c645f1,f26dda0c29d67444a470ac19618f836b,https://urlhaus-api.abuse.ch/v1/download/6418cea2da3a7460b194383a88e4678c4bcf66678df296ae93c80e8211c645f1/,urlhaus-api.abuse.ch,,js,,,2026-10-02 11:52:19
f18d0e32c41928a56dbf149d0cc30b6b956491d497500101f9baca9cb2e4d2f1,7a87ebdf754a8975e542cdbfd6b8cf0d,https://urlhaus-api.abuse.ch/v1/download/f18d0e32c41928a56dbf149d0cc30b6b956491d497500101f9baca9cb2e4d2f1/,urlhaus-api.abuse.ch,,html,,,2026-10-02 11:51:18
6eac690133a63bc1d12b311e2cb4b13ac36db4021743f3149c0a85b92fae1069,a6d2713008960ffa8310535213780092,https://urlhaus-api.abuse.ch/v1/download/6eac690133a63bc1d12b311e2cb4b13ac36db4021743f3149c0a85b92fae1069/,urlhaus-api.abuse.ch,,html,,,2026-10-02 11:50:42
f51594cb1c249ca099d578afdf6e1d61e07df33bd92878a93ab0ec1ed710d8bf,13a2827dce981d5174948cff0217c092,https://urlhaus-api.abuse.ch/v1/download/f51594cb1c249ca099d578afdf6e1d61e07df33bd92878a93ab0ec1ed710d8bf/,urlhaus-api.abuse.ch,,html,,,2026-10-02 11:48:52
c4ad04b5225fef87a7478b4f9d08d424fe4698b687f3fe0a976733a4d1d15645,de49393ef837bbc5465cec411ad32afb,https://urlhaus-api.abuse.ch/v1/download/c4ad04b5225fef87a7478b4f9d08d424fe4698b687f3fe0a976733a4d1d15645/,urlhaus-api.abuse.ch,,html,,,2026-10-02 11:48:32
a3cec5b38461c969e2dd56d0f756e2dc84d649823da377b1ba0b6b357e6a7a8a,674b6342f517902ce430c91fb6d57998,https://urlhaus-api.abuse.ch/v1/download/a3cec5b38461c969e2dd56d0f756e2dc84d649823da377b1ba0b6b357e6a7a8a/,urlhaus-api.abuse.ch,,exe,,,2026-10-02 11:48:13
0c1592e1b55cf2805ab9ada2d6931edf5d2d9bd96d4c561ed7f6d31f75817c76,168f57085e46243e422ed7943ec11143,https://urlhaus-api.abuse.ch/v1/download/0c1592e1b55cf2805ab9ada2d6931edf5d2d9bd96d4c561ed7f6d31f75817c76/,urlhaus-api.abuse.ch,,html,,,2026-10-02 11:47:34
2e4506802aedea2e6d53910dfb296323be6620ac08c4b799a879eace5923a7b6,fbe51695e97a45dc61967dc3241a37dc,https://urlhaus-api.abuse.ch/v1/download/2e4506802aedea2e6d53910dfb296323be6620ac08c4b799a879eace5923a7b6/,urlhaus-api.abuse.ch,,elf,,,2026-10-02 11:47:13
393bf8ee857339368d7ab9bc4c0c0c1124c81139c3aaf313a9fa1c77c2ed4ead,393f180c203daa3345434cd360118315,https://urlhaus-api.abuse.ch/v1/download/393bf8ee857339368d7ab9bc4c0c0c1124c81139c3aaf313a9fa1c77c2ed4ead/,urlhaus-api.abuse.ch,,ps1,,,2026-10-02 11:46:21
0c8c45323e0e6c4574ba77935b92be9284b98079478f4a78d17c0e3c2014ce3e,e7bbfd2f2bf6062be431f8c2eb42ce53,https://urlhaus-api.abuse.ch/v1/download/0c8c45323e0e6c4574ba77935b92be9284b98079478f4a78d17c0e3c2014ce3e/,urlhaus-api.abuse.ch,,html,,,2026-10-02 11:46:10
4ca108cb669215f96057d0d7f85c472568cf04328361e0f69f3199b5d203ceb4,f3b06e585acc28a0ec35d566344c4844,https://urlhaus-api.abuse.ch/v1/download/4ca108cb669215f96057d0d7f85c472568cf04328361e0f69f3199b5d203ceb4/,urlhaus-api.abuse.ch,,js,,,2026-10-02 11:39:51
8ed930e24b6edb85e88a0384796acbec0677ce8afe70d138c1ac9260a2957c5c,45c58d3e27a57f867e763172fd0390ee,https://urlhaus-api.abuse.ch/v1/download/8ed930e24b6edb85e88a0384796acbec0677ce8afe70d138c1ac9260a2957c5c/,urlhaus-api.abuse.ch,,html,,,2026-10-02 11:38:51
4642133305659eee3950cc6faf4e10df136b663499180ea02bfb4096d0d49eda,4aa7bb4d2e88b908f5d7f129b7b783ed,https://urlhaus-api.abuse.ch/v1/download/4642133305659eee3950cc6faf4e10df136b663499180ea02bfb4096d0d49eda/,urlhaus-api.abuse.ch,,html,,,2026-10-02 11:38:15
6e495a9f1140329586e9c2bfd5ca69596bfa7be8a52d705d1a259eda87f2eba9,51e8296c70f7849d1e94817c70a72594,https://urlhaus-api.abuse.ch/v1/download/6e495a9f1140329586e9c2bfd5ca69596bfa7be8a52d705d1a259eda87f2eba9/,urlhaus-api.abuse.ch,,ps1,,,2026-10-02 11:33:50
b5cf68c7cb5bb2d21d60bf6654926f61566d95bfd7c9f9e182d032f1da5b4605,a73ddd6ec22462db955439f665cad4e6,https://urlhaus-api.abuse.ch/v1/download/b5cf68c7cb5bb2d21d60bf6654926f61566d95bfd7c9f9e182d032f1da5b4605/,urlhaus-api.abuse.ch,,elf,,,2026-10-02 11:33:13
4293c1d8574dc87c58360d6bac3daa182f64f7785c9d41da5e0741d2b1817fc7,59ce0baba11893f90527fc951ac69912,https://urlhaus-api.abuse.ch/v1/download/4293c1d8574dc87c58360d6bac3daa182f64f7785c9d41da5e0741d2b1817fc7/,urlhaus-api.abuse.ch,,elf,Mozi,,2026-10-02 11:32:13
4293c1d8574dc87c58360d6bac3daa182f64f7785c9d41da5e0741d2b1817fc7,59ce0baba11893f90527fc951ac69912,https://urlhaus-api.abuse.ch/v1/download/4293c1d8574dc87c58360d6bac3daa182f64f7785c9d41da5e0741d2b1817fc7/,urlhaus-api.abuse.ch,,elf,Mozi,,2026-10-02 11:32:10
12013662c71da69de977c04cd7021f13a70cf7bed4ca6c82acbc100464d4b0ef,eec5c6c219535fba3a0492ea8118b397,https://urlhaus-api.abuse.ch/v1/download/12013662c71da69de977c04cd7021f13a70cf7bed4ca6c82acbc100464d4b0ef/,urlhaus-api.abuse.ch,,elf,Mirai,,2026-10-02 11:32:10
3602268b4189834f48e88e7f35ccb83aa0168e2b7a6e86422af1d219f3b1116e,9e2793c56534338071116fcd7d1af54d,https://urlhaus-api.abuse.ch/v1/download/3602268b4189834f48e88e7f35ccb83aa0168e2b7a6e86422af1d219f3b1116e/,urlhaus-api.abuse.ch,,js,,,2026-10-02 11:29:50
6418cea2da3a7460b194383a88e4678c4bcf66678df296ae93c80e8211c645f1,f26dda0c29d67444a470ac19618f836b,https://urlhaus-api.abuse.ch/v1/download/6418cea2da3a7460b194383a88e4678c4bcf66678df296ae93c80e8211c645f1/,urlhaus-api.abuse.ch,,js,,,2026-10-02 11:28:18
9ec4ba60eb72ba4b91491f13ea67f412cfc8f787fd77b8e0c2172e4495101ea9,2490beb5feb60fc328e91ce42784185f,https://urlhaus-api.abuse.ch/v1/download/9ec4ba60eb72ba4b91491f13ea67f412cfc8f787fd77b8e0c2172e4495101ea9/,urlhaus-api.abuse.ch,,html,,,2026-10-02 11:26:39
5c52f1e7eae93da659ad9d94c04da851e4bdb6985f575a263ab9435958835071,df025ba0858790ae441f5495b1adcd5b,https://urlhaus-api.abuse.ch/v1/download/5c52f1e7eae93da659ad9d94c04da851e4bdb6985f575a263ab9435958835071/,urlhaus-api.abuse.ch,,html,,,2026-10-02 11:25:22
61cd8e25127cc85195abb27b3edf079181d755dbde96d6c6f2b1847cb0c7cba6,154df051db9d97fceea1df87ec03e17b,https://urlhaus-api.abuse.ch/v1/download/61cd8e25127cc85195abb27b3edf079181d755dbde96d6c6f2b1847cb0c7cba6/,urlhaus-api.abuse.ch,,js,,,2026-10-02 11:20:14
a404446bee7ff3b0412feed87908e840e671258cc421f728e3d5c61401f72267,91cdad0abb1b8ce3a59353cf37ec1089,https://urlhaus-api.abuse.ch/v1/download/a404446bee7ff3b0412feed87908e840e671258cc421f728e3d5c61401f72267/,urlhaus-api.abuse.ch,,js,,,2026-10-02 11:19:13
39d67acdd829ca8991315f9b130adf6414a3536c717c73004614d950704b8229,4c5d9421b5c10be8651d41442d788082,https://urlhaus-api.abuse.ch/v1/download/39d67acdd829ca8991315f9b130adf6414a3536c717c73004614d950704b8229/,urlhaus-api.abuse.ch,,unknown,,,2026-10-02 11:19:09
ce20fb9086a4ebbbe3ae3843fe6a966e2cbdb2264e4a7d5451d54732bf820d9f,d24dcbfbfa39f73b866b8935b9036e3c,https://urlhaus-api.abuse.ch/v1/download/ce20fb9086a4ebbbe3ae3843fe6a966e2cbdb2264e4a7d5451d54732bf820d9f/,urlhaus-api.abuse.ch,,html,,,2026-10-02 11:19:02
c8985a4ad273b670310db64f28668c4fc26cb023733af3f092ed0bd91d687404,1e515be8eee74f2a51b03a908ab4f239,https://urlhaus-api.abuse.ch/v1/download/c8985a4ad273b670310db64f28668c4fc26cb023733af3f092ed0bd91d687404/,urlhaus-api.abuse.ch,,html,,,2026-10-02 11:18:32
4293c1d8574dc87c58360d6bac3daa182f64f7785c9d41da5e0741d2b1817fc7,59ce0baba11893f90527fc951ac69912,https://urlhaus-api.abuse.ch/v1/download/4293c1d8574dc87c58360d6bac3daa182f64f7785c9d41da5e0741d2b1817fc7/,urlhaus-api.abuse.ch,,elf,Mozi,,2026-10-02 11:18:26
a322ed70831a73b9b419e93162a6092e80456047993ec0e3fb8115e9bbaf193a,2844bbd521313f199d0ac6239e2d496e,https://urlhaus-api.abuse.ch/v1/download/a322ed70831a73b9b419e93162a6092e80456047993ec0e3fb8115e9bbaf193a/,urlhaus-api.abuse.ch,,html,,,2026-10-02 11:17:35
137f75041b8581ad9bcae976f6fce0345c8596724d31a4fa32dc37216ba56d07,02627d73c783406f1fcaf4dd55e041ef,https://urlhaus-api.abuse.ch/v1/download/137f75041b8581ad9bcae976f6fce0345c8596724d31a4fa32dc37216ba56d07/,urlhaus-api.abuse.ch,,zip,,,2026-10-02 11:16:33
4293c1d8574dc87c58360d6bac3daa182f64f7785c9d41da5e0741d2b1817fc7,59ce0baba11893f90527fc951ac69912,https://urlhaus-api.abuse.ch/v1/download/4293c1d8574dc87c58360d6bac3daa182f64f7785c9d41da5e0741d2b1817fc7/,urlhaus-api.abuse.ch,,elf,Mozi,,2026-10-02 11:16:15
12013662c71da69de977c04cd7021f13a70cf7bed4ca6c82acbc100464d4b0ef,eec5c6c219535fba3a0492ea8118b397,https://urlhaus-api.abuse.ch/v1/download/12013662c71da69de977c04cd7021f13a70cf7bed4ca6c82acbc100464d4b0ef/,urlhaus-api.abuse.ch,,elf,Mirai,,2026-10-02 11:16:15
0e0c9e00e5ac9ac9eec7e652748bf65ca77c8ddc25c4f9790ad8ed42af18b912,b6206fdfff0f150860670167550f9bb7,https://urlhaus-api.abuse.ch/v1/download/0e0c9e00e5ac9ac9eec7e652748bf65ca77c8ddc25c4f9790ad8ed42af18b912/,urlhaus-api.abuse.ch,,html,,,2026-10-02 11:15:23
c325b2a1c6d39a7c2e08e5d1c7e383684d291c5d70cd78c52c3c388dcb4eab6d,b7a348e5e5aa962103b5a51f59aacb1a,https://urlhaus-api.abuse.ch/v1/download/c325b2a1c6d39a7c2e08e5d1c7e383684d291c5d70cd78c52c3c388dcb4eab6d/,urlhaus-api.abuse.ch,,html,,,2026-10-02 11:14:30
9307d35943b306974e5ada97386c3cb7a4713450489b05547d776830f5e2576f,54828c6d63e2db6a1dec0cd768aec0c2,https://urlhaus-api.abuse.ch/v1/download/9307d35943b306974e5ada97386c3cb7a4713450489b05547d776830f5e2576f/,urlhaus-api.abuse.ch,,html,,,2026-10-02 11:14:16
a322ed70831a73b9b419e93162a6092e80456047993ec0e3fb8115e9bbaf193a,2844bbd521313f199d0ac6239e2d496e,https://urlhaus-api.abuse.ch/v1/download/a322ed70831a73b9b419e93162a6092e80456047993ec0e3fb8115e9bbaf193a/,urlhaus-api.abuse.ch,,html,,,2026-10-02 11:13:32
6f1e298d3b508cff977d2c4a84323e6e20d572cf8baa5c6c8a4eb52a4f43eebc,23e3aee786416aff1a814cb64e83c849,https://urlhaus-api.abuse.ch/v1/download/6f1e298d3b508cff977d2c4a84323e6e20d572cf8baa5c6c8a4eb52a4f43eebc/,urlhaus-api.abuse.ch,,html,,,2026-10-02 11:13:29
f6c97b1e2ed02578ca1066c8235ba4f991e645f89012406c639dbccc6582eec8,3849f30b51a5c49e8d1546960cc206c7,https://urlhaus-api.abuse.ch/v1/download/f6c97b1e2ed02578ca1066c8235ba4f991e645f89012406c639dbccc6582eec8/,urlhaus-api.abuse.ch,,elf,,,2026-10-02 11:12:52
cde6bcc35519ed755d914352855252392445aa8493ffeae54b1e4cb04c3edc92,7e3f5bc8e571cc49eaee41e30ee87fad,https://urlhaus-api.abuse.ch/v1/download/cde6bcc35519ed755d914352855252392445aa8493ffeae54b1e4cb04c3edc92/,urlhaus-api.abuse.ch,,js,,,2026-10-02 11:11:31
f20ab87c1ce5605f72f2542f7872931e4da8869f8c23a12e019d3392082c1a67,6ab94ca5292da713eeee6261b4c7d6f6,https://urlhaus-api.abuse.ch/v1/download/f20ab87c1ce5605f72f2542f7872931e4da8869f8c23a12e019d3392082c1a67/,urlhaus-api.abuse.ch,,html,,,2026-10-02 11:10:31
6cf6dd7303389c53029b1cb434e0b658598015427ab3c7f399eb03b08712f796,82d1bb267c66b5238dfb7c8ce0bf172d,https://urlhaus-api.abuse.ch/v1/download/6cf6dd7303389c53029b1cb434e0b658598015427ab3c7f399eb03b08712f796/,urlhaus-api.abuse.ch,,html,,,2026-10-02 11:08:45
4b08fdeecab39972f3d348cd729f8b69216b0333ba2f1efc84e361a7feb74eea,f1e113af12a7cadb17517fd9d8f00fae,https://urlhaus-api.abuse.ch/v1/download/4b08fdeecab39972f3d348cd729f8b69216b0333ba2f1efc84e361a7feb74eea/,urlhaus-api.abuse.ch,,unknown,,,2026-10-02 11:08:16
c9cc7b8b6cf93784a51a77d2fa1df1e5e0cee948d8fa3673198104fcdb0036b3,f7689624d9c8357c059a869be5907bcb,https://urlhaus-api.abuse.ch/v1/download/c9cc7b8b6cf93784a51a77d2fa1df1e5e0cee948d8fa3673198104fcdb0036b3/,urlhaus-api.abuse.ch,,html,,,2026-10-02 11:08:09
20a09777242b26faea6d619ed0370e62565f420f0c7edbe4ea15374c54797165,4dc4201275a289285e28476bd9dbc530,https://urlhaus-api.abuse.ch/v1/download/20a09777242b26faea6d619ed0370e62565f420f0c7edbe4ea15374c54797165/,urlhaus-api.abuse.ch,,exe,CoinMiner,,2026-10-02 11:06:11
5cb80445787634f5e661312904658e8b7ae28ecc9f5e8e822e8fafdeb9118307,3f86620dfdc15db7d93069dbd3d90333,https://urlhaus-api.abuse.ch/v1/download/5cb80445787634f5e661312904658e8b7ae28ecc9f5e8e822e8fafdeb9118307/,urlhaus-api.abuse.ch,,html,,,2026-10-02 11:04:59
84f778fe2e88c2e380f3fbc8c032aa75f4c0578c2410cedb2c97a205f568257c,285069166fe4cf38d3159694638e5337,https://urlhaus-api.abuse.ch/v1/download/84f778fe2e88c2e380f3fbc8c032aa75f4c0578c2410cedb2c97a205f568257c/,urlhaus-api.abuse.ch,,html,,,2026-10-02 11:03:04
4293c1d8574dc87c58360d6bac3daa182f64f7785c9d41da5e0741d2b1817fc7,59ce0baba11893f90527fc951ac69912,https://urlhaus-api.abuse.ch/v1/download/4293c1d8574dc87c58360d6bac3daa182f64f7785c9d41da5e0741d2b1817fc7/,urlhaus-api.abuse.ch,,elf,Mozi,,2026-10-02 11:02:14
f6c97b1e2ed02578ca1066c8235ba4f991e645f89012406c639dbccc6582eec8,3849f30b51a5c49e8d1546960cc206c7,https://urlhaus-api.abuse.ch/v1/download/f6c97b1e2ed02578ca1066c8235ba4f991e645f89012406c639dbccc6582eec8/,urlhaus-api.abuse.ch,,elf,,,2026-10-02 11:02:13
4293c1d8574dc87c58360d6bac3daa182f64f7785c9d41da5e0741d2b1817fc7,59ce0baba11893f90527fc951ac69912,https://urlhaus-api.abuse.ch/v1/download/4293c1d8574dc87c58360d6bac3daa182f64f7785c9d41da5e0741d2b1817fc7/,urlhaus-api.abuse.ch,,elf,Mozi,,2026-10-02 11:02:13
12013662c71da69de977c04cd7021f13a70cf7bed4ca6c82acbc100464d4b0ef,eec5c6c219535fba3a0492ea8118b397,https://urlhaus-api.abuse.ch/v1/download/12013662c71da69de977c04cd7021f13a70cf7bed4ca6c82acbc100464d4b0ef/,urlhaus-api.abuse.ch,,elf,Mirai,,2026-10-02 11:02:13
4f04af80b0007c9f86453cb32c42e227a12b9fd2637c344da9789ea60a694de8,7cb9482ea555e01e02d551453435f100,https://urlhaus-api.abuse.ch/v1/download/4f04af80b0007c9f86453cb32c42e227a12b9fd2637c344da9789ea60a694de8/,urlhaus-api.abuse.ch,,html,,,2026-10-02 11:00:39
0fd4009d8d69cfdd5e203436895921fd2a5151846031b3a6b7b41bcf2c731968,43502a712fc9c0946c1e5b415db3604c,https://urlhaus-api.abuse.ch/v1/download/0fd4009d8d69cfdd5e203436895921fd2a5151846031b3a6b7b41bcf2c731968/,urlhaus-api.abuse.ch,,exe,CoinMiner,,2026-10-02 10:59:16
6efc1fc967efc2ff0cd08c0c5f32bfcca8c903a70ae4c19fa3ca88793046eb96,349feb90f0d73fd73397231ff98d46cc,https://urlhaus-api.abuse.ch/v1/download/6efc1fc967efc2ff0cd08c0c5f32bfcca8c903a70ae4c19fa3ca88793046eb96/,urlhaus-api.abuse.ch,,ps1,,,2026-10-02 10:57:48
a322ed70831a73b9b419e93162a6092e80456047993ec0e3fb8115e9bbaf193a,2844bbd521313f199d0ac6239e2d496e,https://urlhaus-api.abuse.ch/v1/download/a322ed70831a73b9b419e93162a6092e80456047993ec0e3fb8115e9bbaf193a/,urlhaus-api.abuse.ch,,html,,,2026-10-02 10:57:15
8feb605912d102f07e86c0c4e40225c099e0871f31b08df4226a957038df5f26,e6b04cad6ecd5e52530a31fda45ede28,https://urlhaus-api.abuse.ch/v1/download/8feb605912d102f07e86c0c4e40225c099e0871f31b08df4226a957038df5f26/,urlhaus-api.abuse.ch,,html,,,2026-10-02 10:56:42
c917c1fde63be89da3b9a5cb067d7fde16ee18ab7849d039e7b83e533d670910,fc1d114857769c9d0ceb0c8a5384a069,https://urlhaus-api.abuse.ch/v1/download/c917c1fde63be89da3b9a5cb067d7fde16ee18ab7849d039e7b83e533d670910/,urlhaus-api.abuse.ch,,html,,,2026-10-02 10:56:32
a322ed70831a73b9b419e93162a6092e80456047993ec0e3fb8115e9bbaf193a,2844bbd521313f199d0ac6239e2d496e,https://urlhaus-api.abuse.ch/v1/download/a322ed70831a73b9b419e93162a6092e80456047993ec0e3fb8115e9bbaf193a/,urlhaus-api.abuse.ch,,html,,,2026-10-02 10:55:42
52a1a83c3e4bcfb7a6cbe814c177227aa9c596e08bb4aba9a2d9abd533e45094,2c37cd24a4f299c5f2a38750867dc09d,https://urlhaus-api.abuse.ch/v1/download/52a1a83c3e4bcfb7a6cbe814c177227aa9c596e08bb4aba9a2d9abd533e45094/,urlhaus-api.abuse.ch,,html,,,2026-10-02 10:55:10
623e662deb8fcf65495039e61da60fe4ca8b2aa291d44e9285b37de657a6766c,e531bd6fff1b90eff50a9de466ccf54c,https://urlhaus-api.abuse.ch/v1/download/623e662deb8fcf65495039e61da60fe4ca8b2aa291d44e9285b37de657a6766c/,urlhaus-api.abuse.ch,,html,,,2026-10-02 10:54:43
9b40ba440ce1a29648afaab383a36f16f36f11a095ffc70f3b858c07195456c0,baa524c369b87bdd31f1094c0e6c1173,https://urlhaus-api.abuse.ch/v1/download/9b40ba440ce1a29648afaab383a36f16f36f11a095ffc70f3b858c07195456c0/,urlhaus-api.abuse.ch,,html,,,2026-10-02 10:54:20
00557c0395d1a4db9e2bec83051cf93b5f7716a6a163d1150eff7fe79375ed1c,a254aaed8412346ce9a2ccad1ed46939,https://urlhaus-api.abuse.ch/v1/download/00557c0395d1a4db9e2bec83051cf93b5f7716a6a163d1150eff7fe79375ed1c/,urlhaus-api.abuse.ch,,exe,,,2026-10-02 10:53:44
f398118fc21f52c0d2780f42ca1472b180a283a429ea5b1cfeada9e9b01bb96f,931ee2e0ab595896f482dfc2a21d2a7d,https://urlhaus-api.abuse.ch/v1/download/f398118fc21f52c0d2780f42ca1472b180a283a429ea5b1cfeada9e9b01bb96f/,urlhaus-api.abuse.ch,,html,,,2026-10-02 10:53:26
f243e7dd2058eadcdccd34edadee09fe758cf2fcc421ff2579d9b68b54685989,81e5f3d2530859d75a2d4256796e66c8,https://urlhaus-api.abuse.ch/v1/download/f243e7dd2058eadcdccd34edadee09fe758cf2fcc421ff2579d9b68b54685989/,urlhaus-api.abuse.ch,,js,,,2026-10-02 10:53:08
56e0f0fc57e61880e410ab6910ac98d010b951be0b2e2601e0d4b8dd76c41770,0e2d54f87bb71fabee12dbaf37ea46ad,https://urlhaus-api.abuse.ch/v1/download/56e0f0fc57e61880e410ab6910ac98d010b951be0b2e2601e0d4b8dd76c41770/,urlhaus-api.abuse.ch,,html,,,2026-10-02 10:50:39
6d45e815c14f0699fe33e2fe914c873fd9dad6f5751c7f817869366b764acb8d,953fed6b4eaca19a92c47135bf2859a2,https://urlhaus-api.abuse.ch/v1/download/6d45e815c14f0699fe33e2fe914c873fd9dad6f5751c7f817869366b764acb8d/,urlhaus-api.abuse.ch,,html,,,2026-10-02 10:50:13
31ef8575c313a1df9461441a8181f06046726618170c56031020a451bdf90026,748c968d0eca770f90a7ed9895bfcd55,https://urlhaus-api.abuse.ch/v1/download/31ef8575c313a1df9461441a8181f06046726618170c56031020a451bdf90026/,urlhaus-api.abuse.ch,,html,,,2026-10-02 10:49:19
1aa710382d432edfe0369dd148395733bfa82236d0ef691b9a91b29e7f73b1f8,4633a29747ebb119400b8513e010fa91,https://urlhaus-api.abuse.ch/v1/download/1aa710382d432edfe0369dd148395733bfa82236d0ef691b9a91b29e7f73b1f8/,urlhaus-api.abuse.ch,,html,,,2026-10-02 10:48:11
6690f6ae3574a26425abbc51f6af577d8c7e53f19dfb7c0d8bdf87acaa6bf4da,85c20eb9c83d653c5fd779fe2be65f4a,https://urlhaus-api.abuse.ch/v1/download/6690f6ae3574a26425abbc51f6af577d8c7e53f19dfb7c0d8bdf87acaa6bf4da/,urlhaus-api.abuse.ch,,js,,,2026-10-02 10:47:45
4293c1d8574dc87c58360d6bac3daa182f64f7785c9d41da5e0741d2b1817fc7,59ce0baba11893f90527fc951ac69912,https://urlhaus-api.abuse.ch/v1/download/4293c1d8574dc87c58360d6bac3daa182f64f7785c9d41da5e0741d2b1817fc7/,urlhaus-api.abuse.ch,,elf,Mozi,,2026-10-02 10:47:13
12013662c71da69de977c04cd7021f13a70cf7bed4ca6c82acbc100464d4b0ef,eec5c6c219535fba3a0492ea8118b397,https://urlhaus-api.abuse.ch/v1/download/12013662c71da69de977c04cd7021f13a70cf7bed4ca6c82acbc100464d4b0ef/,urlhaus-api.abuse.ch,,elf,Mirai,,2026-10-02 10:47:13
f791da22fa7632acc37532e785c34578a91292058d19aa97121930e61ae3e840,f8a8b7179237757c6be8c09d0864ee45,https://urlhaus-api.abuse.ch/v1/download/f791da22fa7632acc37532e785c34578a91292058d19aa97121930e61ae3e840/,urlhaus-api.abuse.ch,,html,,,2026-10-02 10:46:17
eb58a5b1aeb5af6060cd82087737dfd48a9316af6ff5825364825193b909dc77,e283d8bab642c63b10af0170aa2e5ffd,https://urlhaus-api.abuse.ch/v1/download/eb58a5b1aeb5af6060cd82087737dfd48a9316af6ff5825364825193b909dc77/,urlhaus-api.abuse.ch,,ps1,,,2026-10-02 10:46:08
9056d184ffe37aa441e4204c09301bd4efa67ef144f31742c57a766a8bb2d302,08509803c583f64ed3a85675917940fa,https://urlhaus-api.abuse.ch/v1/download/9056d184ffe37aa441e4204c09301bd4efa67ef144f31742c57a766a8bb2d302/,urlhaus-api.abuse.ch,,html,,,2026-10-02 10:45:01
4293c1d8574dc87c58360d6bac3daa182f64f7785c9d41da5e0741d2b1817fc7,59ce0baba11893f90527fc951ac69912,https://urlhaus-api.abuse.ch/v1/download/4293c1d8574dc87c58360d6bac3daa182f64f7785c9d41da5e0741d2b1817fc7/,urlhaus-api.abuse.ch,,elf,Mozi,,2026-10-02 10:44:31
7892b8c3c6262f53e17ae52dccd3c192610371fdea24633aa5cf8f259a8971d5,738bc173d9c16f0823c73ce9e1fbe8fe,https://urlhaus-api.abuse.ch/v1/download/7892b8c3c6262f53e17ae52dccd3c192610371fdea24633aa5cf8f259a8971d5/,urlhaus-api.abuse.ch,,html,,,2026-10-02 10:43:46
09bcada47a24b97c59c66ab1525a4c966ab4170619447d6d3d36a25f7595312d,75bd5affdf92cc2892ac0b518fadd471,https://urlhaus-api.abuse.ch/v1/download/09bcada47a24b97c59c66ab1525a4c966ab4170619447d6d3d36a25f7595312d/,urlhaus-api.abuse.ch,,ps1,,,2026-10-02 10:43:24
376f289a756fac8ecc4255c3022aac07c364b5b0295f053958f9763aae0e24af,9cb663f66759430605a7526c0208e790,https://urlhaus-api.abuse.ch/v1/download/376f289a756fac8ecc4255c3022aac07c364b5b0295f053958f9763aae0e24af/,urlhaus-api.abuse.ch,,html,,,2026-10-02 10:42:21
94caf5aae86fd77d172221d1595f0b7110eecdcae15ba0c95566bb425f792824,e4dd9b8d9337f82ca7006bc1f01ae09a,https://urlhaus-api.abuse.ch/v1/download/94caf5aae86fd77d172221d1595f0b7110eecdcae15ba0c95566bb425f792824/,urlhaus-api.abuse.ch,,exe,CoinMiner,,2026-10-02 10:42:08
4293c1d8574dc87c58360d6bac3daa182f64f7785c9d41da5e0741d2b1817fc7,59ce0baba11893f90527fc951ac69912,https://urlhaus-api.abuse.ch/v1/download/4293c1d8574dc87c58360d6bac3daa182f64f7785c9d41da5e0741d2b1817fc7/,urlhaus-api.abuse.ch,,elf,Mozi,,2026-10-02 10:32:12
b5cf68c7cb5bb2d21d60bf6654926f61566d95bfd7c9f9e182d032f1da5b4605,a73ddd6ec22462db955439f665cad4e6,https://urlhaus-api.abuse.ch/v1/download/b5cf68c7cb5bb2d21d60bf6654926f61566d95bfd7c9f9e182d032f1da5b4605/,urlhaus-api.abuse.ch,,elf,,,2026-10-02 10:32:12
0afac3c6ff8df141e5269b4792bc1e3f5ababe1eb2c25f507f8c8f385256be69,9bfb1c94181cc32c1a057693a508c728,https://urlhaus-api.abuse.ch/v1/download/0afac3c6ff8df141e5269b4792bc1e3f5ababe1eb2c25f507f8c8f385256be69/,urlhaus-api.abuse.ch,,html,,,2026-10-02 10:19:49
4293c1d8574dc87c58360d6bac3daa182f64f7785c9d41da5e0741d2b1817fc7,59ce0baba11893f90527fc951ac69912,https://urlhaus-api.abuse.ch/v1/download/4293c1d8574dc87c58360d6bac3daa182f64f7785c9d41da5e0741d2b1817fc7/,urlhaus-api.abuse.ch,,elf,Mozi,,2026-10-02 10:17:21
f6c97b1e2ed02578ca1066c8235ba4f991e645f89012406c639dbccc6582eec8,3849f30b51a5c49e8d1546960cc206c7,https://urlhaus-api.abuse.ch/v1/download/f6c97b1e2ed02578ca1066c8235ba4f991e645f89012406c639dbccc6582eec8/,urlhaus-api.abuse.ch,,elf,,,2026-10-02 10:17:09
b5cf68c7cb5bb2d21d60bf6654926f61566d95bfd7c9f9e182d032f1da5b4605,a73ddd6ec22462db955439f665cad4e6,https://urlhaus-api.abuse.ch/v1/download/b5cf68c7cb5bb2d21d60bf6654926f61566d95bfd7c9f9e182d032f1da5b4605/,urlhaus-api.abuse.ch,,elf,,,2026-10-02 10:17:09
12013662c71da69de977c04cd7021f13a70cf7bed4ca6c82acbc100464d4b0ef,eec5c6c219535fba3a0492ea8118b397,https://urlhaus-api.abuse.ch/v1/download/12013662c71da69de977c04cd7021f13a70cf7bed4ca6c82acbc100464d4b0ef/,urlhaus-api.abuse.ch,,elf,Mirai,,2026-10-02 10:17:09
4293c1d8574dc87c58360d6bac3daa182f64f7785c9d41da5e0741d2b1817fc7,59ce0baba11893f90527fc951ac69912,https://urlhaus-api.abuse.ch/v1/download/4293c1d8574dc87c58360d6bac3daa182f64f7785c9d41da5e0741d2b1817fc7/,urlhaus-api.abuse.ch,,elf,Mozi,,2026-10-02 10:17:08
14cee8a7bfc4e8d6706476cf67c7ffe4480f46e0404a653958b3840743e5ab54,92ef92f14d008d68a059d17cd54be290,https://urlhaus-api.abuse.ch/v1/download/14cee8a7bfc4e8d6706476cf67c7ffe4480f46e0404a653958b3840743e5ab54/,urlhaus-api.abuse.ch,,exe,,,2026-10-02 10:16:32
4293c1d8574dc87c58360d6bac3daa182f64f7785c9d41da5e0741d2b1817fc7,59ce0baba11893f90527fc951ac69912,https://urlhaus-api.abuse.ch/v1/download/4293c1d8574dc87c58360d6bac3daa182f64f7785c9d41da5e0741d2b1817fc7/,urlhaus-api.abuse.ch,,elf,Mozi,,2026-10-02 10:16:19
d61c7d02ebd36171cde91b9a02378d6123968393b522cd9a4a949c101831adae,431dcb4f659ac6929415b3a444dd27be,https://urlhaus-api.abuse.ch/v1/download/d61c7d02ebd36171cde91b9a02378d6123968393b522cd9a4a949c101831adae/,urlhaus-api.abuse.ch,,js,,,2026-10-02 10:15:41
6be593463edfa85d4fbcad9fa5760d0d0960d9a4acfad7857b8b5cec4bd4e3d9,29e69de96c87e65abd20613dcd37ef4e,https://urlhaus-api.abuse.ch/v1/download/6be593463edfa85d4fbcad9fa5760d0d0960d9a4acfad7857b8b5cec4bd4e3d9/,urlhaus-api.abuse.ch,,unknown,,,2026-10-02 10:14:08
34d5f26ea89fb4ddc7c551ae834ad198a1b1c6039a47e312cdec7111bcc76a33,cd2ecfa78c96946f1efdbde462e2b174,https://urlhaus-api.abuse.ch/v1/download/34d5f26ea89fb4ddc7c551ae834ad198a1b1c6039a47e312cdec7111bcc76a33/,urlhaus-api.abuse.ch,,elf,,,2026-10-02 10:13:57
f935ebfda732672b833d07e1aa664aeb0d56a10262dbef065836ed84a76a7d3f,18efc497b196e1220ac990d4e1ae0782,https://urlhaus-api.abuse.ch/v1/download/f935ebfda732672b833d07e1aa664aeb0d56a10262dbef065836ed84a76a7d3f/,urlhaus-api.abuse.ch,,html,,,2026-10-02 10:13:23
12013662c71da69de977c04cd7021f13a70cf7bed4ca6c82acbc100464d4b0ef,eec5c6c219535fba3a0492ea8118b397,https://urlhaus-api.abuse.ch/v1/download/12013662c71da69de977c04cd7021f13a70cf7bed4ca6c82acbc100464d4b0ef/,urlhaus-api.abuse.ch,,elf,Mirai,,2026-10-02 10:13:19
d99f632b29b54ee87f9e66cb54e9cfdece7400a961320998a50e2c519cec83ba,3f2d8089ef021b141fc9e2ab2186e253,https://urlhaus-api.abuse.ch/v1/download/d99f632b29b54ee87f9e66cb54e9cfdece7400a961320998a50e2c519cec83ba/,urlhaus-api.abuse.ch,,html,,,2026-10-02 10:13:12
ef2b1fcdeaada7c1a8da87db615b8de410bfcd6c099a64a6679805bee0b2a9f8,36ffdc7eaa61ca06fe7e15218bd81d9f,https://urlhaus-api.abuse.ch/v1/download/ef2b1fcdeaada7c1a8da87db615b8de410bfcd6c099a64a6679805bee0b2a9f8/,urlhaus-api.abuse.ch,,html,,,2026-10-02 10:09:04
9af4e139869f56b4d259c0f05fe9b4cb9e9dab6cd7c13de7fa01d56126acd6ba,0010c09e584eeee0cf2231fc30a8c65e,https://urlhaus-api.abuse.ch/v1/download/9af4e139869f56b4d259c0f05fe9b4cb9e9dab6cd7c13de7fa01d56126acd6ba/,urlhaus-api.abuse.ch,,exe,,,2026-10-02 10:08:41
db5b3e71d73d659a74249225ffdc04870dd010492435feec1849685d3657c12d,9be25efad91ebd67f55084e97e207659,https://urlhaus-api.abuse.ch/v1/download/db5b3e71d73d659a74249225ffdc04870dd010492435feec1849685d3657c12d/,urlhaus-api.abuse.ch,,html,,,2026-10-02 10:08:17
df47e33d3001ad1c3eb944ce2e491f04e51716b16d56259497dfa6c113b93e74,f58714276cd23af4db4879debdb6ce45,https://urlhaus-api.abuse.ch/v1/download/df47e33d3001ad1c3eb944ce2e491f04e51716b16d56259497dfa6c113b93e74/,urlhaus-api.abuse.ch,,exe,CoinMiner,,2026-10-02 10:08:13
9888ae1ebc7cfe24256701f3875e224c0b8999078f9aabebc6ab2b6b8db04d92,cb56c797aa13ca4283312f115d93e48c,https://urlhaus-api.abuse.ch/v1/download/9888ae1ebc7cfe24256701f3875e224c0b8999078f9aabebc6ab2b6b8db04d92/,urlhaus-api.abuse.ch,,html,,,2026-10-02 10:07:06
1cb2c1b44c9a807b6441b2ec93ce153fcd83000512cd5dcc40a77f7674e002a6,70210774d18403a3614134d1212fc0e4,https://urlhaus-api.abuse.ch/v1/download/1cb2c1b44c9a807b6441b2ec93ce153fcd83000512cd5dcc40a77f7674e002a6/,urlhaus-api.abuse.ch,,html,,,2026-10-02 10:04:41
0df876b93edc940ba4404350f6bf6c9ca39c8985a9a50e48124ce87e5c33f90f,63646bc589972fd11ed166b312cd91a6,https://urlhaus-api.abuse.ch/v1/download/0df876b93edc940ba4404350f6bf6c9ca39c8985a9a50e48124ce87e5c33f90f/,urlhaus-api.abuse.ch,,html,,,2026-10-02 10:04:30
f6c97b1e2ed02578ca1066c8235ba4f991e645f89012406c639dbccc6582eec8,3849f30b51a5c49e8d1546960cc206c7,https://urlhaus-api.abuse.ch/v1/download/f6c97b1e2ed02578ca1066c8235ba4f991e645f89012406c639dbccc6582eec8/,urlhaus-api.abuse.ch,,elf,,,2026-10-02 10:04:12
4293c1d8574dc87c58360d6bac3daa182f64f7785c9d41da5e0741d2b1817fc7,59ce0baba11893f90527fc951ac69912,https://urlhaus-api.abuse.ch/v1/download/4293c1d8574dc87c58360d6bac3daa182f64f7785c9d41da5e0741d2b1817fc7/,urlhaus-api.abuse.ch,,elf,Mozi,,2026-10-02 10:04:11
e948f11581a4c2a62566fc01d3e4e83c95b14ec590f6eda1e7b8fee1b059fcc9,20d589cb7e94db097cf200382f3468a7,https://urlhaus-api.abuse.ch/v1/download/e948f11581a4c2a62566fc01d3e4e83c95b14ec590f6eda1e7b8fee1b059fcc9/,urlhaus-api.abuse.ch,,html,,,2026-10-02 10:03:47
a505de0af54408dcde2f869608398a409908543a43fad15397a342b2200f8a52,5294f25631d20b68ebf3a9acd4cc1f5d,https://urlhaus-api.abuse.ch/v1/download/a505de0af54408dcde2f869608398a409908543a43fad15397a342b2200f8a52/,urlhaus-api.abuse.ch,,elf,,,2026-10-02 10:03:38
8e21058ab6d31f8a45c2be6b495b29251c05a026d2c973d64d5cd551afa4eaf5,2e3ad1d5b8a1142dd5d3e305f129de46,https://urlhaus-api.abuse.ch/v1/download/8e21058ab6d31f8a45c2be6b495b29251c05a026d2c973d64d5cd551afa4eaf5/,urlhaus-api.abuse.ch,,exe,CoinMiner,,2026-10-02 10:00:46
a505de0af54408dcde2f869608398a409908543a43fad15397a342b2200f8a52,5294f25631d20b68ebf3a9acd4cc1f5d,https://urlhaus-api.abuse.ch/v1/download/a505de0af54408dcde2f869608398a409908543a43fad15397a342b2200f8a52/,urlhaus-api.abuse.ch,,elf,,,2026-10-02 10:00:19
31408339aa17eac8a57d76f0635abe0c65eb4ccdb634037c3b0368a7798c2db7,f74392e82795c414f4136ecf8192f615,https://urlhaus-api.abuse.ch/v1/download/31408339aa17eac8a57d76f0635abe0c65eb4ccdb634037c3b0368a7798c2db7/,urlhaus-api.abuse.ch,,js,,,2026-10-02 10:00:09
6fcd41bd921e3de8127baabe833c0c95f39d42eb54fcd621b1a5b86ea43a359b,715e7b081b1f836d2bf555d3a89e714b,https://urlhaus-api.abuse.ch/v1/download/6fcd41bd921e3de8127baabe833c0c95f39d42eb54fcd621b1a5b86ea43a359b/,urlhaus-api.abuse.ch,,ps1,,,2026-10-02 09:58:49
302022d53e54f3274ec550f0517a798707bab9e1312305668c0ce9789f9f2477,a8835b8a13dd3709173dbc63b57fb00d,https://urlhaus-api.abuse.ch/v1/download/302022d53e54f3274ec550f0517a798707bab9e1312305668c0ce9789f9f2477/,urlhaus-api.abuse.ch,,exe,CoinMiner,,2026-10-02 09:57:15
0bb34b7029333d9c771607defa18be41ccb0b3de257bf6ba27988bed4204ad50,2df36c16c92372544d06794dd20e26cb,https://urlhaus-api.abuse.ch/v1/download/0bb34b7029333d9c771607defa18be41ccb0b3de257bf6ba27988bed4204ad50/,urlhaus-api.abuse.ch,,html,,,2026-10-02 09:57:09
f90596f89c5a33d32392222c1e9c2030b94e3a0d5548dc4557da5ba498948978,f3ff3c7e8823757667d10cd53a306c52,https://urlhaus-api.abuse.ch/v1/download/f90596f89c5a33d32392222c1e9c2030b94e3a0d5548dc4557da5ba498948978/,urlhaus-api.abuse.ch,,js,,,2026-10-02 09:53:32
738bdff20631f6e051eebbca3f396675183411039db8a1e08c1edff3c3a44e59,06409f03dcef4ad1fca474a2739fc29d,https://urlhaus-api.abuse.ch/v1/download/738bdff20631f6e051eebbca3f396675183411039db8a1e08c1edff3c3a44e59/,urlhaus-api.abuse.ch,,html,,,2026-10-02 09:52:39
a3c870bbd4db149a8063159c8b3be4c633aeb70c7e9763e786d68a9068cf12e6,2e7277257dd780ac3e699e295fb849a9,https://urlhaus-api.abuse.ch/v1/download/a3c870bbd4db149a8063159c8b3be4c633aeb70c7e9763e786d68a9068cf12e6/,urlhaus-api.abuse.ch,,html,,,2026-10-02 09:52:16
5e7677547dd54680bfa381cf3388633951942a090dc1547e63d5e8c5b0e1feb0,7a6f462db4d14c777d3b925d7622050d,https://urlhaus-api.abuse.ch/v1/download/5e7677547dd54680bfa381cf3388633951942a090dc1547e63d5e8c5b0e1feb0/,urlhaus-api.abuse.ch,,html,,,2026-10-02 09:52:16
7bc5a428392326f138fd7e0d94bf36b51609362a92989ebd99079fbf9b1727ad,b96bea1704f7a71990c0b9d8c5d5c356,https://urlhaus-api.abuse.ch/v1/download/7bc5a428392326f138fd7e0d94bf36b51609362a92989ebd99079fbf9b1727ad/,urlhaus-api.abuse.ch,,unknown,,,2026-10-02 09:51:49
edcf3b7fdc0136a12a70c303165b12f4ef240698459304b26afe3cc5ff1bd59b,3d94e1e96f31cbed5acbe3e33dd26fdb,https://urlhaus-api.abuse.ch/v1/download/edcf3b7fdc0136a12a70c303165b12f4ef240698459304b26afe3cc5ff1bd59b/,urlhaus-api.abuse.ch,,html,,,2026-10-02 09:50:55
53c8856e105f6e300a874b1a8c6f274a3130ba77828fe4f40a3cf0b150356d00,192bd11c1000b6baa86a1d4c605cab24,https://urlhaus-api.abuse.ch/v1/download/53c8856e105f6e300a874b1a8c6f274a3130ba77828fe4f40a3cf0b150356d00/,urlhaus-api.abuse.ch,,exe,CoinMiner,,2026-10-02 09:49:41
f6c97b1e2ed02578ca1066c8235ba4f991e645f89012406c639dbccc6582eec8,3849f30b51a5c49e8d1546960cc206c7,https://urlhaus-api.abuse.ch/v1/download/f6c97b1e2ed02578ca1066c8235ba4f991e645f89012406c639dbccc6582eec8/,urlhaus-api.abuse.ch,,elf,,,2026-10-02 09:47:13
12013662c71da69de977c04cd7021f13a70cf7bed4ca6c82acbc100464d4b0ef,eec5c6c219535fba3a0492ea8118b397,https://urlhaus-api.abuse.ch/v1/download/12013662c71da69de977c04cd7021f13a70cf7bed4ca6c82acbc100464d4b0ef/,urlhaus-api.abuse.ch,,elf,Mirai,,2026-10-02 09:47:13
0d011970951f1f2df26f404cf4f7d8a84c00fd5eb1997a31485049cc8789899d,880bcb49dd47ec11f9d631d0eb4dafa9,https://urlhaus-api.abuse.ch/v1/download/0d011970951f1f2df26f404cf4f7d8a84c00fd5eb1997a31485049cc8789899d/,urlhaus-api.abuse.ch,,ps1,,,2026-10-02 09:46:18
f94bd16582240ceb5a4f6410ae85b1c98239c512896cb8d3922e07e445cc0ff4,114f5fdcd9211cd67443c0a2b4d58348,https://urlhaus-api.abuse.ch/v1/download/f94bd16582240ceb5a4f6410ae85b1c98239c512896cb8d3922e07e445cc0ff4/,urlhaus-api.abuse.ch,,ps1,,,2026-10-02 09:44:10
8085353b12e09778cac88064abc470762cf622d4635c3793e9fdcfc9aef8097f,e413ccaf405c1f42fe8bdd89e65bab9e,https://urlhaus-api.abuse.ch/v1/download/8085353b12e09778cac88064abc470762cf622d4635c3793e9fdcfc9aef8097f/,urlhaus-api.abuse.ch,,txt,,,2026-10-02 09:43:55
ced1c0d27ead1e7ae6bebc8506d32dd58c458829db5045f0b45ded878eca2dbb,26a9e7785c3a168a941bf38ed469dec0,https://urlhaus-api.abuse.ch/v1/download/ced1c0d27ead1e7ae6bebc8506d32dd58c458829db5045f0b45ded878eca2dbb/,urlhaus-api.abuse.ch,,js,,,2026-10-02 09:43:32
f48cdead094989ec7fc5579afd9c2f758b2828cd76f1825ee21ce79b438498e1,49665b83627035d6754f0a2c461da434,https://urlhaus-api.abuse.ch/v1/download/f48cdead094989ec7fc5579afd9c2f758b2828cd76f1825ee21ce79b438498e1/,urlhaus-api.abuse.ch,,html,,,2026-10-02 09:42:11
09bcada47a24b97c59c66ab1525a4c966ab4170619447d6d3d36a25f7595312d,75bd5affdf92cc2892ac0b518fadd471,https://urlhaus-api.abuse.ch/v1/download/09bcada47a24b97c59c66ab1525a4c966ab4170619447d6d3d36a25f7595312d/,urlhaus-api.abuse.ch,,ps1,,,2026-10-02 09:41:44
8e8598be740d55ea1743e22978f241a4eb7e39231e0a9c69cec56d1f97719d42,1edcc640cac2b9a4b71efac2502875cc,https://urlhaus-api.abuse.ch/v1/download/8e8598be740d55ea1743e22978f241a4eb7e39231e0a9c69cec56d1f97719d42/,urlhaus-api.abuse.ch,,exe,,,2026-10-02 09:40:58
60acf11143e38c01850944fcefa5448eb511ae1fe65efb54a42956ba6200ac5b,11ac801945b4ea8cc894575d65265373,https://urlhaus-api.abuse.ch/v1/download/60acf11143e38c01850944fcefa5448eb511ae1fe65efb54a42956ba6200ac5b/,urlhaus-api.abuse.ch,,html,,,2026-10-02 09:38:56
35c5dec3e79f50eb20850c55822b10f1022bd8703a2cd7a0cc9019517bed323b,76ea06620653a3158213cf2363a6c5bc,https://urlhaus-api.abuse.ch/v1/download/35c5dec3e79f50eb20850c55822b10f1022bd8703a2cd7a0cc9019517bed323b/,urlhaus-api.abuse.ch,,exe,,,2026-10-02 09:37:23
b87ed1d44644f23b77830350170fd1ca28a41dc2c5f64606e653dcc80d62f759,14c7be306ba3ea9466fe290147d42ac5,https://urlhaus-api.abuse.ch/v1/download/b87ed1d44644f23b77830350170fd1ca28a41dc2c5f64606e653dcc80d62f759/,urlhaus-api.abuse.ch,,html,,,2026-10-02 09:35:19
2ebb110431147f96508fcab9986bcbe895e3cb27cb63a4cf9b12f913b8ef22d6,451fe859c7fecda929df6d12c4244f40,https://urlhaus-api.abuse.ch/v1/download/2ebb110431147f96508fcab9986bcbe895e3cb27cb63a4cf9b12f913b8ef22d6/,urlhaus-api.abuse.ch,,html,,,2026-10-02 09:33:58
cd6779fb7b1ff3a20c6dd5007686852fb3945152318ac083cae7ca7810472ed5,f9276f047daaff9cbfb17839f2d84311,https://urlhaus-api.abuse.ch/v1/download/cd6779fb7b1ff3a20c6dd5007686852fb3945152318ac083cae7ca7810472ed5/,urlhaus-api.abuse.ch,,exe,,,2026-10-02 09:33:43
5d94086ec24b6fc736c5267af3c38c12e04845238c0b7c9537bab0c0809a67f0,ca15363f4aef7b14a241d5a4b2dc8377,https://urlhaus-api.abuse.ch/v1/download/5d94086ec24b6fc736c5267af3c38c12e04845238c0b7c9537bab0c0809a67f0/,urlhaus-api.abuse.ch,,zip,,,2026-10-02 09:32:15
12013662c71da69de977c04cd7021f13a70cf7bed4ca6c82acbc100464d4b0ef,eec5c6c219535fba3a0492ea8118b397,https://urlhaus-api.abuse.ch/v1/download/12013662c71da69de977c04cd7021f13a70cf7bed4ca6c82acbc100464d4b0ef/,urlhaus-api.abuse.ch,,elf,Mirai,,2026-10-02 09:32:14
8dd80765c1fd11204e7edf70dc60597e07e96727df958681e8b6d42b863f8438,550639addb82ac134e17b8b2a151bca8,https://urlhaus-api.abuse.ch/v1/download/8dd80765c1fd11204e7edf70dc60597e07e96727df958681e8b6d42b863f8438/,urlhaus-api.abuse.ch,,html,,,2026-10-02 09:30:09
a04a504b00f991cd3a0f562082a8d7f890aec8dd8858c357bb83d29e25923978,adc0006b2284a6f16c5079668fbf7345,https://urlhaus-api.abuse.ch/v1/download/a04a504b00f991cd3a0f562082a8d7f890aec8dd8858c357bb83d29e25923978/,urlhaus-api.abuse.ch,,html,,,2026-10-02 09:28:52
12013662c71da69de977c04cd7021f13a70cf7bed4ca6c82acbc100464d4b0ef,eec5c6c219535fba3a0492ea8118b397,https://urlhaus-api.abuse.ch/v1/download/12013662c71da69de977c04cd7021f13a70cf7bed4ca6c82acbc100464d4b0ef/,urlhaus-api.abuse.ch,,elf,Mirai,,2026-10-02 09:25:13
6300bee03b377aa1bb752a235e258c195881a3f5158d22950a4209568ba80146,159e5ba2daca9b9e6c9a1ca80c002252,https://urlhaus-api.abuse.ch/v1/download/6300bee03b377aa1bb752a235e258c195881a3f5158d22950a4209568ba80146/,urlhaus-api.abuse.ch,,js,,,2026-10-02 09:24:39
7d02bf23a47847f6583af1edd34e25ec987001f2957af76bec668cb80a44813e,6688cba25edb03659e6f0517fef2d61d,https://urlhaus-api.abuse.ch/v1/download/7d02bf23a47847f6583af1edd34e25ec987001f2957af76bec668cb80a44813e/,urlhaus-api.abuse.ch,,ps1,,,2026-10-02 09:23:27
c2352567c3227e7f1a5cfb0dd31b8816370d11fd48f0c489ee86f92fc822abe4,94a9fa9d690105d40e697c3d1c1cc679,https://urlhaus-api.abuse.ch/v1/download/c2352567c3227e7f1a5cfb0dd31b8816370d11fd48f0c489ee86f92fc822abe4/,urlhaus-api.abuse.ch,,html,,,2026-10-02 09:22:22
6e1d8abc4616b11d43730a8468598c58b4edf4bfa2ed67afc871e677cf0b60cc,b60512aa006f728490f55efdb8238af6,https://urlhaus-api.abuse.ch/v1/download/6e1d8abc4616b11d43730a8468598c58b4edf4bfa2ed67afc871e677cf0b60cc/,urlhaus-api.abuse.ch,,html,,,2026-10-02 09:21:31
12013662c71da69de977c04cd7021f13a70cf7bed4ca6c82acbc100464d4b0ef,eec5c6c219535fba3a0492ea8118b397,https://urlhaus-api.abuse.ch/v1/download/12013662c71da69de977c04cd7021f13a70cf7bed4ca6c82acbc100464d4b0ef/,urlhaus-api.abuse.ch,,elf,Mirai,,2026-10-02 09:21:16
b2ab36081c4d9c1c5a723b440860a7a8e9738e74f73ad30dd7f848d8385fc95a,fc5c40dac8634c58f6acf0ed9ab467ed,https://urlhaus-api.abuse.ch/v1/download/b2ab36081c4d9c1c5a723b440860a7a8e9738e74f73ad30dd7f848d8385fc95a/,urlhaus-api.abuse.ch,,html,,,2026-10-02 09:20:17
fc568030f0574316848bcc4f64538bbd8b21731a0632e9b06fbf224d9f6492cb,b480f2e63e32d297e07597d06a91f356,https://urlhaus-api.abuse.ch/v1/download/fc568030f0574316848bcc4f64538bbd8b21731a0632e9b06fbf224d9f6492cb/,urlhaus-api.abuse.ch,,html,,,2026-10-02 09:18:28
28dcfb75a0b0fe5961fe47dbf2aca77a1659b1d7201bceb04c4bb2aea7d8593e,78fedf26ebf8c5ac092e08ed79f7e722,https://urlhaus-api.abuse.ch/v1/download/28dcfb75a0b0fe5961fe47dbf2aca77a1659b1d7201bceb04c4bb2aea7d8593e/,urlhaus-api.abuse.ch,,html,,,2026-10-02 09:16:55
88a3cbaa94ce844f898e27f402275a2b1efeba1ed3e909c6aa84adadcd7e97aa,5726f00f19cd727733aec89a6b4b6336,https://urlhaus-api.abuse.ch/v1/download/88a3cbaa94ce844f898e27f402275a2b1efeba1ed3e909c6aa84adadcd7e97aa/,urlhaus-api.abuse.ch,,unknown,,,2026-10-02 09:16:48
4293c1d8574dc87c58360d6bac3daa182f64f7785c9d41da5e0741d2b1817fc7,59ce0baba11893f90527fc951ac69912,https://urlhaus-api.abuse.ch/v1/download/4293c1d8574dc87c58360d6bac3daa182f64f7785c9d41da5e0741d2b1817fc7/,urlhaus-api.abuse.ch,,elf,Mozi,,2026-10-02 09:16:16
dbd663aaf9214b2f7a038c08f3d8f16d57fc9d87a7609c8765e436cde2084059,d80fa0bafe469d1a4f4c90c02b4bfb01,https://urlhaus-api.abuse.ch/v1/download/dbd663aaf9214b2f7a038c08f3d8f16d57fc9d87a7609c8765e436cde2084059/,urlhaus-api.abuse.ch,,html,,,2026-10-02 09:15:26
b7725e1cd00b837413124a6afbb2bb36828a6f0b7ba87ad120c537f0fb396b4c,a771af02433381ac8c332a3fb532567b,https://urlhaus-api.abuse.ch/v1/download/b7725e1cd00b837413124a6afbb2bb36828a6f0b7ba87ad120c537f0fb396b4c/,urlhaus-api.abuse.ch,,html,,,2026-10-02 09:14:54
70324eae8266efaa5cd2f1b72a20fa9d4275529371119400abddff18353905ba,11bcaa86494c520d1007cb2c67ea5fe6,https://urlhaus-api.abuse.ch/v1/download/70324eae8266efaa5cd2f1b72a20fa9d4275529371119400abddff18353905ba/,urlhaus-api.abuse.ch,,html,,,2026-10-02 09:11:47
e7749092ccb81b9b8d91cee127d146d9c23623aa9c4f2d3cf32a13d89debeb17,6a0b1ae9bcce5ed699321f4b6feee365,https://urlhaus-api.abuse.ch/v1/download/e7749092ccb81b9b8d91cee127d146d9c23623aa9c4f2d3cf32a13d89debeb17/,urlhaus-api.abuse.ch,,html,,,2026-10-02 09:08:11
c464cc995636b9bed2ee09663d38d295628be461c0bdc693c5f8c477ed4fb651,ad7a6860f69ea7a4e813f563ec362b27,https://urlhaus-api.abuse.ch/v1/download/c464cc995636b9bed2ee09663d38d295628be461c0bdc693c5f8c477ed4fb651/,urlhaus-api.abuse.ch,,html,,,2026-10-02 09:07:38
1596a94763933119ea55497de533253fbbf38192dafbdeac8416486b23e8f920,a6715f8bee077b876997e330ce62b6b3,https://urlhaus-api.abuse.ch/v1/download/1596a94763933119ea55497de533253fbbf38192dafbdeac8416486b23e8f920/,urlhaus-api.abuse.ch,,html,,,2026-10-02 09:06:12
4bf4410e3244ba41faea1a8da6f9b7e777a8b2f754d358a802a35752d788d8c9,310e61ced9d07335d5f6beb41a8fc528,https://urlhaus-api.abuse.ch/v1/download/4bf4410e3244ba41faea1a8da6f9b7e777a8b2f754d358a802a35752d788d8c9/,urlhaus-api.abuse.ch,,js,,,2026-10-02 09:05:55
56c54637655e3928d5ed784cb2377a442bd59957f7529e1b0a44052941e73301,37db588b139aaece99c100ca7c1ea67a,https://urlhaus-api.abuse.ch/v1/download/56c54637655e3928d5ed784cb2377a442bd59957f7529e1b0a44052941e73301/,urlhaus-api.abuse.ch,,html,,,2026-10-02 09:05:53
0956f9fce2b63d26a3418909cf13817031cd9dd50ca6fb30a76c7be8ce829041,c1a96bb4d4bec8f4ad984eb2fa7ebc79,https://urlhaus-api.abuse.ch/v1/download/0956f9fce2b63d26a3418909cf13817031cd9dd50ca6fb30a76c7be8ce829041/,urlhaus-api.abuse.ch,,exe,,,2026-10-02 09:03:16
5f63588f5f42dcc44cc5feea3447944d5132a728687794f5cc8d0a10f632d556,eae04ba096ba2da01a06f1dd5cd355d6,https://urlhaus-api.abuse.ch/v1/download/5f63588f5f42dcc44cc5feea3447944d5132a728687794f5cc8d0a10f632d556/,urlhaus-api.abuse.ch,,html,,,2026-10-02 09:02:52
12013662c71da69de977c04cd7021f13a70cf7bed4ca6c82acbc100464d4b0ef,eec5c6c219535fba3a0492ea8118b397,https://urlhaus-api.abuse.ch/v1/download/12013662c71da69de977c04cd7021f13a70cf7bed4ca6c82acbc100464d4b0ef/,urlhaus-api.abuse.ch,,elf,Mirai,,2026-10-02 09:02:12
e87ca4890053f641e674f3d829c0f4ea3d22bc0eb4d74e8896a028571825c63d,76c262904734cd8ffe8b57caba8d59e1,https://urlhaus-api.abuse.ch/v1/download/e87ca4890053f641e674f3d829c0f4ea3d22bc0eb4d74e8896a028571825c63d/,urlhaus-api.abuse.ch,,html,,,2026-10-02 09:01:51
4f17c7a6b23aae3406defb24b130ab5f93176621c2cfa1e5ae4b369adbf3aa4d,6f36de8a1bab16ced0324c712ea9bba9,https://urlhaus-api.abuse.ch/v1/download/4f17c7a6b23aae3406defb24b130ab5f93176621c2cfa1e5ae4b369adbf3aa4d/,urlhaus-api.abuse.ch,,html,,,2026-10-02 09:00:54
12013662c71da69de977c04cd7021f13a70cf7bed4ca6c82acbc100464d4b0ef,eec5c6c219535fba3a0492ea8118b397,https://urlhaus-api.abuse.ch/v1/download/12013662c71da69de977c04cd7021f13a70cf7bed4ca6c82acbc100464d4b0ef/,urlhaus-api.abuse.ch,,elf,Mirai,,2026-10-02 09:00:47
7f0b7ef61d9b8262bee8e5ac9ca902d8601bfecb1d3c572daa27df953bfc8808,62e69f9f6fe02f1a811f25b3abda679a,https://urlhaus-api.abuse.ch/v1/download/7f0b7ef61d9b8262bee8e5ac9ca902d8601bfecb1d3c572daa27df953bfc8808/,urlhaus-api.abuse.ch,,unknown,,,2026-10-02 09:00:32
b8dfbda2a3231d50e828520bbb31db8eaf8376508770bf2ad0239fb7a9a731aa,1ce41afd31bb649033da860698b11b55,https://urlhaus-api.abuse.ch/v1/download/b8dfbda2a3231d50e828520bbb31db8eaf8376508770bf2ad0239fb7a9a731aa/,urlhaus-api.abuse.ch,,html,,,2026-10-02 08:59:35
bb6276f3393387f0ff9fd0a6edc4ac7fe4face291f3b413c9fd568ad33be5caf,d323648b6815b2c70e04a3a45b39f970,https://urlhaus-api.abuse.ch/v1/download/bb6276f3393387f0ff9fd0a6edc4ac7fe4face291f3b413c9fd568ad33be5caf/,urlhaus-api.abuse.ch,,exe,CoinMiner,,2026-10-02 08:59:32
c11ec95e424941977d92a46b4980f9dce2048e6925adb9e0e9945a43a1d74f94,f39a3fecd393e39d50f9c5e7173c522f,https://urlhaus-api.abuse.ch/v1/download/c11ec95e424941977d92a46b4980f9dce2048e6925adb9e0e9945a43a1d74f94/,urlhaus-api.abuse.ch,,html,,,2026-10-02 08:59:15
97530af00b6c42df6261d011d06508023709826cc8f23caef803d152635019b0,adb98ee6e584d5a2706d6edda320403e,https://urlhaus-api.abuse.ch/v1/download/97530af00b6c42df6261d011d06508023709826cc8f23caef803d152635019b0/,urlhaus-api.abuse.ch,,html,,,2026-10-02 08:58:27
9a8f9b863b66089fd0d8db27ac4f8ce357964a212fd21f60f768dfac0c8dd90d,1fff411f554eca1c77565ea67a6adcdd,https://urlhaus-api.abuse.ch/v1/download/9a8f9b863b66089fd0d8db27ac4f8ce357964a212fd21f60f768dfac0c8dd90d/,urlhaus-api.abuse.ch,,html,,,2026-10-02 08:55:58
70ce0872fcb06846d55e46e6ae155e1dbb68daa1683427724e168fd8c070b2e7,eef3d2b2bfe6a927f76a3f6fd32dde1d,https://urlhaus-api.abuse.ch/v1/download/70ce0872fcb06846d55e46e6ae155e1dbb68daa1683427724e168fd8c070b2e7/,urlhaus-api.abuse.ch,,js,,,2026-10-02 08:54:27
41ef1f62aa14083cbb143bff2d8345a2c1802f1e747e20e04dff5fd9f2eac2d5,dc0cbce8dfa3e4f69df80c6722ea824c,https://urlhaus-api.abuse.ch/v1/download/41ef1f62aa14083cbb143bff2d8345a2c1802f1e747e20e04dff5fd9f2eac2d5/,urlhaus-api.abuse.ch,,html,,,2026-10-02 08:54:05
e832df89375f1b8eaf19738283963827e942f7b4698861be98082ac283187c49,e5fe7ac100805bb1e92554de6a1762cb,https://urlhaus-api.abuse.ch/v1/download/e832df89375f1b8eaf19738283963827e942f7b4698861be98082ac283187c49/,urlhaus-api.abuse.ch,,html,,,2026-10-02 08:51:12
12013662c71da69de977c04cd7021f13a70cf7bed4ca6c82acbc100464d4b0ef,eec5c6c219535fba3a0492ea8118b397,https://urlhaus-api.abuse.ch/v1/download/12013662c71da69de977c04cd7021f13a70cf7bed4ca6c82acbc100464d4b0ef/,urlhaus-api.abuse.ch,,elf,Mirai,,2026-10-02 08:46:32
cf282abd60c946e8d3da749e4642aa811d3dd073147dc6bcd4cfa42f83168fda,a19e622cc39af61ad0821c627aaee3ae,https://urlhaus-api.abuse.ch/v1/download/cf282abd60c946e8d3da749e4642aa811d3dd073147dc6bcd4cfa42f83168fda/,urlhaus-api.abuse.ch,,js,,,2026-10-02 08:46:23
12013662c71da69de977c04cd7021f13a70cf7bed4ca6c82acbc100464d4b0ef,eec5c6c219535fba3a0492ea8118b397,https://urlhaus-api.abuse.ch/v1/download/12013662c71da69de977c04cd7021f13a70cf7bed4ca6c82acbc100464d4b0ef/,urlhaus-api.abuse.ch,,elf,Mirai,,2026-10-02 08:46:15
a093429af8858ecbff881025f75d6fa0fe8e409a86dff83220a1cba517f8c0f6,74c7abaa0e9d35dd1d4abf0ba4471b6a,https://urlhaus-api.abuse.ch/v1/download/a093429af8858ecbff881025f75d6fa0fe8e409a86dff83220a1cba517f8c0f6/,urlhaus-api.abuse.ch,,html,,,2026-10-02 08:45:11
baa58225365865f7843accdb580d99733941a928e593a00fddeeb8e8efbcfc3f,96e6bc925cd8699d848dc03e4bd43522,https://urlhaus-api.abuse.ch/v1/download/baa58225365865f7843accdb580d99733941a928e593a00fddeeb8e8efbcfc3f/,urlhaus-api.abuse.ch,,js,,,2026-10-02 08:44:02
128ef28553267bc07787db9140b7d8e4f302e22bb564e3c9800514c4ae3bad14,99abd34b362175d3e286b0f5eba45c83,https://urlhaus-api.abuse.ch/v1/download/128ef28553267bc07787db9140b7d8e4f302e22bb564e3c9800514c4ae3bad14/,urlhaus-api.abuse.ch,,js,,,2026-10-02 08:43:10
676c42123ed8a785b1b59ae39a494a2e400f1ef5a32e07cc2361f23ba500c4c7,e36a6d4ca46731a27b74419289f34db1,https://urlhaus-api.abuse.ch/v1/download/676c42123ed8a785b1b59ae39a494a2e400f1ef5a32e07cc2361f23ba500c4c7/,urlhaus-api.abuse.ch,,html,,,2026-10-02 08:42:20
4a8fe4910450770ff400739528aaad2d0f694f15a80e5228cab46f46396f56f7,ceb4fcd9ad887b2c33d1827f651b18ea,https://urlhaus-api.abuse.ch/v1/download/4a8fe4910450770ff400739528aaad2d0f694f15a80e5228cab46f46396f56f7/,urlhaus-api.abuse.ch,,html,,,2026-10-02 08:42:15
576cd4973299905057d81e71cf7e68e4ba93d037acc4b0b9cea2979403173258,7bc26b66e0898b092ed4d75a44138ca4,https://urlhaus-api.abuse.ch/v1/download/576cd4973299905057d81e71cf7e68e4ba93d037acc4b0b9cea2979403173258/,urlhaus-api.abuse.ch,,html,,,2026-10-02 08:39:25
3da5fd6698e3cbf038b5dcca7f9de1e2b6736774ac9f647c816760bb5563a386,c7e7ea5e48468fb8bd0a45781bacc181,https://urlhaus-api.abuse.ch/v1/download/3da5fd6698e3cbf038b5dcca7f9de1e2b6736774ac9f647c816760bb5563a386/,urlhaus-api.abuse.ch,,html,,,2026-10-02 08:39:18
274ba03fdee4f7212ef57d3e8bf1849130618f4faa355450d35b7e2819f365b9,28763c20ccd6781ebb7b5b5e6a3a8d8a,https://urlhaus-api.abuse.ch/v1/download/274ba03fdee4f7212ef57d3e8bf1849130618f4faa355450d35b7e2819f365b9/,urlhaus-api.abuse.ch,,html,,,2026-10-02 08:38:01
43498767cde1bbc3d41f4615ae0d802ffe72220853f695622e178eecb10501c3,014af6b705277ca0a4bd7203ab28c7e4,https://urlhaus-api.abuse.ch/v1/download/43498767cde1bbc3d41f4615ae0d802ffe72220853f695622e178eecb10501c3/,urlhaus-api.abuse.ch,,html,,,2026-10-02 08:37:52
1f96401ea641478438fc853987c252a6e7d97dba046f356a831f3bc4ad6524eb,d576c5dbf8a9b96b6664fc7e32d7f791,https://urlhaus-api.abuse.ch/v1/download/1f96401ea641478438fc853987c252a6e7d97dba046f356a831f3bc4ad6524eb/,urlhaus-api.abuse.ch,,html,,,2026-10-02 08:37:06
e0d4331cfdc6c24bf326c121cb1b0bfa57489b80cf6c39e4bff3031186235277,d78ad377a1caa9f6aa83bf8f562682ec,https://urlhaus-api.abuse.ch/v1/download/e0d4331cfdc6c24bf326c121cb1b0bfa57489b80cf6c39e4bff3031186235277/,urlhaus-api.abuse.ch,,html,,,2026-10-02 08:37:01
09e51e54ae0ae4085d8f1dbe15f5ac2c341400befa6255449669785006bb5154,70baef040027c912aa9943b88c4e8d0c,https://urlhaus-api.abuse.ch/v1/download/09e51e54ae0ae4085d8f1dbe15f5ac2c341400befa6255449669785006bb5154/,urlhaus-api.abuse.ch,,html,,,2026-10-02 08:35:28
3c61ba276cce661354b6347e96d67e2e413b10dd574ac996ee1e46604e764adc,1218fa2b8fcd5f0f1ade754b4c603bb0,https://urlhaus-api.abuse.ch/v1/download/3c61ba276cce661354b6347e96d67e2e413b10dd574ac996ee1e46604e764adc/,urlhaus-api.abuse.ch,,ps1,,,2026-10-02 08:35:06
81c0e416a93a5d9aaba419aeed2d658160f8294a57bb09db8c03313d50ad1e2e,f56350ea52b2e6a7008297d7f6fbbe83,https://urlhaus-api.abuse.ch/v1/download/81c0e416a93a5d9aaba419aeed2d658160f8294a57bb09db8c03313d50ad1e2e/,urlhaus-api.abuse.ch,,html,,,2026-10-02 08:33:03
4293c1d8574dc87c58360d6bac3daa182f64f7785c9d41da5e0741d2b1817fc7,59ce0baba11893f90527fc951ac69912,https://urlhaus-api.abuse.ch/v1/download/4293c1d8574dc87c58360d6bac3daa182f64f7785c9d41da5e0741d2b1817fc7/,urlhaus-api.abuse.ch,,elf,Mozi,,2026-10-02 08:32:10
4293c1d8574dc87c58360d6bac3daa182f64f7785c9d41da5e0741d2b1817fc7,59ce0baba11893f90527fc951ac69912,https://urlhaus-api.abuse.ch/v1/download/4293c1d8574dc87c58360d6bac3daa182f64f7785c9d41da5e0741d2b1817fc7/,urlhaus-api.abuse.ch,,elf,Mozi,,2026-10-02 08:31:18
12013662c71da69de977c04cd7021f13a70cf7bed4ca6c82acbc100464d4b0ef,eec5c6c219535fba3a0492ea8118b397,https://urlhaus-api.abuse.ch/v1/download/12013662c71da69de977c04cd7021f13a70cf7bed4ca6c82acbc100464d4b0ef/,urlhaus-api.abuse.ch,,elf,Mirai,,2026-10-02 08:31:18
c78efc20978d1466ca4cdcf8cb04b408b49da6e0a0b6ba99d2ea208d945fe0b8,807643e4b3b6b746ec22e097ef8fa6d4,https://urlhaus-api.abuse.ch/v1/download/c78efc20978d1466ca4cdcf8cb04b408b49da6e0a0b6ba99d2ea208d945fe0b8/,urlhaus-api.abuse.ch,,html,,,2026-10-02 08:29:54
3f73086ddada07eb0b178cbbfe4d581a657f9dbf1a3618bb36f47ea19d5413ad,e6a7c28936019453fc28c63d61d18ebb,https://urlhaus-api.abuse.ch/v1/download/3f73086ddada07eb0b178cbbfe4d581a657f9dbf1a3618bb36f47ea19d5413ad/,urlhaus-api.abuse.ch,,html,,,2026-10-02 08:29:29
12013662c71da69de977c04cd7021f13a70cf7bed4ca6c82acbc100464d4b0ef,eec5c6c219535fba3a0492ea8118b397,https://urlhaus-api.abuse.ch/v1/download/12013662c71da69de977c04cd7021f13a70cf7bed4ca6c82acbc100464d4b0ef/,urlhaus-api.abuse.ch,,elf,Mirai,,2026-10-02 08:17:11
4293c1d8574dc87c58360d6bac3daa182f64f7785c9d41da5e0741d2b1817fc7,59ce0baba11893f90527fc951ac69912,https://urlhaus-api.abuse.ch/v1/download/4293c1d8574dc87c58360d6bac3daa182f64f7785c9d41da5e0741d2b1817fc7/,urlhaus-api.abuse.ch,,elf,Mozi,,2026-10-02 08:16:12
12013662c71da69de977c04cd7021f13a70cf7bed4ca6c82acbc100464d4b0ef,eec5c6c219535fba3a0492ea8118b397,https://urlhaus-api.abuse.ch/v1/download/12013662c71da69de977c04cd7021f13a70cf7bed4ca6c82acbc100464d4b0ef/,urlhaus-api.abuse.ch,,elf,Mirai,,2026-10-02 08:02:13
4293c1d8574dc87c58360d6bac3daa182f64f7785c9d41da5e0741d2b1817fc7,59ce0baba11893f90527fc951ac69912,https://urlhaus-api.abuse.ch/v1/download/4293c1d8574dc87c58360d6bac3daa182f64f7785c9d41da5e0741d2b1817fc7/,urlhaus-api.abuse.ch,,elf,Mozi,,2026-10-02 08:02:11
12013662c71da69de977c04cd7021f13a70cf7bed4ca6c82acbc100464d4b0ef,eec5c6c219535fba3a0492ea8118b397,https://urlhaus-api.abuse.ch/v1/download/12013662c71da69de977c04cd7021f13a70cf7bed4ca6c82acbc100464d4b0ef/,urlhaus-api.abuse.ch,,elf,Mirai,,2026-10-02 08:02:11
1792a629f473ab94e68abab6e1f7469d298806e5b7069c4d94da067aab4375d8,1c512b5c2d7c9fa7b049f22c5dee864e,https://urlhaus-api.abuse.ch/v1/download/1792a629f473ab94e68abab6e1f7469d298806e5b7069c4d94da067aab4375d8/,urlhaus-api.abuse.ch,,exe,,,2026-10-02 07:58:51
c1f169884134b108773e115c6300780656ec253b2968fd0e49c50cd9563fb120,11ffa9338dd559097e4553cbc208cff2,https://urlhaus-api.abuse.ch/v1/download/c1f169884134b108773e115c6300780656ec253b2968fd0e49c50cd9563fb120/,urlhaus-api.abuse.ch,,html,,,2026-10-02 07:57:26
12013662c71da69de977c04cd7021f13a70cf7bed4ca6c82acbc100464d4b0ef,eec5c6c219535fba3a0492ea8118b397,https://urlhaus-api.abuse.ch/v1/download/12013662c71da69de977c04cd7021f13a70cf7bed4ca6c82acbc100464d4b0ef/,urlhaus-api.abuse.ch,,elf,Mirai,,2026-10-02 07:47:14
12013662c71da69de977c04cd7021f13a70cf7bed4ca6c82acbc100464d4b0ef,eec5c6c219535fba3a0492ea8118b397,https://urlhaus-api.abuse.ch/v1/download/12013662c71da69de977c04cd7021f13a70cf7bed4ca6c82acbc100464d4b0ef/,urlhaus-api.abuse.ch,,elf,Mirai,,2026-10-02 07:47:13
4293c1d8574dc87c58360d6bac3daa182f64f7785c9d41da5e0741d2b1817fc7,59ce0baba11893f90527fc951ac69912,https://urlhaus-api.abuse.ch/v1/download/4293c1d8574dc87c58360d6bac3daa182f64f7785c9d41da5e0741d2b1817fc7/,urlhaus-api.abuse.ch,,elf,Mozi,,2026-10-02 07:47:12
f6c97b1e2ed02578ca1066c8235ba4f991e645f89012406c639dbccc6582eec8,3849f30b51a5c49e8d1546960cc206c7,https://urlhaus-api.abuse.ch/v1/download/f6c97b1e2ed02578ca1066c8235ba4f991e645f89012406c639dbccc6582eec8/,urlhaus-api.abuse.ch,,elf,,,2026-10-02 07:47:11
4293c1d8574dc87c58360d6bac3daa182f64f7785c9d41da5e0741d2b1817fc7,59ce0baba11893f90527fc951ac69912,https://urlhaus-api.abuse.ch/v1/download/4293c1d8574dc87c58360d6bac3daa182f64f7785c9d41da5e0741d2b1817fc7/,urlhaus-api.abuse.ch,,elf,Mozi,,2026-10-02 07:47:11
12013662c71da69de977c04cd7021f13a70cf7bed4ca6c82acbc100464d4b0ef,eec5c6c219535fba3a0492ea8118b397,https://urlhaus-api.abuse.ch/v1/download/12013662c71da69de977c04cd7021f13a70cf7bed4ca6c82acbc100464d4b0ef/,urlhaus-api.abuse.ch,,elf,Mirai,,2026-10-02 07:47:11
7311f6f831031eb3ae830c190c921d3611f999dc75994e3f33c95e0ce0ef0718,f02e6948de6bc617f8ad8935c8fc1ca0,https://urlhaus-api.abuse.ch/v1/download/7311f6f831031eb3ae830c190c921d3611f999dc75994e3f33c95e0ce0ef0718/,urlhaus-api.abuse.ch,,js,,,2026-10-02 07:46:46
4293c1d8574dc87c58360d6bac3daa182f64f7785c9d41da5e0741d2b1817fc7,59ce0baba11893f90527fc951ac69912,https://urlhaus-api.abuse.ch/v1/download/4293c1d8574dc87c58360d6bac3daa182f64f7785c9d41da5e0741d2b1817fc7/,urlhaus-api.abuse.ch,,elf,Mozi,,2026-10-02 07:41:17
220940a9debf6cd95f9eccb6fa28d457a6c2c9387d8e9d0b080e19a1a43aa754,1d4d7e5a796ebaf227b5c469a6046717,https://urlhaus-api.abuse.ch/v1/download/220940a9debf6cd95f9eccb6fa28d457a6c2c9387d8e9d0b080e19a1a43aa754/,urlhaus-api.abuse.ch,,elf,Mirai,,2026-10-02 07:36:37
8bb05293317dfff812bb3da8d4ee871d5766d2788caba195e304d6d0e303e571,adc24263fb86f6ffc647ebcf7b49c47a,https://urlhaus-api.abuse.ch/v1/download/8bb05293317dfff812bb3da8d4ee871d5766d2788caba195e304d6d0e303e571/,urlhaus-api.abuse.ch,,html,,,2026-10-02 07:32:51
4293c1d8574dc87c58360d6bac3daa182f64f7785c9d41da5e0741d2b1817fc7,59ce0baba11893f90527fc951ac69912,https://urlhaus-api.abuse.ch/v1/download/4293c1d8574dc87c58360d6bac3daa182f64f7785c9d41da5e0741d2b1817fc7/,urlhaus-api.abuse.ch,,elf,Mozi,,2026-10-02 07:32:11
12013662c71da69de977c04cd7021f13a70cf7bed4ca6c82acbc100464d4b0ef,eec5c6c219535fba3a0492ea8118b397,https://urlhaus-api.abuse.ch/v1/download/12013662c71da69de977c04cd7021f13a70cf7bed4ca6c82acbc100464d4b0ef/,urlhaus-api.abuse.ch,,elf,Mirai,,2026-10-02 07:32:11
2e4506802aedea2e6d53910dfb296323be6620ac08c4b799a879eace5923a7b6,fbe51695e97a45dc61967dc3241a37dc,https://urlhaus-api.abuse.ch/v1/download/2e4506802aedea2e6d53910dfb296323be6620ac08c4b799a879eace5923a7b6/,urlhaus-api.abuse.ch,,elf,,,2026-10-02 07:32:11
4293c1d8574dc87c58360d6bac3daa182f64f7785c9d41da5e0741d2b1817fc7,59ce0baba11893f90527fc951ac69912,https://urlhaus-api.abuse.ch/v1/download/4293c1d8574dc87c58360d6bac3daa182f64f7785c9d41da5e0741d2b1817fc7/,urlhaus-api.abuse.ch,,elf,Mozi,,2026-10-02 07:16:13
12013662c71da69de977c04cd7021f13a70cf7bed4ca6c82acbc100464d4b0ef,eec5c6c219535fba3a0492ea8118b397,https://urlhaus-api.abuse.ch/v1/download/12013662c71da69de977c04cd7021f13a70cf7bed4ca6c82acbc100464d4b0ef/,urlhaus-api.abuse.ch,,elf,Mirai,,2026-10-02 07:16:13
12013662c71da69de977c04cd7021f13a70cf7bed4ca6c82acbc100464d4b0ef,eec5c6c219535fba3a0492ea8118b397,https://urlhaus-api.abuse.ch/v1/download/12013662c71da69de977c04cd7021f13a70cf7bed4ca6c82acbc100464d4b0ef/,urlhaus-api.abuse.ch,,elf,Mirai,,2026-10-02 07:02:12
12013662c71da69de977c04cd7021f13a70cf7bed4ca6c82acbc100464d4b0ef,eec5c6c219535fba3a0492ea8118b397,https://urlhaus-api.abuse.ch/v1/download/12013662c71da69de977c04cd7021f13a70cf7bed4ca6c82acbc100464d4b0ef/,urlhaus-api.abuse.ch,,elf,Mirai,,2026-10-02 07:02:11
2bfe75d73f64f333f9174e435f924dc4bf8922922ec7ea9297ebdf2f29740cfa,c9a8529f3d543b959e0a61646434013a,https://urlhaus-api.abuse.ch/v1/download/2bfe75d73f64f333f9174e435f924dc4bf8922922ec7ea9297ebdf2f29740cfa/,urlhaus-api.abuse.ch,,html,,,2026-10-02 07:01:25
f584295edff2facf16eda4602bbdf00dcfcded865ca16f62f3df0b3d8defa4aa,a6295f4e14767e0cfdd6be859138c904,https://urlhaus-api.abuse.ch/v1/download/f584295edff2facf16eda4602bbdf00dcfcded865ca16f62f3df0b3d8defa4aa/,urlhaus-api.abuse.ch,,html,,,2026-10-02 06:58:15
12013662c71da69de977c04cd7021f13a70cf7bed4ca6c82acbc100464d4b0ef,eec5c6c219535fba3a0492ea8118b397,https://urlhaus-api.abuse.ch/v1/download/12013662c71da69de977c04cd7021f13a70cf7bed4ca6c82acbc100464d4b0ef/,urlhaus-api.abuse.ch,,elf,Mirai,,2026-10-02 06:58:15
48c73512ba3e7a4a90c6fd7ff36fdbeceebc2b5d530d05ac1cf626ddd6c5d0c8,a7333e3b32a053104b698e3e8844259c,https://urlhaus-api.abuse.ch/v1/download/48c73512ba3e7a4a90c6fd7ff36fdbeceebc2b5d530d05ac1cf626ddd6c5d0c8/,urlhaus-api.abuse.ch,,html,,,2026-10-02 06:57:00
97faf185fd091a95343f858fdc8ddc3e67a2d43384554cc68d2c9d677662a0d6,609c114299858684bc71e33717315410,https://urlhaus-api.abuse.ch/v1/download/97faf185fd091a95343f858fdc8ddc3e67a2d43384554cc68d2c9d677662a0d6/,urlhaus-api.abuse.ch,,html,,,2026-10-02 06:55:27
98c1a0eade7e7758499fb254470ca45ac6c6d42c5cb21b0937ae7d36a3f908f0,24df4659f4713c73d36a57455b3b3a46,https://urlhaus-api.abuse.ch/v1/download/98c1a0eade7e7758499fb254470ca45ac6c6d42c5cb21b0937ae7d36a3f908f0/,urlhaus-api.abuse.ch,,html,,,2026-10-02 06:52:43
73741c993e9b285663353983e5a83a54ed43ec76179beffa8f2dd011a8756cf2,36196b76ccb41588dac62c4c34426c19,https://urlhaus-api.abuse.ch/v1/download/73741c993e9b285663353983e5a83a54ed43ec76179beffa8f2dd011a8756cf2/,urlhaus-api.abuse.ch,,html,,,2026-10-02 06:49:33
199b221d94e775677f1f0928d77f94a3596db5b036ffe9157ee2d12f1be06ce3,78a3ad0ec6b744b3e733d770b4db8da4,https://urlhaus-api.abuse.ch/v1/download/199b221d94e775677f1f0928d77f94a3596db5b036ffe9157ee2d12f1be06ce3/,urlhaus-api.abuse.ch,,txt,,,2026-10-02 06:48:13
ca9c9d49cc28be031d654000a9c13dabd362aab7e840057bd5b8ec62b07d8c3d,dc11c7c943da19a4abae3174adbe7843,https://urlhaus-api.abuse.ch/v1/download/ca9c9d49cc28be031d654000a9c13dabd362aab7e840057bd5b8ec62b07d8c3d/,urlhaus-api.abuse.ch,,msi,Arechclient2,,2026-10-02 06:48:13
0f861c3af151825f7d66360e83c3896da70084a57b8c2e26ebfb2f1287909bc9,215c4cf9948aaa6e45e24ab322b83295,https://urlhaus-api.abuse.ch/v1/download/0f861c3af151825f7d66360e83c3896da70084a57b8c2e26ebfb2f1287909bc9/,urlhaus-api.abuse.ch,,html,,,2026-10-02 06:47:17
12013662c71da69de977c04cd7021f13a70cf7bed4ca6c82acbc100464d4b0ef,eec5c6c219535fba3a0492ea8118b397,https://urlhaus-api.abuse.ch/v1/download/12013662c71da69de977c04cd7021f13a70cf7bed4ca6c82acbc100464d4b0ef/,urlhaus-api.abuse.ch,,elf,Mirai,,2026-10-02 06:47:11
f6c97b1e2ed02578ca1066c8235ba4f991e645f89012406c639dbccc6582eec8,3849f30b51a5c49e8d1546960cc206c7,https://urlhaus-api.abuse.ch/v1/download/f6c97b1e2ed02578ca1066c8235ba4f991e645f89012406c639dbccc6582eec8/,urlhaus-api.abuse.ch,,elf,,,2026-10-02 06:47:09
4293c1d8574dc87c58360d6bac3daa182f64f7785c9d41da5e0741d2b1817fc7,59ce0baba11893f90527fc951ac69912,https://urlhaus-api.abuse.ch/v1/download/4293c1d8574dc87c58360d6bac3daa182f64f7785c9d41da5e0741d2b1817fc7/,urlhaus-api.abuse.ch,,elf,Mozi,,2026-10-02 06:47:09
b5cf68c7cb5bb2d21d60bf6654926f61566d95bfd7c9f9e182d032f1da5b4605,a73ddd6ec22462db955439f665cad4e6,https://urlhaus-api.abuse.ch/v1/download/b5cf68c7cb5bb2d21d60bf6654926f61566d95bfd7c9f9e182d032f1da5b4605/,urlhaus-api.abuse.ch,,elf,,,2026-10-02 06:47:09
5e70c3a80154756f47762a6f2afae31fc7d3a4a03e59b26edaee094d857fd95a,cecb21d829ae62a60849b24533ba6ebd,https://urlhaus-api.abuse.ch/v1/download/5e70c3a80154756f47762a6f2afae31fc7d3a4a03e59b26edaee094d857fd95a/,urlhaus-api.abuse.ch,,elf,Mirai,,2026-10-02 06:45:47
41f700dbe53b7aae0fe61b0b90c356f24e48acc1a919b70250402193b3df784f,be95f505265e545c9c5d7a73cd0b3050,https://urlhaus-api.abuse.ch/v1/download/41f700dbe53b7aae0fe61b0b90c356f24e48acc1a919b70250402193b3df784f/,urlhaus-api.abuse.ch,,unknown,,,2026-10-02 06:45:14
bc95ba9c18b4a42ef16cd467844465c1cac9d3ede338f4b0c63bc8b30fdfc360,e26ed01cae450faf80ea7c12818489ff,https://urlhaus-api.abuse.ch/v1/download/bc95ba9c18b4a42ef16cd467844465c1cac9d3ede338f4b0c63bc8b30fdfc360/,urlhaus-api.abuse.ch,,js,RemcosRAT,,2026-10-02 06:45:14
c8d90a20bf1289f7bc270c6fe164d46e1c3fae0a28a4b11a51f8738a39bb1314,2f10d3a816c0b1ebd1c691033e012664,https://urlhaus-api.abuse.ch/v1/download/c8d90a20bf1289f7bc270c6fe164d46e1c3fae0a28a4b11a51f8738a39bb1314/,urlhaus-api.abuse.ch,,hta,RemcosRAT,,2026-10-02 06:45:12
4293c1d8574dc87c58360d6bac3daa182f64f7785c9d41da5e0741d2b1817fc7,59ce0baba11893f90527fc951ac69912,https://urlhaus-api.abuse.ch/v1/download/4293c1d8574dc87c58360d6bac3daa182f64f7785c9d41da5e0741d2b1817fc7/,urlhaus-api.abuse.ch,,elf,Mozi,,2026-10-02 06:38:29
6ef1c0db3998edce49c24f4251cc49bd96d7267d7dd57364f050a5823745058b,a24ce29caf6c1ba92f39fc22c506a805,https://urlhaus-api.abuse.ch/v1/download/6ef1c0db3998edce49c24f4251cc49bd96d7267d7dd57364f050a5823745058b/,urlhaus-api.abuse.ch,,exe,,,2026-10-02 06:36:58
94cb63b04c90517257691587074f802dda35940c853e31f5399ceac75188b6da,3877e1589d1782954fbef1f839eaea9d,https://urlhaus-api.abuse.ch/v1/download/94cb63b04c90517257691587074f802dda35940c853e31f5399ceac75188b6da/,urlhaus-api.abuse.ch,,zip,,,2026-10-02 06:36:24
c5e6df2f0981890c16f79dd2763cf7613c7607b457f0172c544e0d4f5289efcd,acb439fef06a75bf33028bceb095f8c8,https://urlhaus-api.abuse.ch/v1/download/c5e6df2f0981890c16f79dd2763cf7613c7607b457f0172c544e0d4f5289efcd/,urlhaus-api.abuse.ch,,zip,,,2026-10-02 06:36:23
195045dda7d7928078fb96bcc6cb51869e0cbbfa375b69a69d0efcdf0bfbc3f7,22e49a94d6880c876c87a95a167fe2d5,https://urlhaus-api.abuse.ch/v1/download/195045dda7d7928078fb96bcc6cb51869e0cbbfa375b69a69d0efcdf0bfbc3f7/,urlhaus-api.abuse.ch,,sh,,,2026-10-02 06:36:21
f08967cdbdb0e00f35378885142dc5a33f305791496ab4977384050fcf8e3571,a40f593692627272ab14c53a5c981d53,https://urlhaus-api.abuse.ch/v1/download/f08967cdbdb0e00f35378885142dc5a33f305791496ab4977384050fcf8e3571/,urlhaus-api.abuse.ch,,zip,PythonStealer,,2026-10-02 06:35:42
00fef136014b15d43b28982348e360223f7e1d2d25f5daf5d28b7cba54e14d2f,b7849757d592dcf6d68712e1eb070a78,https://urlhaus-api.abuse.ch/v1/download/00fef136014b15d43b28982348e360223f7e1d2d25f5daf5d28b7cba54e14d2f/,urlhaus-api.abuse.ch,,unknown,,,2026-10-02 06:35:42
4afb89f3324da98b2eefbfbe3fd7047318eb782198b4c0c245721fca4972767b,02e1ee8cabe03dc93ccdd5e07fd0b33b,https://urlhaus-api.abuse.ch/v1/download/4afb89f3324da98b2eefbfbe3fd7047318eb782198b4c0c245721fca4972767b/,urlhaus-api.abuse.ch,,zip,,,2026-10-02 06:35:41
c662e4bb31e9f77c0ec3990fb54b6312ffd3d01f33c6f09514b3f31e55678090,655fcd14c1531296b9064ea1f2cbc452,https://urlhaus-api.abuse.ch/v1/download/c662e4bb31e9f77c0ec3990fb54b6312ffd3d01f33c6f09514b3f31e55678090/,urlhaus-api.abuse.ch,,zip,,,2026-10-02 06:35:41
24415f8e6dac70373affcf8c368269e99fc187bdcf4f04b2479bcf0cf078f93d,c97f9219b5713d6b34ef204891475f7a,https://urlhaus-api.abuse.ch/v1/download/24415f8e6dac70373affcf8c368269e99fc187bdcf4f04b2479bcf0cf078f93d/,urlhaus-api.abuse.ch,,unknown,,,2026-10-02 06:35:41
a3da6aa66e0da272541543710b3b966278a2562523cfb4931854a178ea839b6e,c72bd8677bb215069698825e3f9dbe21,https://urlhaus-api.abuse.ch/v1/download/a3da6aa66e0da272541543710b3b966278a2562523cfb4931854a178ea839b6e/,urlhaus-api.abuse.ch,,zip,,,2026-10-02 06:35:36
2eb6e44a390268d87ab7ced9b1ae6fbbb0b6158d96eaaaf1263870923be7fcb3,04f50f3c075ea21240168d117a361718,https://urlhaus-api.abuse.ch/v1/download/2eb6e44a390268d87ab7ced9b1ae6fbbb0b6158d96eaaaf1263870923be7fcb3/,urlhaus-api.abuse.ch,,zip,,,2026-10-02 06:35:28
a965eb90f84a6fd64712dcdf7e43f466b69d76f07e1fbb4445308eb4c90d655e,06db0aca7e4e322053cc27c6d7f0a123,https://urlhaus-api.abuse.ch/v1/download/a965eb90f84a6fd64712dcdf7e43f466b69d76f07e1fbb4445308eb4c90d655e/,urlhaus-api.abuse.ch,,zip,,,2026-10-02 06:35:28
7e9025314c3f3fbdaa2c2708f26f1c024c23d78d3384d2636b0ec842a23b3d2f,37bfd37ec5feeaf4be1e83ad6f882df5,https://urlhaus-api.abuse.ch/v1/download/7e9025314c3f3fbdaa2c2708f26f1c024c23d78d3384d2636b0ec842a23b3d2f/,urlhaus-api.abuse.ch,,unknown,,,2026-10-02 06:35:28
409c5a42995c5580120bac0b946bdd2db28c676105db04fb10211c37dd157f23,461c040aa069464e830d9f23540ebd2b,https://urlhaus-api.abuse.ch/v1/download/409c5a42995c5580120bac0b946bdd2db28c676105db04fb10211c37dd157f23/,urlhaus-api.abuse.ch,,zip,,,2026-10-02 06:35:28
65fc18787c15b9cb05fee8ea2df1369830488f01c4fc328de7df379a744ea4af,b1a7569a312745a0e2c619b353deb556,https://urlhaus-api.abuse.ch/v1/download/65fc18787c15b9cb05fee8ea2df1369830488f01c4fc328de7df379a744ea4af/,urlhaus-api.abuse.ch,,unknown,SilentNet,,2026-10-02 06:35:28
27ba428c4b77274715533dbc2259a782cedd58cc00f1373be38bd7868de07f2d,c10dc426e0cd19d4ed7234186c13741b,https://urlhaus-api.abuse.ch/v1/download/27ba428c4b77274715533dbc2259a782cedd58cc00f1373be38bd7868de07f2d/,urlhaus-api.abuse.ch,,zip,,,2026-10-02 06:35:28
c159491b8c6eaba3f2ab645e1d93cb99691805ec113fb9c03a4b757f5806459f,414d1ff0a4420c997607699b7b815171,https://urlhaus-api.abuse.ch/v1/download/c159491b8c6eaba3f2ab645e1d93cb99691805ec113fb9c03a4b757f5806459f/,urlhaus-api.abuse.ch,,unknown,SilentNet,,2026-10-02 06:35:27
4293c1d8574dc87c58360d6bac3daa182f64f7785c9d41da5e0741d2b1817fc7,59ce0baba11893f90527fc951ac69912,https://urlhaus-api.abuse.ch/v1/download/4293c1d8574dc87c58360d6bac3daa182f64f7785c9d41da5e0741d2b1817fc7/,urlhaus-api.abuse.ch,,elf,Mozi,,2026-10-02 06:35:27
d6d71a6a9c0bd91d33af611e9e67a3ad1292bde81b2e6d81ed8466da7d620a7e,7319147d0c7a786364ba4a9d537a0f4e,https://urlhaus-api.abuse.ch/v1/download/d6d71a6a9c0bd91d33af611e9e67a3ad1292bde81b2e6d81ed8466da7d620a7e/,urlhaus-api.abuse.ch,,unknown,,,2026-10-02 06:35:20
ea268e740788a9258ad4b8777f951baf27be5bdd35d60c2e8616f41159e158ae,793118ebd43f8fa7505527457100de79,https://urlhaus-api.abuse.ch/v1/download/ea268e740788a9258ad4b8777f951baf27be5bdd35d60c2e8616f41159e158ae/,urlhaus-api.abuse.ch,,unknown,SilentNet,,2026-10-02 06:35:20
6c6e2193bbb9b485d1e52a38c1076186d1bfe6bd949c43d8e759dbc1c6a63a82,d71f0f98e769f05eb06d6b16dacf938c,https://urlhaus-api.abuse.ch/v1/download/6c6e2193bbb9b485d1e52a38c1076186d1bfe6bd949c43d8e759dbc1c6a63a82/,urlhaus-api.abuse.ch,,unknown,SilentNet,,2026-10-02 06:35:19
9b78081264f0dda6eb772be728183fa62cc7b47de3c0fb78bf8958ee6a404181,f87b39570bc8bffa8a4d8b3eef27c91c,https://urlhaus-api.abuse.ch/v1/download/9b78081264f0dda6eb772be728183fa62cc7b47de3c0fb78bf8958ee6a404181/,urlhaus-api.abuse.ch,,unknown,SilentNet,,2026-10-02 06:35:19
9dbeb21f4052803456605326333dd5512f604fdb88a6eb85d0a1e675d094df58,0edaa3ad9a15b0624e97cc76199b1650,https://urlhaus-api.abuse.ch/v1/download/9dbeb21f4052803456605326333dd5512f604fdb88a6eb85d0a1e675d094df58/,urlhaus-api.abuse.ch,,exe,RustyStealer,,2026-10-02 06:35:17
b44026bb24620f39b416be635ef9b92ae7fbaacb34c4504b6aef20c5d573eeb9,1c97dcd6c4be49cfcb3c6e1d16316a76,https://urlhaus-api.abuse.ch/v1/download/b44026bb24620f39b416be635ef9b92ae7fbaacb34c4504b6aef20c5d573eeb9/,urlhaus-api.abuse.ch,,unknown,SilentNet,,2026-10-02 06:35:16
70d911746eed11854ee20db2103a7fd453a7ec5e3124163b2e32eb03d3165b76,02a0ac8e0674fe5ea93966d910e503e7,https://urlhaus-api.abuse.ch/v1/download/70d911746eed11854ee20db2103a7fd453a7ec5e3124163b2e32eb03d3165b76/,urlhaus-api.abuse.ch,,elf,Mirai,,2026-10-02 06:35:12
152199ad31615934d73c235feb0722e8985767184d11cb8f2765bd17b1c997f0,18b1546ff44351128d265ade1de23e0d,https://urlhaus-api.abuse.ch/v1/download/152199ad31615934d73c235feb0722e8985767184d11cb8f2765bd17b1c997f0/,urlhaus-api.abuse.ch,,sh,Mirai,,2026-10-02 06:35:12
dda59dbef0743a6b662b129b2679d24eb759bce9526ef011648c367834dff02c,2902308d2fa82ed157730072576a0564,https://urlhaus-api.abuse.ch/v1/download/dda59dbef0743a6b662b129b2679d24eb759bce9526ef011648c367834dff02c/,urlhaus-api.abuse.ch,,elf,Mirai,,2026-10-02 06:35:12
0ce4a04ea6dd1690f98dc65816d5f9bc1f8ba285480629506387e1ff5752fe63,7d94a6875431b1b7d644208aef20ab0f,https://urlhaus-api.abuse.ch/v1/download/0ce4a04ea6dd1690f98dc65816d5f9bc1f8ba285480629506387e1ff5752fe63/,urlhaus-api.abuse.ch,,elf,Mirai,,2026-10-02 06:35:12
a00980fce9994bf0a135f125bff794558f7e1a0e05153ff0354c9760be96166b,867571c560311f466908cbbacb0e5cb3,https://urlhaus-api.abuse.ch/v1/download/a00980fce9994bf0a135f125bff794558f7e1a0e05153ff0354c9760be96166b/,urlhaus-api.abuse.ch,,elf,Mirai,,2026-10-02 06:35:12
12013662c71da69de977c04cd7021f13a70cf7bed4ca6c82acbc100464d4b0ef,eec5c6c219535fba3a0492ea8118b397,https://urlhaus-api.abuse.ch/v1/download/12013662c71da69de977c04cd7021f13a70cf7bed4ca6c82acbc100464d4b0ef/,urlhaus-api.abuse.ch,,elf,Mirai,,2026-10-02 06:31:17
4293c1d8574dc87c58360d6bac3daa182f64f7785c9d41da5e0741d2b1817fc7,59ce0baba11893f90527fc951ac69912,https://urlhaus-api.abuse.ch/v1/download/4293c1d8574dc87c58360d6bac3daa182f64f7785c9d41da5e0741d2b1817fc7/,urlhaus-api.abuse.ch,,elf,Mozi,,2026-10-02 06:31:16
b5cf68c7cb5bb2d21d60bf6654926f61566d95bfd7c9f9e182d032f1da5b4605,a73ddd6ec22462db955439f665cad4e6,https://urlhaus-api.abuse.ch/v1/download/b5cf68c7cb5bb2d21d60bf6654926f61566d95bfd7c9f9e182d032f1da5b4605/,urlhaus-api.abuse.ch,,elf,,,2026-10-02 06:31:16
a2432237675cc20d4919d29bf1c1cdcaa8721fad2a56169cd7afd94e553cde36,10fda48b8eb4f0fefb5e9925565f637d,https://urlhaus-api.abuse.ch/v1/download/a2432237675cc20d4919d29bf1c1cdcaa8721fad2a56169cd7afd94e553cde36/,urlhaus-api.abuse.ch,,html,,,2026-10-02 06:30:26
320b2f86407f735a8aa2e229c5259edf2708f4a5cdbc0817392ac27fe64e8d17,d17060d717d23224e7b71746df2a7c50,https://urlhaus-api.abuse.ch/v1/download/320b2f86407f735a8aa2e229c5259edf2708f4a5cdbc0817392ac27fe64e8d17/,urlhaus-api.abuse.ch,,html,,,2026-10-02 06:27:47
61b1d1aa011a65b7b3ec5a0c6dc44657cc6270c05f6b55168382324bedcc111f,eb456c33e793d799656d1ee5e043c6ad,https://urlhaus-api.abuse.ch/v1/download/61b1d1aa011a65b7b3ec5a0c6dc44657cc6270c05f6b55168382324bedcc111f/,urlhaus-api.abuse.ch,,elf,Mirai,,2026-10-02 06:23:08
ffb9d0a4146c77b33d0d0286263e1a9af7c04b4bb734283786d0e16042ff6df0,f35a717c2b079484643bfffde8eef507,https://urlhaus-api.abuse.ch/v1/download/ffb9d0a4146c77b33d0d0286263e1a9af7c04b4bb734283786d0e16042ff6df0/,urlhaus-api.abuse.ch,,html,,,2026-10-02 06:23:02
337447797bfe40836a09c6575f82ea6cd897e901c860a289811718524f442f7a,30e7a11ee6f9bea1eb6aed07bb71baaa,https://urlhaus-api.abuse.ch/v1/download/337447797bfe40836a09c6575f82ea6cd897e901c860a289811718524f442f7a/,urlhaus-api.abuse.ch,,unknown,,,2026-10-02 06:22:21
76e1b19956be0eb7268c0c218b7f1af8a74e02699158f70cea0b9d555adc08dc,26cf37e8025ad3653e25e5bfe959380e,https://urlhaus-api.abuse.ch/v1/download/76e1b19956be0eb7268c0c218b7f1af8a74e02699158f70cea0b9d555adc08dc/,urlhaus-api.abuse.ch,,ps1,,,2026-10-02 06:20:29
f64becfce4d9ef3c9f16f8a95ac505c3447dae8c5566aa50fb04240cf1a710ba,a9fcc9348c8e44e08abe65a60afe9078,https://urlhaus-api.abuse.ch/v1/download/f64becfce4d9ef3c9f16f8a95ac505c3447dae8c5566aa50fb04240cf1a710ba/,urlhaus-api.abuse.ch,,html,,,2026-10-02 06:19:35
12013662c71da69de977c04cd7021f13a70cf7bed4ca6c82acbc100464d4b0ef,eec5c6c219535fba3a0492ea8118b397,https://urlhaus-api.abuse.ch/v1/download/12013662c71da69de977c04cd7021f13a70cf7bed4ca6c82acbc100464d4b0ef/,urlhaus-api.abuse.ch,,elf,Mirai,,2026-10-02 06:19:03
929435f651b5533105074b79d2464afab804b509d289a6a2aeaefb1a9c873427,83293ca9415adfac0b787558f8a11d4e,https://urlhaus-api.abuse.ch/v1/download/929435f651b5533105074b79d2464afab804b509d289a6a2aeaefb1a9c873427/,urlhaus-api.abuse.ch,,exe,,,2026-10-02 06:18:42
9c0fba7bb6f558778aba36704dffa57e6431c1817d0f7f12c5ba2ab15a5ed31c,dcd4ffb72ae3c06178d65cd3e80a0f73,https://urlhaus-api.abuse.ch/v1/download/9c0fba7bb6f558778aba36704dffa57e6431c1817d0f7f12c5ba2ab15a5ed31c/,urlhaus-api.abuse.ch,,html,,,2026-10-02 06:18:33
37b7fd483e043446efabb24d742e6f83abdee57202d60ba71a5195cac9fbc9e9,f04d7643889c84108fcc9b37dd93c278,https://urlhaus-api.abuse.ch/v1/download/37b7fd483e043446efabb24d742e6f83abdee57202d60ba71a5195cac9fbc9e9/,urlhaus-api.abuse.ch,,html,,,2026-10-02 06:17:18
12013662c71da69de977c04cd7021f13a70cf7bed4ca6c82acbc100464d4b0ef,eec5c6c219535fba3a0492ea8118b397,https://urlhaus-api.abuse.ch/v1/download/12013662c71da69de977c04cd7021f13a70cf7bed4ca6c82acbc100464d4b0ef/,urlhaus-api.abuse.ch,,elf,Mirai,,2026-10-02 06:17:12
337447797bfe40836a09c6575f82ea6cd897e901c860a289811718524f442f7a,30e7a11ee6f9bea1eb6aed07bb71baaa,https://urlhaus-api.abuse.ch/v1/download/337447797bfe40836a09c6575f82ea6cd897e901c860a289811718524f442f7a/,urlhaus-api.abuse.ch,,unknown,,,2026-10-02 06:16:24
12013662c71da69de977c04cd7021f13a70cf7bed4ca6c82acbc100464d4b0ef,eec5c6c219535fba3a0492ea8118b397,https://urlhaus-api.abuse.ch/v1/download/12013662c71da69de977c04cd7021f13a70cf7bed4ca6c82acbc100464d4b0ef/,urlhaus-api.abuse.ch,,elf,Mirai,,2026-10-02 06:16:21
126725d4d95a3c61ceb2a98e013eba9984c5ba509701a8632395850d6e6fbd2a,b2faace0d9a210448752a501ca57feff,https://urlhaus-api.abuse.ch/v1/download/126725d4d95a3c61ceb2a98e013eba9984c5ba509701a8632395850d6e6fbd2a/,urlhaus-api.abuse.ch,,exe,,,2026-10-02 06:14:52
44a46c33a5fbc43083e0d9eec4846b3abbcb9f818eb8ebba6671bc790c181be7,abe9d1be4ff3f04f6f66708661f4ea5a,https://urlhaus-api.abuse.ch/v1/download/44a46c33a5fbc43083e0d9eec4846b3abbcb9f818eb8ebba6671bc790c181be7/,urlhaus-api.abuse.ch,,html,,,2026-10-02 06:14:32
cda64b0ef0b0879b6f198745943021011b80e45e50a33f16799244fcb7c0d452,a5c5ce2fd41d07bbdf7f044e3f5abce2,https://urlhaus-api.abuse.ch/v1/download/cda64b0ef0b0879b6f198745943021011b80e45e50a33f16799244fcb7c0d452/,urlhaus-api.abuse.ch,,html,,,2026-10-02 06:13:47
31312ad6a1fc7b87e693c06111b22e5b131e2e3ad3a5b990686208188c2734c5,a82167b59b91331dea5e5780757f3c31,https://urlhaus-api.abuse.ch/v1/download/31312ad6a1fc7b87e693c06111b22e5b131e2e3ad3a5b990686208188c2734c5/,urlhaus-api.abuse.ch,,html,,,2026-10-02 06:13:44
ce2980e64b37db92a2811a59373ef75a500d7814ac08e19de2385662deefa8a3,59ad01a99f276e39cb127e7e661b551c,https://urlhaus-api.abuse.ch/v1/download/ce2980e64b37db92a2811a59373ef75a500d7814ac08e19de2385662deefa8a3/,urlhaus-api.abuse.ch,,elf,Mirai,,2026-10-02 06:10:39
0c98f9f2368011444b2fbb602ffef2586596739d475588bec500a81b8a3783de,499366acd3cfdef8eaacef48016e7e91,https://urlhaus-api.abuse.ch/v1/download/0c98f9f2368011444b2fbb602ffef2586596739d475588bec500a81b8a3783de/,urlhaus-api.abuse.ch,,js,,,2026-10-02 06:09:40
64612c2be1a21a1db2fe21c5379229fe880282eb45da8f77d278fea4de475e5e,a5ac7bb1c103433baf866ba66bb1eacf,https://urlhaus-api.abuse.ch/v1/download/64612c2be1a21a1db2fe21c5379229fe880282eb45da8f77d278fea4de475e5e/,urlhaus-api.abuse.ch,,html,,,2026-10-02 06:07:50
9aeffe941d71ce00f3f37a71a538abec2f9551544b5e8cd4586cccbaea7f8cf5,9f16237324c61375aca254235f9527c7,https://urlhaus-api.abuse.ch/v1/download/9aeffe941d71ce00f3f37a71a538abec2f9551544b5e8cd4586cccbaea7f8cf5/,urlhaus-api.abuse.ch,,html,,,2026-10-02 06:06:33
65130c9a93df32945eafac0e8dd1f8d2e981bce47ee64a4f544ce928ba8c943d,cd45245be9bdac75a8dd6c82d437ad38,https://urlhaus-api.abuse.ch/v1/download/65130c9a93df32945eafac0e8dd1f8d2e981bce47ee64a4f544ce928ba8c943d/,urlhaus-api.abuse.ch,,html,,,2026-10-02 06:02:40
f6c97b1e2ed02578ca1066c8235ba4f991e645f89012406c639dbccc6582eec8,3849f30b51a5c49e8d1546960cc206c7,https://urlhaus-api.abuse.ch/v1/download/f6c97b1e2ed02578ca1066c8235ba4f991e645f89012406c639dbccc6582eec8/,urlhaus-api.abuse.ch,,elf,,,2026-10-02 06:02:15
4293c1d8574dc87c58360d6bac3daa182f64f7785c9d41da5e0741d2b1817fc7,59ce0baba11893f90527fc951ac69912,https://urlhaus-api.abuse.ch/v1/download/4293c1d8574dc87c58360d6bac3daa182f64f7785c9d41da5e0741d2b1817fc7/,urlhaus-api.abuse.ch,,elf,Mozi,,2026-10-02 06:02:13
f6c97b1e2ed02578ca1066c8235ba4f991e645f89012406c639dbccc6582eec8,3849f30b51a5c49e8d1546960cc206c7,https://urlhaus-api.abuse.ch/v1/download/f6c97b1e2ed02578ca1066c8235ba4f991e645f89012406c639dbccc6582eec8/,urlhaus-api.abuse.ch,,elf,,,2026-10-02 06:02:12
4293c1d8574dc87c58360d6bac3daa182f64f7785c9d41da5e0741d2b1817fc7,59ce0baba11893f90527fc951ac69912,https://urlhaus-api.abuse.ch/v1/download/4293c1d8574dc87c58360d6bac3daa182f64f7785c9d41da5e0741d2b1817fc7/,urlhaus-api.abuse.ch,,elf,Mozi,,2026-10-02 06:02:12
21c2dd799901c5b9d3d60d8a47fcf9ed663cd05c6c41182458356f2732515482,5cfbbfc4a28b9af9e8e7243f1ad38df1,https://urlhaus-api.abuse.ch/v1/download/21c2dd799901c5b9d3d60d8a47fcf9ed663cd05c6c41182458356f2732515482/,urlhaus-api.abuse.ch,,exe,,,2026-10-02 05:57:15
530b429e71752254095db8dde25806ed028aa727d7ed5e4bb15240e444182ec3,b016bdcb43b181723c70eaabe8de8c79,https://urlhaus-api.abuse.ch/v1/download/530b429e71752254095db8dde25806ed028aa727d7ed5e4bb15240e444182ec3/,urlhaus-api.abuse.ch,,unknown,,,2026-10-02 05:56:48
8fb412be3423e0528021cc371cf1b8111723d1435e228c4620f5c4cea157c66f,5270c0e5721bcd2225a95e7fb3fa06c3,https://urlhaus-api.abuse.ch/v1/download/8fb412be3423e0528021cc371cf1b8111723d1435e228c4620f5c4cea157c66f/,urlhaus-api.abuse.ch,,html,,,2026-10-02 05:56:22
1ac3aa36900230f3d26a0e2813d11e167fbef064a2db0ea31d30767afdf593e4,1d83c9066e5d0a4edb636230d6657310,https://urlhaus-api.abuse.ch/v1/download/1ac3aa36900230f3d26a0e2813d11e167fbef064a2db0ea31d30767afdf593e4/,urlhaus-api.abuse.ch,,elf,Mirai,,2026-10-02 05:55:23
cb886fff8d4c970accbf20dcecb7223b360c499ed3bc33beac2052fac4cafd08,317fee0b60804bddd4ac12551fdbccd1,https://urlhaus-api.abuse.ch/v1/download/cb886fff8d4c970accbf20dcecb7223b360c499ed3bc33beac2052fac4cafd08/,urlhaus-api.abuse.ch,,elf,Mirai,,2026-10-02 05:55:23
19c0c0030fb4eb6382c62b6afe425ddbd099ae910298b728a3d0605f6ad1da2e,564e8d785f1b9caeb3292740b16eea56,https://urlhaus-api.abuse.ch/v1/download/19c0c0030fb4eb6382c62b6afe425ddbd099ae910298b728a3d0605f6ad1da2e/,urlhaus-api.abuse.ch,,elf,Mirai,,2026-10-02 05:55:23
0d252fb2c62000c2ad5ab47537ce0a13506a8803d71f59ea4cfab8ff1f5b1019,b815f83b42549083c3140e717328e65d,https://urlhaus-api.abuse.ch/v1/download/0d252fb2c62000c2ad5ab47537ce0a13506a8803d71f59ea4cfab8ff1f5b1019/,urlhaus-api.abuse.ch,,elf,Mirai,,2026-10-02 05:55:23
16e2b344cb2224cc1eeeeb6ee6efc61bbf9699d7ed5bd575097f180d36b98bc5,ccb94a9be3a612acf620ae06580eddfc,https://urlhaus-api.abuse.ch/v1/download/16e2b344cb2224cc1eeeeb6ee6efc61bbf9699d7ed5bd575097f180d36b98bc5/,urlhaus-api.abuse.ch,,elf,Mirai,,2026-10-02 05:55:23
fb52545818f13c788a988e0ae49387837a5eb104edec57256ad6b461f28ae607,d9080d809dc466b76eb54a60bdc17a90,https://urlhaus-api.abuse.ch/v1/download/fb52545818f13c788a988e0ae49387837a5eb104edec57256ad6b461f28ae607/,urlhaus-api.abuse.ch,,elf,Mirai,,2026-10-02 05:55:23
b1b90ea67022085851b9fbffef6c2d544b283fe99b8c1f5d517e827b751be100,ff908cba537bd2cf625cbc48621c64a1,https://urlhaus-api.abuse.ch/v1/download/b1b90ea67022085851b9fbffef6c2d544b283fe99b8c1f5d517e827b751be100/,urlhaus-api.abuse.ch,,elf,Mirai,,2026-10-02 05:55:23
1eb28f0d48687a14ed908a4008210b7d81786c49d7e70c07f218c4aa27ac07b4,05b9346b5f0e90ed922933b0f961235b,https://urlhaus-api.abuse.ch/v1/download/1eb28f0d48687a14ed908a4008210b7d81786c49d7e70c07f218c4aa27ac07b4/,urlhaus-api.abuse.ch,,elf,Mirai,,2026-10-02 05:55:22
2794c80ea4ff3b2daebbb3e9d7fb73d837fdf344567b2b9a3feb2fe0533e700e,00c41a813253e7a90543d87849ae09b2,https://urlhaus-api.abuse.ch/v1/download/2794c80ea4ff3b2daebbb3e9d7fb73d837fdf344567b2b9a3feb2fe0533e700e/,urlhaus-api.abuse.ch,,elf,Mirai,,2026-10-02 05:55:20
b1388233523510eae23c6c81850bb017a03a9f4c9d8bd490b6530f9d786da33f,70badd968eb9b9176efe862b1982a88e,https://urlhaus-api.abuse.ch/v1/download/b1388233523510eae23c6c81850bb017a03a9f4c9d8bd490b6530f9d786da33f/,urlhaus-api.abuse.ch,,js,,,2026-10-02 05:55:08
1839bec5256693dffe0f469bda9159dd0f60196f5039e1ab181772165ce78ce8,1ef471ac3778cb19aee73128b40b0637,https://urlhaus-api.abuse.ch/v1/download/1839bec5256693dffe0f469bda9159dd0f60196f5039e1ab181772165ce78ce8/,urlhaus-api.abuse.ch,,html,,,2026-10-02 05:54:38
9c142864f93812aca8d6cff12913f7fccaaae8a24c7d62e3dba8b8ad59d66979,87965e6f1220ec47bfa751e8a53153e7,https://urlhaus-api.abuse.ch/v1/download/9c142864f93812aca8d6cff12913f7fccaaae8a24c7d62e3dba8b8ad59d66979/,urlhaus-api.abuse.ch,,html,,,2026-10-02 05:54:01
f1fbc28dde9a0e4f4f7024267d3df84401f339d4d7d43e2b23cbd275ecbce450,ac6965165806dc70a6b48019d7c73d3a,https://urlhaus-api.abuse.ch/v1/download/f1fbc28dde9a0e4f4f7024267d3df84401f339d4d7d43e2b23cbd275ecbce450/,urlhaus-api.abuse.ch,,elf,Mirai,,2026-10-02 05:53:54
6fd69a5f763ae4f14fa8aa59bf5fcc6432a718adaba3692b8d9642440c01f099,bde71ac8d1c01fe3a1de3beaea717f60,https://urlhaus-api.abuse.ch/v1/download/6fd69a5f763ae4f14fa8aa59bf5fcc6432a718adaba3692b8d9642440c01f099/,urlhaus-api.abuse.ch,,html,,,2026-10-02 05:53:53
694a4d382370aea3484389002c6c8ae0867c2a38c8c4d6cfa92251723aaf7519,eddaa48187a725c35f39186609595b88,https://urlhaus-api.abuse.ch/v1/download/694a4d382370aea3484389002c6c8ae0867c2a38c8c4d6cfa92251723aaf7519/,urlhaus-api.abuse.ch,,html,,,2026-10-02 05:53:25
41c817a5e784fb21a0989db7f67d36f8c9ed352cb73d3f8a16905027fe400771,b475e28d5d3a676b38514f70b5e83f35,https://urlhaus-api.abuse.ch/v1/download/41c817a5e784fb21a0989db7f67d36f8c9ed352cb73d3f8a16905027fe400771/,urlhaus-api.abuse.ch,,html,,,2026-10-02 05:52:32
6d3c81052df17cdef1a7fa0f8f665b843064eee995a164d14d8d444f2e833fe8,3e4c1b1f2205eafd942a5d275af449b5,https://urlhaus-api.abuse.ch/v1/download/6d3c81052df17cdef1a7fa0f8f665b843064eee995a164d14d8d444f2e833fe8/,urlhaus-api.abuse.ch,,js,,,2026-10-02 05:52:25
09522a1cbecd52a7ec4d809f72cb91a8dbe46545fa93a867e2137da9602695d5,faa10f1aaa949713a7fb814bcf422ec4,https://urlhaus-api.abuse.ch/v1/download/09522a1cbecd52a7ec4d809f72cb91a8dbe46545fa93a867e2137da9602695d5/,urlhaus-api.abuse.ch,,js,,,2026-10-02 05:51:42
f108bec58f1e61d89a6fda415ff895bff1788daf42ba8733db5bd67981652d4a,ebfcbccbd6d423a3e20238610b6eb77a,https://urlhaus-api.abuse.ch/v1/download/f108bec58f1e61d89a6fda415ff895bff1788daf42ba8733db5bd67981652d4a/,urlhaus-api.abuse.ch,,elf,Mirai,,2026-10-02 05:50:21
d5a812efe648c9983711f748839e30e36960b13626d1d14794f530036064573b,0a4ed1ef6ca06db3b10b31d10524f684,https://urlhaus-api.abuse.ch/v1/download/d5a812efe648c9983711f748839e30e36960b13626d1d14794f530036064573b/,urlhaus-api.abuse.ch,,exe,CoinMiner,,2026-10-02 05:49:58
0b20af75dc660cf5d8fe0e436fd8e2eab0b4ca42d9e42da3523bf0ae95487877,36cbd2675a7f7f43297e5bfe8b238301,https://urlhaus-api.abuse.ch/v1/download/0b20af75dc660cf5d8fe0e436fd8e2eab0b4ca42d9e42da3523bf0ae95487877/,urlhaus-api.abuse.ch,,html,,,2026-10-02 05:48:01
e053e5479ce6fb80576d3690a3a7945cd1dc87788b4d465a0e779bf95be8654a,1c131403b77ab4042cccbd88cf069ea4,https://urlhaus-api.abuse.ch/v1/download/e053e5479ce6fb80576d3690a3a7945cd1dc87788b4d465a0e779bf95be8654a/,urlhaus-api.abuse.ch,,html,,,2026-10-02 05:47:40
a154463094123f9abee1203b2b34dbed4802de76ad072745f8b77a83e789cdcf,0e5890687b16abd1f2bd1265399f2242,https://urlhaus-api.abuse.ch/v1/download/a154463094123f9abee1203b2b34dbed4802de76ad072745f8b77a83e789cdcf/,urlhaus-api.abuse.ch,,html,,,2026-10-02 05:47:26
8828c5ce79bd4e9afe1bf28794c061c768d4a51e6271a9625daf5551f81f1abf,6ab43fcf925b964cbad4f229fa09c836,https://urlhaus-api.abuse.ch/v1/download/8828c5ce79bd4e9afe1bf28794c061c768d4a51e6271a9625daf5551f81f1abf/,urlhaus-api.abuse.ch,,exe,,,2026-10-02 05:47:18
66720bf84031907edba425dbbb2a2940e8a465c30586c45822822e9a966a657a,4c616aebf422c52eb72ce18be1a85ea3,https://urlhaus-api.abuse.ch/v1/download/66720bf84031907edba425dbbb2a2940e8a465c30586c45822822e9a966a657a/,urlhaus-api.abuse.ch,,html,,,2026-10-02 05:47:12
4293c1d8574dc87c58360d6bac3daa182f64f7785c9d41da5e0741d2b1817fc7,59ce0baba11893f90527fc951ac69912,https://urlhaus-api.abuse.ch/v1/download/4293c1d8574dc87c58360d6bac3daa182f64f7785c9d41da5e0741d2b1817fc7/,urlhaus-api.abuse.ch,,elf,Mozi,,2026-10-02 05:47:11
12013662c71da69de977c04cd7021f13a70cf7bed4ca6c82acbc100464d4b0ef,eec5c6c219535fba3a0492ea8118b397,https://urlhaus-api.abuse.ch/v1/download/12013662c71da69de977c04cd7021f13a70cf7bed4ca6c82acbc100464d4b0ef/,urlhaus-api.abuse.ch,,elf,Mirai,,2026-10-02 05:47:11
b0677fde2e59fc99cd48de1223645e791aaf38577d33a4a7cf34a30562a2d00c,e1ae52ee5e3dd46365a2cb386fb08cb9,https://urlhaus-api.abuse.ch/v1/download/b0677fde2e59fc99cd48de1223645e791aaf38577d33a4a7cf34a30562a2d00c/,urlhaus-api.abuse.ch,,elf,Mirai,,2026-10-02 05:46:51
12013662c71da69de977c04cd7021f13a70cf7bed4ca6c82acbc100464d4b0ef,eec5c6c219535fba3a0492ea8118b397,https://urlhaus-api.abuse.ch/v1/download/12013662c71da69de977c04cd7021f13a70cf7bed4ca6c82acbc100464d4b0ef/,urlhaus-api.abuse.ch,,elf,Mirai,,2026-10-02 05:46:17
633e66adc023114eb4663a0454dbbeebf0c4edb0acd9bff06bd5818d5e0c5fe4,3b4b75ed9c02f0c63d10572ba595c965,https://urlhaus-api.abuse.ch/v1/download/633e66adc023114eb4663a0454dbbeebf0c4edb0acd9bff06bd5818d5e0c5fe4/,urlhaus-api.abuse.ch,,html,,,2026-10-02 05:44:59
3b678493cd435db3b8b827fe073a88f01e7a431ad7724e923491fb3906b893be,517fbbffa3f171599f069771111ae53a,https://urlhaus-api.abuse.ch/v1/download/3b678493cd435db3b8b827fe073a88f01e7a431ad7724e923491fb3906b893be/,urlhaus-api.abuse.ch,,html,,,2026-10-02 05:43:58
ab2d265ebc26207ab8dbd7341d11e314b371665b742b7fbee0c29a0b2d0da112,6e783d24260a856a057b93f6e4f0fcdc,https://urlhaus-api.abuse.ch/v1/download/ab2d265ebc26207ab8dbd7341d11e314b371665b742b7fbee0c29a0b2d0da112/,urlhaus-api.abuse.ch,,elf,Mirai,,2026-10-02 05:43:57
f5c2c7eb35fd923b63c59b17fc920b7344ebf2e61a9ff28fa68b167009b1757b,7f9679b8a7944bbb4cc6cc7f45248d11,https://urlhaus-api.abuse.ch/v1/download/f5c2c7eb35fd923b63c59b17fc920b7344ebf2e61a9ff28fa68b167009b1757b/,urlhaus-api.abuse.ch,,html,,,2026-10-02 05:43:10
9b5b11f75098b0e205c622340f87078331f985dcbd0673a31ea66b43e2936724,f1b01a3cd8775b8d87be171c42f5f149,https://urlhaus-api.abuse.ch/v1/download/9b5b11f75098b0e205c622340f87078331f985dcbd0673a31ea66b43e2936724/,urlhaus-api.abuse.ch,,html,,,2026-10-02 05:42:34
4266922a72e1db85c01f1f802e6ffa021e65d77aed703bbff235e26d27e52f2d,ade992658617147bbd7b6e791e5db146,https://urlhaus-api.abuse.ch/v1/download/4266922a72e1db85c01f1f802e6ffa021e65d77aed703bbff235e26d27e52f2d/,urlhaus-api.abuse.ch,,exe,CoinMiner,,2026-10-02 05:41:41
581490aac5dd468ebb668f96918748de73411c139799d9c83cac6b1aa848d620,afe11a0f1e122dfcaaaf7c04778df9cf,https://urlhaus-api.abuse.ch/v1/download/581490aac5dd468ebb668f96918748de73411c139799d9c83cac6b1aa848d620/,urlhaus-api.abuse.ch,,txt,,,2026-10-02 05:41:34
8a1ec77a2e4d11019ed4a64ce55a125f582d6137a31f2d933d463f059fedc833,d293fc2ff60c5d9e397ec333a84f31a1,https://urlhaus-api.abuse.ch/v1/download/8a1ec77a2e4d11019ed4a64ce55a125f582d6137a31f2d933d463f059fedc833/,urlhaus-api.abuse.ch,,js,,,2026-10-02 05:40:57
4293c1d8574dc87c58360d6bac3daa182f64f7785c9d41da5e0741d2b1817fc7,59ce0baba11893f90527fc951ac69912,https://urlhaus-api.abuse.ch/v1/download/4293c1d8574dc87c58360d6bac3daa182f64f7785c9d41da5e0741d2b1817fc7/,urlhaus-api.abuse.ch,,elf,Mozi,,2026-10-02 05:38:38
3ea774e13b6b86c0d3424bddbf07aed924065f0a7b6e49cd1246210dc62cc9ab,a1d4c12ceb6add04e38349597c191b1a,https://urlhaus-api.abuse.ch/v1/download/3ea774e13b6b86c0d3424bddbf07aed924065f0a7b6e49cd1246210dc62cc9ab/,urlhaus-api.abuse.ch,,html,,,2026-10-02 05:37:28
6ed042d86dac44f704212ef9c846f7f65b8cec9988addac9f6edd17250be1fc5,6dbf499dbf379c5eb18d158ea1785a0e,https://urlhaus-api.abuse.ch/v1/download/6ed042d86dac44f704212ef9c846f7f65b8cec9988addac9f6edd17250be1fc5/,urlhaus-api.abuse.ch,,elf,,,2026-10-02 05:37:11
5dc72caee78f7534a65d77d3f6adfc932d3492deb6baa0f6c433037a1dc13c66,d9318eb4ee7ff31fac752fb331309d29,https://urlhaus-api.abuse.ch/v1/download/5dc72caee78f7534a65d77d3f6adfc932d3492deb6baa0f6c433037a1dc13c66/,urlhaus-api.abuse.ch,,html,,,2026-10-02 05:36:36
6b7a8c9f662acb6122b6c74fc3c004b1bebcee1a8302e64523b2a2d2a594d916,9d9cd0a2929c9f9e12a1f8e576b49be4,https://urlhaus-api.abuse.ch/v1/download/6b7a8c9f662acb6122b6c74fc3c004b1bebcee1a8302e64523b2a2d2a594d916/,urlhaus-api.abuse.ch,,elf,Mirai,,2026-10-02 05:36:20
aac3718aa3d42cad73ab02072f95a97f42707e5e90aad9bd89bcd9ab3553c872,d41e2e23307d7ed70dfcbe6ee139200d,https://urlhaus-api.abuse.ch/v1/download/aac3718aa3d42cad73ab02072f95a97f42707e5e90aad9bd89bcd9ab3553c872/,urlhaus-api.abuse.ch,,exe,CoinMiner,,2026-10-02 05:33:53
f6c97b1e2ed02578ca1066c8235ba4f991e645f89012406c639dbccc6582eec8,3849f30b51a5c49e8d1546960cc206c7,https://urlhaus-api.abuse.ch/v1/download/f6c97b1e2ed02578ca1066c8235ba4f991e645f89012406c639dbccc6582eec8/,urlhaus-api.abuse.ch,,elf,,,2026-10-02 05:32:12
4293c1d8574dc87c58360d6bac3daa182f64f7785c9d41da5e0741d2b1817fc7,59ce0baba11893f90527fc951ac69912,https://urlhaus-api.abuse.ch/v1/download/4293c1d8574dc87c58360d6bac3daa182f64f7785c9d41da5e0741d2b1817fc7/,urlhaus-api.abuse.ch,,elf,Mozi,,2026-10-02 05:32:12
12013662c71da69de977c04cd7021f13a70cf7bed4ca6c82acbc100464d4b0ef,eec5c6c219535fba3a0492ea8118b397,https://urlhaus-api.abuse.ch/v1/download/12013662c71da69de977c04cd7021f13a70cf7bed4ca6c82acbc100464d4b0ef/,urlhaus-api.abuse.ch,,elf,Mirai,,2026-10-02 05:32:12
0ce41eff10df4bf7d5ef8e366114230e66e6aa90007860ee1368784261bbc42b,fa62016e17e9b00bb61407409b27ea6b,https://urlhaus-api.abuse.ch/v1/download/0ce41eff10df4bf7d5ef8e366114230e66e6aa90007860ee1368784261bbc42b/,urlhaus-api.abuse.ch,,exe,ConnectWise,,2026-10-02 05:28:28
d92869b993b5b73e0f04527709acfd248642c350f89882455f100ac4a3b06dcd,b1c7deaa6468006c9c66712839a64694,https://urlhaus-api.abuse.ch/v1/download/d92869b993b5b73e0f04527709acfd248642c350f89882455f100ac4a3b06dcd/,urlhaus-api.abuse.ch,,html,,,2026-10-02 05:26:22
49981ba96efcc7243165a2873d64cfe7ec69f3fcebae4e63791076e2efcf569d,152cc64eaee4692732b94d7d3e41faf7,https://urlhaus-api.abuse.ch/v1/download/49981ba96efcc7243165a2873d64cfe7ec69f3fcebae4e63791076e2efcf569d/,urlhaus-api.abuse.ch,,html,,,2026-10-02 05:22:33
ce86e0660eed335f1ac33b2e5fda16e01d3d7eb4766b92cbf7ea8805528cdcb1,60514d475a91b78aac07545a67855482,https://urlhaus-api.abuse.ch/v1/download/ce86e0660eed335f1ac33b2e5fda16e01d3d7eb4766b92cbf7ea8805528cdcb1/,urlhaus-api.abuse.ch,,html,,,2026-10-02 05:21:58
5d6be1edc39a20e14c6b363b7c37e8858354bddc322ff4fd638ceeef40b42213,e2900135ec2a8d12b91b6f1331f741a3,https://urlhaus-api.abuse.ch/v1/download/5d6be1edc39a20e14c6b363b7c37e8858354bddc322ff4fd638ceeef40b42213/,urlhaus-api.abuse.ch,,html,,,2026-10-02 05:21:48
c423662faba910f138f6cafae37eec02dd9546b0cdb7a583170ccfe99e0b83d3,604cd1c48546fc8ed37d956a3cf37180,https://urlhaus-api.abuse.ch/v1/download/c423662faba910f138f6cafae37eec02dd9546b0cdb7a583170ccfe99e0b83d3/,urlhaus-api.abuse.ch,,exe,,,2026-10-02 05:21:21
f6b1165c7775656e2d84331573270d4028f513f287458ec880bf9dfe88eb8019,f8fe9b29795323930c71d014479156e8,https://urlhaus-api.abuse.ch/v1/download/f6b1165c7775656e2d84331573270d4028f513f287458ec880bf9dfe88eb8019/,urlhaus-api.abuse.ch,,js,,,2026-10-02 05:21:21
46aab9b362ea4cc8b0fdf30f9cfd05134024e45e8d759892a90ba0e0644eeba6,dcc14fd63132708c536ac0b1c7646b51,https://urlhaus-api.abuse.ch/v1/download/46aab9b362ea4cc8b0fdf30f9cfd05134024e45e8d759892a90ba0e0644eeba6/,urlhaus-api.abuse.ch,,exe,CoinMiner,,2026-10-02 05:18:44
f6c97b1e2ed02578ca1066c8235ba4f991e645f89012406c639dbccc6582eec8,3849f30b51a5c49e8d1546960cc206c7,https://urlhaus-api.abuse.ch/v1/download/f6c97b1e2ed02578ca1066c8235ba4f991e645f89012406c639dbccc6582eec8/,urlhaus-api.abuse.ch,,elf,,,2026-10-02 05:17:26
12013662c71da69de977c04cd7021f13a70cf7bed4ca6c82acbc100464d4b0ef,eec5c6c219535fba3a0492ea8118b397,https://urlhaus-api.abuse.ch/v1/download/12013662c71da69de977c04cd7021f13a70cf7bed4ca6c82acbc100464d4b0ef/,urlhaus-api.abuse.ch,,elf,Mirai,,2026-10-02 05:17:13
f6c97b1e2ed02578ca1066c8235ba4f991e645f89012406c639dbccc6582eec8,3849f30b51a5c49e8d1546960cc206c7,https://urlhaus-api.abuse.ch/v1/download/f6c97b1e2ed02578ca1066c8235ba4f991e645f89012406c639dbccc6582eec8/,urlhaus-api.abuse.ch,,elf,,,2026-10-02 05:17:12
4293c1d8574dc87c58360d6bac3daa182f64f7785c9d41da5e0741d2b1817fc7,59ce0baba11893f90527fc951ac69912,https://urlhaus-api.abuse.ch/v1/download/4293c1d8574dc87c58360d6bac3daa182f64f7785c9d41da5e0741d2b1817fc7/,urlhaus-api.abuse.ch,,elf,Mozi,,2026-10-02 05:17:12
53013ebe08ec1cc785f702a92e61de9fe8c72f61f87bd5091a0745c8db24cbf4,c9288377380007b0cc519140741ef0b0,https://urlhaus-api.abuse.ch/v1/download/53013ebe08ec1cc785f702a92e61de9fe8c72f61f87bd5091a0745c8db24cbf4/,urlhaus-api.abuse.ch,,json,,,2026-10-02 05:15:58
70d1e0f59e78c29bf3d3ec62f0d4c00aa438c2a1e7f44a28625c7a0062efa84b,d8732e526a7962d16ee1cb592af85be4,https://urlhaus-api.abuse.ch/v1/download/70d1e0f59e78c29bf3d3ec62f0d4c00aa438c2a1e7f44a28625c7a0062efa84b/,urlhaus-api.abuse.ch,,html,,,2026-10-02 05:15:00
6d027842baa4e59f182859bc606553c15ce037c2396082495f310a9f470dc352,50ae2ca6d1b4a0d8011a82a06f549fd1,https://urlhaus-api.abuse.ch/v1/download/6d027842baa4e59f182859bc606553c15ce037c2396082495f310a9f470dc352/,urlhaus-api.abuse.ch,,html,,,2026-10-02 05:14:58
ff5c4ed74241d77182b1112abf242fd4abbc3635a5c23afcac1bf00cb7742d03,e5172a7a920d2162e1428c67810b0e0e,https://urlhaus-api.abuse.ch/v1/download/ff5c4ed74241d77182b1112abf242fd4abbc3635a5c23afcac1bf00cb7742d03/,urlhaus-api.abuse.ch,,html,,,2026-10-02 05:14:52
edd6a87e109eabe0875d1baf1b512a2b597e925421fde85fd0f0e07dc74e39d7,584dfacf3c993948ce1a3ba8d5713d89,https://urlhaus-api.abuse.ch/v1/download/edd6a87e109eabe0875d1baf1b512a2b597e925421fde85fd0f0e07dc74e39d7/,urlhaus-api.abuse.ch,,html,,,2026-10-02 05:13:44
c488800e11eb318566a2c0ac551f1ed733f6c857d92858e5994422feb3590145,84a3254d04eea0ec6aee24e2171236fd,https://urlhaus-api.abuse.ch/v1/download/c488800e11eb318566a2c0ac551f1ed733f6c857d92858e5994422feb3590145/,urlhaus-api.abuse.ch,,html,,,2026-10-02 05:13:11
53013ebe08ec1cc785f702a92e61de9fe8c72f61f87bd5091a0745c8db24cbf4,c9288377380007b0cc519140741ef0b0,https://urlhaus-api.abuse.ch/v1/download/53013ebe08ec1cc785f702a92e61de9fe8c72f61f87bd5091a0745c8db24cbf4/,urlhaus-api.abuse.ch,,json,,,2026-10-02 05:10:28
f6c97b1e2ed02578ca1066c8235ba4f991e645f89012406c639dbccc6582eec8,3849f30b51a5c49e8d1546960cc206c7,https://urlhaus-api.abuse.ch/v1/download/f6c97b1e2ed02578ca1066c8235ba4f991e645f89012406c639dbccc6582eec8/,urlhaus-api.abuse.ch,,elf,,,2026-10-02 05:09:03
676db036991cea51e399dd75a53a8c332b7ee6bb375eae9210bae1dd3ca64b18,913a4512b41863227cab269ecbbcfaba,https://urlhaus-api.abuse.ch/v1/download/676db036991cea51e399dd75a53a8c332b7ee6bb375eae9210bae1dd3ca64b18/,urlhaus-api.abuse.ch,,html,,,2026-10-02 05:08:11
be63bf2f792cff7bd40d79f5ec4c3ec47adca4ef134d351935fd3f9143f219d5,5e945555cd6b7b3cf5da75a504c20af5,https://urlhaus-api.abuse.ch/v1/download/be63bf2f792cff7bd40d79f5ec4c3ec47adca4ef134d351935fd3f9143f219d5/,urlhaus-api.abuse.ch,,js,,,2026-10-02 05:08:07
ad0ca84e7e9768969004f0877d8c8f42269958fcef7d01197d76a9c0b2797f72,acb500aff1db3ffaf83d5b0988fd9a72,https://urlhaus-api.abuse.ch/v1/download/ad0ca84e7e9768969004f0877d8c8f42269958fcef7d01197d76a9c0b2797f72/,urlhaus-api.abuse.ch,,html,,,2026-10-02 05:07:35
08809c9882e4e1137b2827a7431aaad833278fa186687ab737f8575b14c5d5b5,bfeb5e703db2cd87ed54d0ea31a806c5,https://urlhaus-api.abuse.ch/v1/download/08809c9882e4e1137b2827a7431aaad833278fa186687ab737f8575b14c5d5b5/,urlhaus-api.abuse.ch,,elf,Mirai,,2026-10-02 05:06:49
e67ced623d47295ea9ae77b109af60d58b14c5de25797755331abc0aafe3712e,3ab51a794cd2c10666fe670c768d447c,https://urlhaus-api.abuse.ch/v1/download/e67ced623d47295ea9ae77b109af60d58b14c5de25797755331abc0aafe3712e/,urlhaus-api.abuse.ch,,elf,Mirai,,2026-10-02 05:06:25
8bbcae15724796d91b8ca41dbcbe683d80d485c4b7417f3d60045a55aee299d6,c3077fd6c90a4d65dd3e5da9d35bb30e,https://urlhaus-api.abuse.ch/v1/download/8bbcae15724796d91b8ca41dbcbe683d80d485c4b7417f3d60045a55aee299d6/,urlhaus-api.abuse.ch,,js,,,2026-10-02 05:05:52
53013ebe08ec1cc785f702a92e61de9fe8c72f61f87bd5091a0745c8db24cbf4,c9288377380007b0cc519140741ef0b0,https://urlhaus-api.abuse.ch/v1/download/53013ebe08ec1cc785f702a92e61de9fe8c72f61f87bd5091a0745c8db24cbf4/,urlhaus-api.abuse.ch,,json,,,2026-10-02 05:05:51
e76722bae0bc23b4e2573d280f3a46c9f7e593d9b676a4da54c2fb910b9b3828,603edeaec2e6638f633e83855b6e3e89,https://urlhaus-api.abuse.ch/v1/download/e76722bae0bc23b4e2573d280f3a46c9f7e593d9b676a4da54c2fb910b9b3828/,urlhaus-api.abuse.ch,,ps1,,,2026-10-02 05:04:26
decb22d8972e72bf7d9842bda2e0c3d31d7e2ea58e0955b4e9c584476864e17c,f10c79397f16137ec59d354ef9b863e0,https://urlhaus-api.abuse.ch/v1/download/decb22d8972e72bf7d9842bda2e0c3d31d7e2ea58e0955b4e9c584476864e17c/,urlhaus-api.abuse.ch,,html,,,2026-10-02 05:04:25
8b998e6da5ca480277b8d7596794cd4be73786a9872f1ae3cdbe3f4f3eedc5ac,98281f92c81f42a0899266100e6dbfa3,https://urlhaus-api.abuse.ch/v1/download/8b998e6da5ca480277b8d7596794cd4be73786a9872f1ae3cdbe3f4f3eedc5ac/,urlhaus-api.abuse.ch,,html,,,2026-10-02 05:02:30
4293c1d8574dc87c58360d6bac3daa182f64f7785c9d41da5e0741d2b1817fc7,59ce0baba11893f90527fc951ac69912,https://urlhaus-api.abuse.ch/v1/download/4293c1d8574dc87c58360d6bac3daa182f64f7785c9d41da5e0741d2b1817fc7/,urlhaus-api.abuse.ch,,elf,Mozi,,2026-10-02 05:02:10
e0a5e7dc88c6fc618cc0ec5630655a40fd19ce6231f2356a7850dfd044a9583d,d7d1f84acc831cdb7287443d75963c43,https://urlhaus-api.abuse.ch/v1/download/e0a5e7dc88c6fc618cc0ec5630655a40fd19ce6231f2356a7850dfd044a9583d/,urlhaus-api.abuse.ch,,html,,,2026-10-02 05:00:22
bbb388cca8b771e46946c9d1d2571b93efe98ba5f34ba2e20ec4a7302fbcf017,aa01a4e522e520bff8c92377a295b734,https://urlhaus-api.abuse.ch/v1/download/bbb388cca8b771e46946c9d1d2571b93efe98ba5f34ba2e20ec4a7302fbcf017/,urlhaus-api.abuse.ch,,html,,,2026-10-02 05:00:10
4293c1d8574dc87c58360d6bac3daa182f64f7785c9d41da5e0741d2b1817fc7,59ce0baba11893f90527fc951ac69912,https://urlhaus-api.abuse.ch/v1/download/4293c1d8574dc87c58360d6bac3daa182f64f7785c9d41da5e0741d2b1817fc7/,urlhaus-api.abuse.ch,,elf,Mozi,,2026-10-02 04:58:33
0e268a0350adc29582f57dc3d547da12fd249f0150c65d302955555745520757,9f673a8e91664ebe3a33d25501235c3f,https://urlhaus-api.abuse.ch/v1/download/0e268a0350adc29582f57dc3d547da12fd249f0150c65d302955555745520757/,urlhaus-api.abuse.ch,,html,,,2026-10-02 04:58:27
e7aeac7b5834cc74cc104dfb928a328c8182c0dd24d02ba43d2b831e9f63ec72,ac2d54c21f5d29e7c8c5f6185c5610f2,https://urlhaus-api.abuse.ch/v1/download/e7aeac7b5834cc74cc104dfb928a328c8182c0dd24d02ba43d2b831e9f63ec72/,urlhaus-api.abuse.ch,,elf,Mirai,,2026-10-02 04:58:10
9eca5f5eedc088cfd7246ea8efe8454459a0ae6a07ba288623eadb73209a8e3e,bdcfeae2acd499580389fe7e2781037d,https://urlhaus-api.abuse.ch/v1/download/9eca5f5eedc088cfd7246ea8efe8454459a0ae6a07ba288623eadb73209a8e3e/,urlhaus-api.abuse.ch,,html,,,2026-10-02 04:57:21
0172b8828b0b557945551ad1fa321807a09fec6270f4549649fb5edf26ce5b8d,726f036145149018afa009bf998e5a1e,https://urlhaus-api.abuse.ch/v1/download/0172b8828b0b557945551ad1fa321807a09fec6270f4549649fb5edf26ce5b8d/,urlhaus-api.abuse.ch,,html,,,2026-10-02 04:57:02
3246dc4702a432e1a4d27d8b22ca403e2a3dbc39e73bdac57995f39699ad0bba,b12309c04b9e7201776ef47e332f2a32,https://urlhaus-api.abuse.ch/v1/download/3246dc4702a432e1a4d27d8b22ca403e2a3dbc39e73bdac57995f39699ad0bba/,urlhaus-api.abuse.ch,,html,,,2026-10-02 04:56:47
145d9909332e9f59f00898989337e3990fb3d6bbd6ca41a047530be23295f522,29578c3d31549b4c8c3f8629681721f6,https://urlhaus-api.abuse.ch/v1/download/145d9909332e9f59f00898989337e3990fb3d6bbd6ca41a047530be23295f522/,urlhaus-api.abuse.ch,,exe,CoinMiner,,2026-10-02 04:56:37
adac18db271ccd5826d5103c22eddf10e2b513f6982cd923864e0943c2df3ae0,ce6d3b2c2d44023086bb8c92c5fa70c2,https://urlhaus-api.abuse.ch/v1/download/adac18db271ccd5826d5103c22eddf10e2b513f6982cd923864e0943c2df3ae0/,urlhaus-api.abuse.ch,,html,,,2026-10-02 04:56:01
26450379fc3d732a5bfd36de848d4a84a2a4510781a9895e0a67e7161b4010ca,06d67b609648a7cdf8d9e9afe63002fa,https://urlhaus-api.abuse.ch/v1/download/26450379fc3d732a5bfd36de848d4a84a2a4510781a9895e0a67e7161b4010ca/,urlhaus-api.abuse.ch,,html,,,2026-10-02 04:55:28
f6c97b1e2ed02578ca1066c8235ba4f991e645f89012406c639dbccc6582eec8,3849f30b51a5c49e8d1546960cc206c7,https://urlhaus-api.abuse.ch/v1/download/f6c97b1e2ed02578ca1066c8235ba4f991e645f89012406c639dbccc6582eec8/,urlhaus-api.abuse.ch,,elf,,,2026-10-02 04:55:20
d071038b398b8ab10b6212d4d075be29b475a3960ae0998519e072943699aa54,5428310984ee2d8f4888874d178c261f,https://urlhaus-api.abuse.ch/v1/download/d071038b398b8ab10b6212d4d075be29b475a3960ae0998519e072943699aa54/,urlhaus-api.abuse.ch,,html,,,2026-10-02 04:54:52
560ae20b60ce1b201b36cf0deeb7f19dbcb2ac20fc43dfe68cafdc97b5a3c4d1,a45dbee8e4c2c1e78760f77110063aec,https://urlhaus-api.abuse.ch/v1/download/560ae20b60ce1b201b36cf0deeb7f19dbcb2ac20fc43dfe68cafdc97b5a3c4d1/,urlhaus-api.abuse.ch,,html,,,2026-10-02 04:53:21
6713eedc768899e0e3a1ad096e242f17ad94b51760462459edf559c589a625db,d865fa8b0992b1b17da82b0efb919588,https://urlhaus-api.abuse.ch/v1/download/6713eedc768899e0e3a1ad096e242f17ad94b51760462459edf559c589a625db/,urlhaus-api.abuse.ch,,elf,Mirai,,2026-10-02 04:53:18
66e79af76eb4ea33e2f1c3dc38d1ab78eb3c8b38a4dc5153791d6facbf1e06fc,76c80a290bc5b974100c9201001902bc,https://urlhaus-api.abuse.ch/v1/download/66e79af76eb4ea33e2f1c3dc38d1ab78eb3c8b38a4dc5153791d6facbf1e06fc/,urlhaus-api.abuse.ch,,html,,,2026-10-02 04:52:21
06fffeea93435328949a102e15496f92e4dddb66cdb8a351d7efb31e0a0b5049,c26ef04b89f6917b9067f69c95f71e1c,https://urlhaus-api.abuse.ch/v1/download/06fffeea93435328949a102e15496f92e4dddb66cdb8a351d7efb31e0a0b5049/,urlhaus-api.abuse.ch,,elf,XorDDoS,,2026-10-02 04:52:15
7f697437aa5833ebc33549a36bf3133e67defaa6915551f2f18deed3cffee58e,95997ee9d85cdf66a09aa137679bdd6d,https://urlhaus-api.abuse.ch/v1/download/7f697437aa5833ebc33549a36bf3133e67defaa6915551f2f18deed3cffee58e/,urlhaus-api.abuse.ch,,html,,,2026-10-02 04:49:26
e562ba055757ad97572e8b87a29078a75bd1dff927094f869911b79bb2dfa82f,987f829a49b7fd11c5ba0ed19ce6a5e7,https://urlhaus-api.abuse.ch/v1/download/e562ba055757ad97572e8b87a29078a75bd1dff927094f869911b79bb2dfa82f/,urlhaus-api.abuse.ch,,exe,,,2026-10-02 04:48:54
a4f8bf1fa0bad4f956a293252a73056372077fe0df79f25bf2acf5e942873718,4ec0ff9996cca2d4e2ddc34bfb935351,https://urlhaus-api.abuse.ch/v1/download/a4f8bf1fa0bad4f956a293252a73056372077fe0df79f25bf2acf5e942873718/,urlhaus-api.abuse.ch,,html,,,2026-10-02 04:45:59
6321dcad2a2dea4d9b53596448a5882956bbe433a4e43585bf5bfb26b28c1336,e9a50cbb04a600ccab52991d3c6bda41,https://urlhaus-api.abuse.ch/v1/download/6321dcad2a2dea4d9b53596448a5882956bbe433a4e43585bf5bfb26b28c1336/,urlhaus-api.abuse.ch,,html,,,2026-10-02 04:45:52
6d469a9f85042983c838b11e7f88090ea231795fe414a97675771a065d081780,5ce59249e4aa23bf0c54c66e48b38978,https://urlhaus-api.abuse.ch/v1/download/6d469a9f85042983c838b11e7f88090ea231795fe414a97675771a065d081780/,urlhaus-api.abuse.ch,,ps1,,,2026-10-02 04:42:55
50cbf71fe9fde572199ba77f55562f0220a5042f21193e8075af2748d7a87702,d51a990a845a08fec66e01b813269c64,https://urlhaus-api.abuse.ch/v1/download/50cbf71fe9fde572199ba77f55562f0220a5042f21193e8075af2748d7a87702/,urlhaus-api.abuse.ch,,html,,,2026-10-02 04:42:30
373c7cf11c07aafa697cbe024dea3a7f743bbd3508bde484cc9fc26d815cd848,f995201baec3680ad516a5b53d29c26b,https://urlhaus-api.abuse.ch/v1/download/373c7cf11c07aafa697cbe024dea3a7f743bbd3508bde484cc9fc26d815cd848/,urlhaus-api.abuse.ch,,elf,Mirai,,2026-10-02 04:42:20
7a43621c89d0e2dcf72a264b0333abbab836659b2b991d380d16eea37566b808,8e5c25ddc987181b3b015c827cd8d59d,https://urlhaus-api.abuse.ch/v1/download/7a43621c89d0e2dcf72a264b0333abbab836659b2b991d380d16eea37566b808/,urlhaus-api.abuse.ch,,html,,,2026-10-02 04:42:08
8f2fd34e0d10e2edcbe7bac824b923392ed5882c5c0018294e0aa7dc542f8d5d,b52e23832547512614248d8c38dda60c,https://urlhaus-api.abuse.ch/v1/download/8f2fd34e0d10e2edcbe7bac824b923392ed5882c5c0018294e0aa7dc542f8d5d/,urlhaus-api.abuse.ch,,unknown,,,2026-10-02 04:42:07
5f0d5b0363dc2382a7b4796915b07a4e56787cb4107ce6d3ba7e4cc41e3c16c3,0bc770a651f6e1de79a0562752268cc0,https://urlhaus-api.abuse.ch/v1/download/5f0d5b0363dc2382a7b4796915b07a4e56787cb4107ce6d3ba7e4cc41e3c16c3/,urlhaus-api.abuse.ch,,html,,,2026-10-02 04:41:01
122e09deff12a1d3edb6f90ded4041076f9cd874bf39f1d6e05cf7983ab7eded,28da98553a4bcda62e14b33a7816aa2b,https://urlhaus-api.abuse.ch/v1/download/122e09deff12a1d3edb6f90ded4041076f9cd874bf39f1d6e05cf7983ab7eded/,urlhaus-api.abuse.ch,,unknown,,,2026-10-02 04:41:01
a2d937937e069a8c66b614b3b0f6055de6eaea7eead4ff5f81bd19f57fdf54dd,6bb4e38ad3401c9b95229566d3c6462d,https://urlhaus-api.abuse.ch/v1/download/a2d937937e069a8c66b614b3b0f6055de6eaea7eead4ff5f81bd19f57fdf54dd/,urlhaus-api.abuse.ch,,ps1,,,2026-10-02 04:40:35
3e459e1d7847fcfbeeacd338104cdeba85e92146d46beb1d1e544c8592410088,b56c42bf7191bb4a45c397b68849d517,https://urlhaus-api.abuse.ch/v1/download/3e459e1d7847fcfbeeacd338104cdeba85e92146d46beb1d1e544c8592410088/,urlhaus-api.abuse.ch,,elf,Mirai,,2026-10-02 04:40:35
b7a11bb93f230bb204e6c3717b26cb7f040a4ef44cbca60dd135c36ef2446455,9f7455fec8450a1ad11af2d051f53a33,https://urlhaus-api.abuse.ch/v1/download/b7a11bb93f230bb204e6c3717b26cb7f040a4ef44cbca60dd135c36ef2446455/,urlhaus-api.abuse.ch,,exe,,,2026-10-02 04:40:25
05b644f9c8f87057aeb24a64776600fe37547a65f052886e285222bdc5f0d90b,febf956d6246cf773f3c549856076882,https://urlhaus-api.abuse.ch/v1/download/05b644f9c8f87057aeb24a64776600fe37547a65f052886e285222bdc5f0d90b/,urlhaus-api.abuse.ch,,elf,,,2026-10-02 04:39:01
4293c1d8574dc87c58360d6bac3daa182f64f7785c9d41da5e0741d2b1817fc7,59ce0baba11893f90527fc951ac69912,https://urlhaus-api.abuse.ch/v1/download/4293c1d8574dc87c58360d6bac3daa182f64f7785c9d41da5e0741d2b1817fc7/,urlhaus-api.abuse.ch,,elf,Mozi,,2026-10-02 04:32:12
b5cf68c7cb5bb2d21d60bf6654926f61566d95bfd7c9f9e182d032f1da5b4605,a73ddd6ec22462db955439f665cad4e6,https://urlhaus-api.abuse.ch/v1/download/b5cf68c7cb5bb2d21d60bf6654926f61566d95bfd7c9f9e182d032f1da5b4605/,urlhaus-api.abuse.ch,,elf,,,2026-10-02 04:32:12
12013662c71da69de977c04cd7021f13a70cf7bed4ca6c82acbc100464d4b0ef,eec5c6c219535fba3a0492ea8118b397,https://urlhaus-api.abuse.ch/v1/download/12013662c71da69de977c04cd7021f13a70cf7bed4ca6c82acbc100464d4b0ef/,urlhaus-api.abuse.ch,,elf,Mirai,,2026-10-02 04:31:15
f6c97b1e2ed02578ca1066c8235ba4f991e645f89012406c639dbccc6582eec8,3849f30b51a5c49e8d1546960cc206c7,https://urlhaus-api.abuse.ch/v1/download/f6c97b1e2ed02578ca1066c8235ba4f991e645f89012406c639dbccc6582eec8/,urlhaus-api.abuse.ch,,elf,,,2026-10-02 04:31:13
b5cf68c7cb5bb2d21d60bf6654926f61566d95bfd7c9f9e182d032f1da5b4605,a73ddd6ec22462db955439f665cad4e6,https://urlhaus-api.abuse.ch/v1/download/b5cf68c7cb5bb2d21d60bf6654926f61566d95bfd7c9f9e182d032f1da5b4605/,urlhaus-api.abuse.ch,,elf,,,2026-10-02 04:31:13
12013662c71da69de977c04cd7021f13a70cf7bed4ca6c82acbc100464d4b0ef,eec5c6c219535fba3a0492ea8118b397,https://urlhaus-api.abuse.ch/v1/download/12013662c71da69de977c04cd7021f13a70cf7bed4ca6c82acbc100464d4b0ef/,urlhaus-api.abuse.ch,,elf,Mirai,,2026-10-02 04:31:13
e8163a3776848deaa44c82785b9955045b1b87fea43a75786255bbded38b8836,be67ee4b702a3c4b65c8d247707964c3,https://urlhaus-api.abuse.ch/v1/download/e8163a3776848deaa44c82785b9955045b1b87fea43a75786255bbded38b8836/,urlhaus-api.abuse.ch,,html,,,2026-10-02 04:20:43
4293c1d8574dc87c58360d6bac3daa182f64f7785c9d41da5e0741d2b1817fc7,59ce0baba11893f90527fc951ac69912,https://urlhaus-api.abuse.ch/v1/download/4293c1d8574dc87c58360d6bac3daa182f64f7785c9d41da5e0741d2b1817fc7/,urlhaus-api.abuse.ch,,elf,Mozi,,2026-10-02 04:17:12
b5cf68c7cb5bb2d21d60bf6654926f61566d95bfd7c9f9e182d032f1da5b4605,a73ddd6ec22462db955439f665cad4e6,https://urlhaus-api.abuse.ch/v1/download/b5cf68c7cb5bb2d21d60bf6654926f61566d95bfd7c9f9e182d032f1da5b4605/,urlhaus-api.abuse.ch,,elf,,,2026-10-02 04:17:12
12013662c71da69de977c04cd7021f13a70cf7bed4ca6c82acbc100464d4b0ef,eec5c6c219535fba3a0492ea8118b397,https://urlhaus-api.abuse.ch/v1/download/12013662c71da69de977c04cd7021f13a70cf7bed4ca6c82acbc100464d4b0ef/,urlhaus-api.abuse.ch,,elf,Mirai,,2026-10-02 04:02:11
4293c1d8574dc87c58360d6bac3daa182f64f7785c9d41da5e0741d2b1817fc7,59ce0baba11893f90527fc951ac69912,https://urlhaus-api.abuse.ch/v1/download/4293c1d8574dc87c58360d6bac3daa182f64f7785c9d41da5e0741d2b1817fc7/,urlhaus-api.abuse.ch,,elf,Mozi,,2026-10-02 04:02:09
12013662c71da69de977c04cd7021f13a70cf7bed4ca6c82acbc100464d4b0ef,eec5c6c219535fba3a0492ea8118b397,https://urlhaus-api.abuse.ch/v1/download/12013662c71da69de977c04cd7021f13a70cf7bed4ca6c82acbc100464d4b0ef/,urlhaus-api.abuse.ch,,elf,Mirai,,2026-10-02 04:02:09
f6c97b1e2ed02578ca1066c8235ba4f991e645f89012406c639dbccc6582eec8,3849f30b51a5c49e8d1546960cc206c7,https://urlhaus-api.abuse.ch/v1/download/f6c97b1e2ed02578ca1066c8235ba4f991e645f89012406c639dbccc6582eec8/,urlhaus-api.abuse.ch,,elf,,,2026-10-02 04:01:26
f6c97b1e2ed02578ca1066c8235ba4f991e645f89012406c639dbccc6582eec8,3849f30b51a5c49e8d1546960cc206c7,https://urlhaus-api.abuse.ch/v1/download/f6c97b1e2ed02578ca1066c8235ba4f991e645f89012406c639dbccc6582eec8/,urlhaus-api.abuse.ch,,elf,,,2026-10-02 03:47:11
4293c1d8574dc87c58360d6bac3daa182f64f7785c9d41da5e0741d2b1817fc7,59ce0baba11893f90527fc951ac69912,https://urlhaus-api.abuse.ch/v1/download/4293c1d8574dc87c58360d6bac3daa182f64f7785c9d41da5e0741d2b1817fc7/,urlhaus-api.abuse.ch,,elf,Mozi,,2026-10-02 03:47:11
12013662c71da69de977c04cd7021f13a70cf7bed4ca6c82acbc100464d4b0ef,eec5c6c219535fba3a0492ea8118b397,https://urlhaus-api.abuse.ch/v1/download/12013662c71da69de977c04cd7021f13a70cf7bed4ca6c82acbc100464d4b0ef/,urlhaus-api.abuse.ch,,elf,Mirai,,2026-10-02 03:47:11
ab2d265ebc26207ab8dbd7341d11e314b371665b742b7fbee0c29a0b2d0da112,6e783d24260a856a057b93f6e4f0fcdc,https://urlhaus-api.abuse.ch/v1/download/ab2d265ebc26207ab8dbd7341d11e314b371665b742b7fbee0c29a0b2d0da112/,urlhaus-api.abuse.ch,,elf,Mirai,,2026-10-02 03:36:10
f6c97b1e2ed02578ca1066c8235ba4f991e645f89012406c639dbccc6582eec8,3849f30b51a5c49e8d1546960cc206c7,https://urlhaus-api.abuse.ch/v1/download/f6c97b1e2ed02578ca1066c8235ba4f991e645f89012406c639dbccc6582eec8/,urlhaus-api.abuse.ch,,elf,,,2026-10-02 03:32:19
4293c1d8574dc87c58360d6bac3daa182f64f7785c9d41da5e0741d2b1817fc7,59ce0baba11893f90527fc951ac69912,https://urlhaus-api.abuse.ch/v1/download/4293c1d8574dc87c58360d6bac3daa182f64f7785c9d41da5e0741d2b1817fc7/,urlhaus-api.abuse.ch,,elf,Mozi,,2026-10-02 03:32:13
12013662c71da69de977c04cd7021f13a70cf7bed4ca6c82acbc100464d4b0ef,eec5c6c219535fba3a0492ea8118b397,https://urlhaus-api.abuse.ch/v1/download/12013662c71da69de977c04cd7021f13a70cf7bed4ca6c82acbc100464d4b0ef/,urlhaus-api.abuse.ch,,elf,Mirai,,2026-10-02 03:32:13
23deb32aa1928fef6f0f9ac18fd3de4e2010d7b215e7d19205d624031f564aaa,82465d14081f21dbd138fe5f2574690f,https://urlhaus-api.abuse.ch/v1/download/23deb32aa1928fef6f0f9ac18fd3de4e2010d7b215e7d19205d624031f564aaa/,urlhaus-api.abuse.ch,,html,,,2026-10-02 03:25:22
a1ed96510e8b77c750f5c686555eb60efe81a3996149475e67f6e9a1100443ed,869518b3dbe955181d677b6df7b1f39b,https://urlhaus-api.abuse.ch/v1/download/a1ed96510e8b77c750f5c686555eb60efe81a3996149475e67f6e9a1100443ed/,urlhaus-api.abuse.ch,,html,,,2026-10-02 03:22:31
9ba2653d73e44d89fbc345395b67ed0287e335ba157103363a5f1f68b10f7478,9d27a7ccfb3efd8d78cb7c9f3fc5fe95,https://urlhaus-api.abuse.ch/v1/download/9ba2653d73e44d89fbc345395b67ed0287e335ba157103363a5f1f68b10f7478/,urlhaus-api.abuse.ch,,html,,,2026-10-02 03:22:30
4293c1d8574dc87c58360d6bac3daa182f64f7785c9d41da5e0741d2b1817fc7,59ce0baba11893f90527fc951ac69912,https://urlhaus-api.abuse.ch/v1/download/4293c1d8574dc87c58360d6bac3daa182f64f7785c9d41da5e0741d2b1817fc7/,urlhaus-api.abuse.ch,,elf,Mozi,,2026-10-02 03:17:11
2e4506802aedea2e6d53910dfb296323be6620ac08c4b799a879eace5923a7b6,fbe51695e97a45dc61967dc3241a37dc,https://urlhaus-api.abuse.ch/v1/download/2e4506802aedea2e6d53910dfb296323be6620ac08c4b799a879eace5923a7b6/,urlhaus-api.abuse.ch,,elf,,,2026-10-02 03:17:11
4293c1d8574dc87c58360d6bac3daa182f64f7785c9d41da5e0741d2b1817fc7,59ce0baba11893f90527fc951ac69912,https://urlhaus-api.abuse.ch/v1/download/4293c1d8574dc87c58360d6bac3daa182f64f7785c9d41da5e0741d2b1817fc7/,urlhaus-api.abuse.ch,,elf,Mozi,,2026-10-02 03:03:11
4293c1d8574dc87c58360d6bac3daa182f64f7785c9d41da5e0741d2b1817fc7,59ce0baba11893f90527fc951ac69912,https://urlhaus-api.abuse.ch/v1/download/4293c1d8574dc87c58360d6bac3daa182f64f7785c9d41da5e0741d2b1817fc7/,urlhaus-api.abuse.ch,,elf,Mozi,,2026-10-02 03:02:12
12013662c71da69de977c04cd7021f13a70cf7bed4ca6c82acbc100464d4b0ef,eec5c6c219535fba3a0492ea8118b397,https://urlhaus-api.abuse.ch/v1/download/12013662c71da69de977c04cd7021f13a70cf7bed4ca6c82acbc100464d4b0ef/,urlhaus-api.abuse.ch,,elf,Mirai,,2026-10-02 03:02:12
69e7c98c0b3c9c705920431690f11f80f28d1426276e03acfa4a762a21b3fd0a,c7b46fe0f711595c490f1b622af5baaf,https://urlhaus-api.abuse.ch/v1/download/69e7c98c0b3c9c705920431690f11f80f28d1426276e03acfa4a762a21b3fd0a/,urlhaus-api.abuse.ch,,html,,,2026-10-02 02:34:31
f6c97b1e2ed02578ca1066c8235ba4f991e645f89012406c639dbccc6582eec8,3849f30b51a5c49e8d1546960cc206c7,https://urlhaus-api.abuse.ch/v1/download/f6c97b1e2ed02578ca1066c8235ba4f991e645f89012406c639dbccc6582eec8/,urlhaus-api.abuse.ch,,elf,,,2026-10-02 02:32:36
4293c1d8574dc87c58360d6bac3daa182f64f7785c9d41da5e0741d2b1817fc7,59ce0baba11893f90527fc951ac69912,https://urlhaus-api.abuse.ch/v1/download/4293c1d8574dc87c58360d6bac3daa182f64f7785c9d41da5e0741d2b1817fc7/,urlhaus-api.abuse.ch,,elf,Mozi,,2026-10-02 02:31:15
12013662c71da69de977c04cd7021f13a70cf7bed4ca6c82acbc100464d4b0ef,eec5c6c219535fba3a0492ea8118b397,https://urlhaus-api.abuse.ch/v1/download/12013662c71da69de977c04cd7021f13a70cf7bed4ca6c82acbc100464d4b0ef/,urlhaus-api.abuse.ch,,elf,Mirai,,2026-10-02 02:31:15
12013662c71da69de977c04cd7021f13a70cf7bed4ca6c82acbc100464d4b0ef,eec5c6c219535fba3a0492ea8118b397,https://urlhaus-api.abuse.ch/v1/download/12013662c71da69de977c04cd7021f13a70cf7bed4ca6c82acbc100464d4b0ef/,urlhaus-api.abuse.ch,,elf,Mirai,,2026-10-02 02:31:14
281e47a1442fe7ada4073ae9994a61b793d56d4b5cc209f464a918c4907499e7,2ed7fe40dcbbd2c93c545d7ff9a548c1,https://urlhaus-api.abuse.ch/v1/download/281e47a1442fe7ada4073ae9994a61b793d56d4b5cc209f464a918c4907499e7/,urlhaus-api.abuse.ch,,html,,,2026-10-02 02:30:52
4293c1d8574dc87c58360d6bac3daa182f64f7785c9d41da5e0741d2b1817fc7,59ce0baba11893f90527fc951ac69912,https://urlhaus-api.abuse.ch/v1/download/4293c1d8574dc87c58360d6bac3daa182f64f7785c9d41da5e0741d2b1817fc7/,urlhaus-api.abuse.ch,,elf,Mozi,,2026-10-02 02:28:09
4293c1d8574dc87c58360d6bac3daa182f64f7785c9d41da5e0741d2b1817fc7,59ce0baba11893f90527fc951ac69912,https://urlhaus-api.abuse.ch/v1/download/4293c1d8574dc87c58360d6bac3daa182f64f7785c9d41da5e0741d2b1817fc7/,urlhaus-api.abuse.ch,,elf,Mozi,,2026-10-02 02:27:29
4293c1d8574dc87c58360d6bac3daa182f64f7785c9d41da5e0741d2b1817fc7,59ce0baba11893f90527fc951ac69912,https://urlhaus-api.abuse.ch/v1/download/4293c1d8574dc87c58360d6bac3daa182f64f7785c9d41da5e0741d2b1817fc7/,urlhaus-api.abuse.ch,,elf,Mozi,,2026-10-02 02:17:16
f6c97b1e2ed02578ca1066c8235ba4f991e645f89012406c639dbccc6582eec8,3849f30b51a5c49e8d1546960cc206c7,https://urlhaus-api.abuse.ch/v1/download/f6c97b1e2ed02578ca1066c8235ba4f991e645f89012406c639dbccc6582eec8/,urlhaus-api.abuse.ch,,elf,,,2026-10-02 02:03:17
4293c1d8574dc87c58360d6bac3daa182f64f7785c9d41da5e0741d2b1817fc7,59ce0baba11893f90527fc951ac69912,https://urlhaus-api.abuse.ch/v1/download/4293c1d8574dc87c58360d6bac3daa182f64f7785c9d41da5e0741d2b1817fc7/,urlhaus-api.abuse.ch,,elf,Mozi,,2026-10-02 02:02:11
12013662c71da69de977c04cd7021f13a70cf7bed4ca6c82acbc100464d4b0ef,eec5c6c219535fba3a0492ea8118b397,https://urlhaus-api.abuse.ch/v1/download/12013662c71da69de977c04cd7021f13a70cf7bed4ca6c82acbc100464d4b0ef/,urlhaus-api.abuse.ch,,elf,Mirai,,2026-10-02 02:02:10
f6c97b1e2ed02578ca1066c8235ba4f991e645f89012406c639dbccc6582eec8,3849f30b51a5c49e8d1546960cc206c7,https://urlhaus-api.abuse.ch/v1/download/f6c97b1e2ed02578ca1066c8235ba4f991e645f89012406c639dbccc6582eec8/,urlhaus-api.abuse.ch,,elf,,,2026-10-02 02:01:10
4293c1d8574dc87c58360d6bac3daa182f64f7785c9d41da5e0741d2b1817fc7,59ce0baba11893f90527fc951ac69912,https://urlhaus-api.abuse.ch/v1/download/4293c1d8574dc87c58360d6bac3daa182f64f7785c9d41da5e0741d2b1817fc7/,urlhaus-api.abuse.ch,,elf,Mozi,,2026-10-02 02:01:10
12013662c71da69de977c04cd7021f13a70cf7bed4ca6c82acbc100464d4b0ef,eec5c6c219535fba3a0492ea8118b397,https://urlhaus-api.abuse.ch/v1/download/12013662c71da69de977c04cd7021f13a70cf7bed4ca6c82acbc100464d4b0ef/,urlhaus-api.abuse.ch,,elf,Mirai,,2026-10-02 02:01:10
f1fbc28dde9a0e4f4f7024267d3df84401f339d4d7d43e2b23cbd275ecbce450,ac6965165806dc70a6b48019d7c73d3a,https://urlhaus-api.abuse.ch/v1/download/f1fbc28dde9a0e4f4f7024267d3df84401f339d4d7d43e2b23cbd275ecbce450/,urlhaus-api.abuse.ch,,elf,Mirai,,2026-10-02 01:51:10
12013662c71da69de977c04cd7021f13a70cf7bed4ca6c82acbc100464d4b0ef,eec5c6c219535fba3a0492ea8118b397,https://urlhaus-api.abuse.ch/v1/download/12013662c71da69de977c04cd7021f13a70cf7bed4ca6c82acbc100464d4b0ef/,urlhaus-api.abuse.ch,,elf,Mirai,,2026-10-02 01:47:11
12013662c71da69de977c04cd7021f13a70cf7bed4ca6c82acbc100464d4b0ef,eec5c6c219535fba3a0492ea8118b397,https://urlhaus-api.abuse.ch/v1/download/12013662c71da69de977c04cd7021f13a70cf7bed4ca6c82acbc100464d4b0ef/,urlhaus-api.abuse.ch,,elf,Mirai,,2026-10-02 01:36:12
c2ea7390050199b42ac2376b12f5fc994df0aba8b069698170150c12008b0b1f,6604acc3758ef096cce6200c3b0e7497,https://urlhaus-api.abuse.ch/v1/download/c2ea7390050199b42ac2376b12f5fc994df0aba8b069698170150c12008b0b1f/,urlhaus-api.abuse.ch,,html,,,2026-10-02 01:34:16
12013662c71da69de977c04cd7021f13a70cf7bed4ca6c82acbc100464d4b0ef,eec5c6c219535fba3a0492ea8118b397,https://urlhaus-api.abuse.ch/v1/download/12013662c71da69de977c04cd7021f13a70cf7bed4ca6c82acbc100464d4b0ef/,urlhaus-api.abuse.ch,,elf,Mirai,,2026-10-02 01:31:14
3e1ca09e40ec98f4f7853108f28ec2d46607031a0803a90bbb8035b375f20c0f,af4feb2bd0a800b9e21ac07bd5999a66,https://urlhaus-api.abuse.ch/v1/download/3e1ca09e40ec98f4f7853108f28ec2d46607031a0803a90bbb8035b375f20c0f/,urlhaus-api.abuse.ch,,elf,Mirai,,2026-10-02 01:31:06
4293c1d8574dc87c58360d6bac3daa182f64f7785c9d41da5e0741d2b1817fc7,59ce0baba11893f90527fc951ac69912,https://urlhaus-api.abuse.ch/v1/download/4293c1d8574dc87c58360d6bac3daa182f64f7785c9d41da5e0741d2b1817fc7/,urlhaus-api.abuse.ch,,elf,Mozi,,2026-10-02 01:25:20
f6c97b1e2ed02578ca1066c8235ba4f991e645f89012406c639dbccc6582eec8,3849f30b51a5c49e8d1546960cc206c7,https://urlhaus-api.abuse.ch/v1/download/f6c97b1e2ed02578ca1066c8235ba4f991e645f89012406c639dbccc6582eec8/,urlhaus-api.abuse.ch,,elf,,,2026-10-02 01:17:13
b5cf68c7cb5bb2d21d60bf6654926f61566d95bfd7c9f9e182d032f1da5b4605,a73ddd6ec22462db955439f665cad4e6,https://urlhaus-api.abuse.ch/v1/download/b5cf68c7cb5bb2d21d60bf6654926f61566d95bfd7c9f9e182d032f1da5b4605/,urlhaus-api.abuse.ch,,elf,,,2026-10-02 01:17:12
12013662c71da69de977c04cd7021f13a70cf7bed4ca6c82acbc100464d4b0ef,eec5c6c219535fba3a0492ea8118b397,https://urlhaus-api.abuse.ch/v1/download/12013662c71da69de977c04cd7021f13a70cf7bed4ca6c82acbc100464d4b0ef/,urlhaus-api.abuse.ch,,elf,Mirai,,2026-10-02 01:17:12
f6c97b1e2ed02578ca1066c8235ba4f991e645f89012406c639dbccc6582eec8,3849f30b51a5c49e8d1546960cc206c7,https://urlhaus-api.abuse.ch/v1/download/f6c97b1e2ed02578ca1066c8235ba4f991e645f89012406c639dbccc6582eec8/,urlhaus-api.abuse.ch,,elf,,,2026-10-02 01:17:11
12013662c71da69de977c04cd7021f13a70cf7bed4ca6c82acbc100464d4b0ef,eec5c6c219535fba3a0492ea8118b397,https://urlhaus-api.abuse.ch/v1/download/12013662c71da69de977c04cd7021f13a70cf7bed4ca6c82acbc100464d4b0ef/,urlhaus-api.abuse.ch,,elf,Mirai,,2026-10-02 01:17:11
12013662c71da69de977c04cd7021f13a70cf7bed4ca6c82acbc100464d4b0ef,eec5c6c219535fba3a0492ea8118b397,https://urlhaus-api.abuse.ch/v1/download/12013662c71da69de977c04cd7021f13a70cf7bed4ca6c82acbc100464d4b0ef/,urlhaus-api.abuse.ch,,elf,Mirai,,2026-10-02 01:16:11
7b746fbaeaf94606c9fec0e2d4e2cc6a06f1749e1397dd40fe7ee6160e2b99a9,c7e6469b959896cefa9e191870c212de,https://urlhaus-api.abuse.ch/v1/download/7b746fbaeaf94606c9fec0e2d4e2cc6a06f1749e1397dd40fe7ee6160e2b99a9/,urlhaus-api.abuse.ch,,exe,CoinMiner,,2026-10-02 01:02:59
e5251e9f314ec3292ec840457f9ddab20b462caaa6510d476bc47a4b0b32b167,541655cbdcd70186734166874e165a4e,https://urlhaus-api.abuse.ch/v1/download/e5251e9f314ec3292ec840457f9ddab20b462caaa6510d476bc47a4b0b32b167/,urlhaus-api.abuse.ch,,js,,,2026-10-02 01:02:49
4293c1d8574dc87c58360d6bac3daa182f64f7785c9d41da5e0741d2b1817fc7,59ce0baba11893f90527fc951ac69912,https://urlhaus-api.abuse.ch/v1/download/4293c1d8574dc87c58360d6bac3daa182f64f7785c9d41da5e0741d2b1817fc7/,urlhaus-api.abuse.ch,,elf,Mozi,,2026-10-02 01:02:12
12013662c71da69de977c04cd7021f13a70cf7bed4ca6c82acbc100464d4b0ef,eec5c6c219535fba3a0492ea8118b397,https://urlhaus-api.abuse.ch/v1/download/12013662c71da69de977c04cd7021f13a70cf7bed4ca6c82acbc100464d4b0ef/,urlhaus-api.abuse.ch,,elf,Mirai,,2026-10-02 01:02:12
f6c97b1e2ed02578ca1066c8235ba4f991e645f89012406c639dbccc6582eec8,3849f30b51a5c49e8d1546960cc206c7,https://urlhaus-api.abuse.ch/v1/download/f6c97b1e2ed02578ca1066c8235ba4f991e645f89012406c639dbccc6582eec8/,urlhaus-api.abuse.ch,,elf,,,2026-10-02 00:47:09
4293c1d8574dc87c58360d6bac3daa182f64f7785c9d41da5e0741d2b1817fc7,59ce0baba11893f90527fc951ac69912,https://urlhaus-api.abuse.ch/v1/download/4293c1d8574dc87c58360d6bac3daa182f64f7785c9d41da5e0741d2b1817fc7/,urlhaus-api.abuse.ch,,elf,Mozi,,2026-10-02 00:47:09
d96c55b7c97763f5b4c7100f634d5bada992fe3e15bbd8d6d596d71c259b8c9d,70108f79059555a71f6bd5d310a3f408,https://urlhaus-api.abuse.ch/v1/download/d96c55b7c97763f5b4c7100f634d5bada992fe3e15bbd8d6d596d71c259b8c9d/,urlhaus-api.abuse.ch,,html,,,2026-10-02 00:35:48
df3cffa8ef658425d2d50bef29d29e9a034e3faf76d56b9e07e42ec309ce35d9,86091b5f6ccd9ce7a714e4e53fa2f07c,https://urlhaus-api.abuse.ch/v1/download/df3cffa8ef658425d2d50bef29d29e9a034e3faf76d56b9e07e42ec309ce35d9/,urlhaus-api.abuse.ch,,exe,CoinMiner,,2026-10-02 00:32:44
12013662c71da69de977c04cd7021f13a70cf7bed4ca6c82acbc100464d4b0ef,eec5c6c219535fba3a0492ea8118b397,https://urlhaus-api.abuse.ch/v1/download/12013662c71da69de977c04cd7021f13a70cf7bed4ca6c82acbc100464d4b0ef/,urlhaus-api.abuse.ch,,elf,Mirai,,2026-10-02 00:32:13
12013662c71da69de977c04cd7021f13a70cf7bed4ca6c82acbc100464d4b0ef,eec5c6c219535fba3a0492ea8118b397,https://urlhaus-api.abuse.ch/v1/download/12013662c71da69de977c04cd7021f13a70cf7bed4ca6c82acbc100464d4b0ef/,urlhaus-api.abuse.ch,,elf,Mirai,,2026-10-02 00:32:12
2575c9a1b5fc25bd84a03360023df179de0e754b868b835b6eea8bd72ee31a2d,bee05abf76d59f261d10c508dda3fa81,https://urlhaus-api.abuse.ch/v1/download/2575c9a1b5fc25bd84a03360023df179de0e754b868b835b6eea8bd72ee31a2d/,urlhaus-api.abuse.ch,,ps1,,,2026-10-02 00:31:06
ad2ba26746969674b7d0d18f0831c4657af9afa50a82ad5641fa3caa0dd7ed4d,e90af1aa0c923e560eadec6f83052971,https://urlhaus-api.abuse.ch/v1/download/ad2ba26746969674b7d0d18f0831c4657af9afa50a82ad5641fa3caa0dd7ed4d/,urlhaus-api.abuse.ch,,html,,,2026-10-02 00:19:56
33918b83bcfc3fe7dc6951b5809edc3a1f0bfc15abed2ef83c2064cf38c5f3b8,9110ddb33479587e3afea54fc03738cc,https://urlhaus-api.abuse.ch/v1/download/33918b83bcfc3fe7dc6951b5809edc3a1f0bfc15abed2ef83c2064cf38c5f3b8/,urlhaus-api.abuse.ch,,elf,,,2026-10-02 00:19:55
a89bdad85d9d7251156ddb5382ef21c133b433fb3aa26f0e7094167aba262f76,f958fb155322ab3b6076df6220566f14,https://urlhaus-api.abuse.ch/v1/download/a89bdad85d9d7251156ddb5382ef21c133b433fb3aa26f0e7094167aba262f76/,urlhaus-api.abuse.ch,,html,,,2026-10-02 00:18:29
507ad2c6614ba5bb5d64425396f5ad1efe5df5ea03dd0fd19e5fcdd3398a1c01,f9923e904bda76006b6983227e0a9a1e,https://urlhaus-api.abuse.ch/v1/download/507ad2c6614ba5bb5d64425396f5ad1efe5df5ea03dd0fd19e5fcdd3398a1c01/,urlhaus-api.abuse.ch,,html,,,2026-10-02 00:18:29
922a589d4bd41a1df91655cb6cbd5015272e7672150a17fc0a960d92017bd24c,668fde9467b7bb9c9fd969472312e81d,https://urlhaus-api.abuse.ch/v1/download/922a589d4bd41a1df91655cb6cbd5015272e7672150a17fc0a960d92017bd24c/,urlhaus-api.abuse.ch,,html,,,2026-10-02 00:18:18
3e459e1d7847fcfbeeacd338104cdeba85e92146d46beb1d1e544c8592410088,b56c42bf7191bb4a45c397b68849d517,https://urlhaus-api.abuse.ch/v1/download/3e459e1d7847fcfbeeacd338104cdeba85e92146d46beb1d1e544c8592410088/,urlhaus-api.abuse.ch,,elf,Mirai,,2026-10-02 00:17:59
12013662c71da69de977c04cd7021f13a70cf7bed4ca6c82acbc100464d4b0ef,eec5c6c219535fba3a0492ea8118b397,https://urlhaus-api.abuse.ch/v1/download/12013662c71da69de977c04cd7021f13a70cf7bed4ca6c82acbc100464d4b0ef/,urlhaus-api.abuse.ch,,elf,Mirai,,2026-10-02 00:17:42
f6c97b1e2ed02578ca1066c8235ba4f991e645f89012406c639dbccc6582eec8,3849f30b51a5c49e8d1546960cc206c7,https://urlhaus-api.abuse.ch/v1/download/f6c97b1e2ed02578ca1066c8235ba4f991e645f89012406c639dbccc6582eec8/,urlhaus-api.abuse.ch,,elf,,,2026-10-02 00:17:15
4293c1d8574dc87c58360d6bac3daa182f64f7785c9d41da5e0741d2b1817fc7,59ce0baba11893f90527fc951ac69912,https://urlhaus-api.abuse.ch/v1/download/4293c1d8574dc87c58360d6bac3daa182f64f7785c9d41da5e0741d2b1817fc7/,urlhaus-api.abuse.ch,,elf,Mozi,,2026-10-02 00:17:15
f1fbc28dde9a0e4f4f7024267d3df84401f339d4d7d43e2b23cbd275ecbce450,ac6965165806dc70a6b48019d7c73d3a,https://urlhaus-api.abuse.ch/v1/download/f1fbc28dde9a0e4f4f7024267d3df84401f339d4d7d43e2b23cbd275ecbce450/,urlhaus-api.abuse.ch,,elf,Mirai,,2026-10-02 00:14:52
53013ebe08ec1cc785f702a92e61de9fe8c72f61f87bd5091a0745c8db24cbf4,c9288377380007b0cc519140741ef0b0,https://urlhaus-api.abuse.ch/v1/download/53013ebe08ec1cc785f702a92e61de9fe8c72f61f87bd5091a0745c8db24cbf4/,urlhaus-api.abuse.ch,,json,,,2026-10-02 00:13:42
bc4657b0105f06a0326df306f85006abd881b081f8c029dc8d620710ad380bc6,711be0f36764707a1719d4f5d223f727,https://urlhaus-api.abuse.ch/v1/download/bc4657b0105f06a0326df306f85006abd881b081f8c029dc8d620710ad380bc6/,urlhaus-api.abuse.ch,,html,,,2026-10-02 00:12:29
8782211a996eadbe75c35f1f56206d5d4e6e5ac9ba07832579df7864d1032532,3e10d50234030c4ceab9c17427cb564f,https://urlhaus-api.abuse.ch/v1/download/8782211a996eadbe75c35f1f56206d5d4e6e5ac9ba07832579df7864d1032532/,urlhaus-api.abuse.ch,,html,,,2026-10-02 00:12:11
e67ced623d47295ea9ae77b109af60d58b14c5de25797755331abc0aafe3712e,3ab51a794cd2c10666fe670c768d447c,https://urlhaus-api.abuse.ch/v1/download/e67ced623d47295ea9ae77b109af60d58b14c5de25797755331abc0aafe3712e/,urlhaus-api.abuse.ch,,elf,Mirai,,2026-10-02 00:11:15
da912173a93158b811e9558aeff595a45ecce2e6839c7e71b77acc31762f68ed,278e255ffba1f60a74b924cf2bee2a27,https://urlhaus-api.abuse.ch/v1/download/da912173a93158b811e9558aeff595a45ecce2e6839c7e71b77acc31762f68ed/,urlhaus-api.abuse.ch,,html,,,2026-10-02 00:10:48
697a4107aa868f4357e4955c7298fdf18afa7fc4947e8e1495721cedd60408be,564a58724b5618c8c8b476d76b59345f,https://urlhaus-api.abuse.ch/v1/download/697a4107aa868f4357e4955c7298fdf18afa7fc4947e8e1495721cedd60408be/,urlhaus-api.abuse.ch,,html,,,2026-10-02 00:10:46
6ce4bfc04fc85ef6b89e7fb178a0945d57f5b6359479e6a2a96cb46f5474c069,cef90a85bfea451bdcfa6cadf77505bf,https://urlhaus-api.abuse.ch/v1/download/6ce4bfc04fc85ef6b89e7fb178a0945d57f5b6359479e6a2a96cb46f5474c069/,urlhaus-api.abuse.ch,,elf,Mirai,,2026-10-02 00:09:01
29909f527a6acb882cb167da0619e8423b02d3cf1cb81ecc331b1d54066ff6ea,c597af4c7d92d03367ee54580e79d2b5,https://urlhaus-api.abuse.ch/v1/download/29909f527a6acb882cb167da0619e8423b02d3cf1cb81ecc331b1d54066ff6ea/,urlhaus-api.abuse.ch,,js,,,2026-10-02 00:07:05
6b7a8c9f662acb6122b6c74fc3c004b1bebcee1a8302e64523b2a2d2a594d916,9d9cd0a2929c9f9e12a1f8e576b49be4,https://urlhaus-api.abuse.ch/v1/download/6b7a8c9f662acb6122b6c74fc3c004b1bebcee1a8302e64523b2a2d2a594d916/,urlhaus-api.abuse.ch,,elf,Mirai,,2026-10-02 00:06:06
96f2f273ec8b1c107a1ee77c6c726335f577c6c93eccc9c6194321b8740b6665,cc7bd9b883fe17f908499007a321836b,https://urlhaus-api.abuse.ch/v1/download/96f2f273ec8b1c107a1ee77c6c726335f577c6c93eccc9c6194321b8740b6665/,urlhaus-api.abuse.ch,,html,,,2026-10-02 00:02:55
5940b144329ff6a13d43be06acb422699e2b8a3d2d1b38949d5297698fbd8168,a50e6968387c43b8418ed2089475e2c8,https://urlhaus-api.abuse.ch/v1/download/5940b144329ff6a13d43be06acb422699e2b8a3d2d1b38949d5297698fbd8168/,urlhaus-api.abuse.ch,,html,,,2026-10-02 00:02:03
12013662c71da69de977c04cd7021f13a70cf7bed4ca6c82acbc100464d4b0ef,eec5c6c219535fba3a0492ea8118b397,https://urlhaus-api.abuse.ch/v1/download/12013662c71da69de977c04cd7021f13a70cf7bed4ca6c82acbc100464d4b0ef/,urlhaus-api.abuse.ch,,elf,Mirai,,2026-10-02 00:01:15
36c5a90261c99ac56496093c571a971ed24b5c13b1983c19df4eb90eca0875be,81efb74087dd8b78c0736d85727f2f19,https://urlhaus-api.abuse.ch/v1/download/36c5a90261c99ac56496093c571a971ed24b5c13b1983c19df4eb90eca0875be/,urlhaus-api.abuse.ch,,elf,,,2026-10-02 00:01:14
2e4506802aedea2e6d53910dfb296323be6620ac08c4b799a879eace5923a7b6,fbe51695e97a45dc61967dc3241a37dc,https://urlhaus-api.abuse.ch/v1/download/2e4506802aedea2e6d53910dfb296323be6620ac08c4b799a879eace5923a7b6/,urlhaus-api.abuse.ch,,elf,,,2026-10-02 00:01:14
bc774631a6ee1ef0654dd6b62643f0e6e861ad857faeac2819b311d0ab3bf4bd,39b2bb07ba25956b0a5dd776a546515b,https://urlhaus-api.abuse.ch/v1/download/bc774631a6ee1ef0654dd6b62643f0e6e861ad857faeac2819b311d0ab3bf4bd/,urlhaus-api.abuse.ch,,html,,,2026-10-02 00:00:29
708658ea855f7c6e3a5dae0f0768cfe7cedd42ee2519eb832a6a33f0c5ab0240,76e7ada3bccd476920018923b0645ef9,https://urlhaus-api.abuse.ch/v1/download/708658ea855f7c6e3a5dae0f0768cfe7cedd42ee2519eb832a6a33f0c5ab0240/,urlhaus-api.abuse.ch,,html,,,2026-10-01 23:59:29
d25c5fba9da2db4d176005ccb36a59d312f73b8308277612f8974d8bca291576,bc236b5d5ee2a3e11dee81010bf89472,https://urlhaus-api.abuse.ch/v1/download/d25c5fba9da2db4d176005ccb36a59d312f73b8308277612f8974d8bca291576/,urlhaus-api.abuse.ch,,html,,,2026-10-01 23:54:42
6ce4bfc04fc85ef6b89e7fb178a0945d57f5b6359479e6a2a96cb46f5474c069,cef90a85bfea451bdcfa6cadf77505bf,https://urlhaus-api.abuse.ch/v1/download/6ce4bfc04fc85ef6b89e7fb178a0945d57f5b6359479e6a2a96cb46f5474c069/,urlhaus-api.abuse.ch,,elf,Mirai,,2026-10-01 23:54:01
e27384765e7939fa318eeddcb4d5c3cd5ed4698d0fe6889560372df05eda12c0,f50366c65e980a203591583b98229957,https://urlhaus-api.abuse.ch/v1/download/e27384765e7939fa318eeddcb4d5c3cd5ed4698d0fe6889560372df05eda12c0/,urlhaus-api.abuse.ch,,html,,,2026-10-01 23:52:27
34d79e580ef2c87621b13243bffd63f6673882353b9f9591988f305505a39f41,88411cf3d36b3b32a017ee1cee05f2c6,https://urlhaus-api.abuse.ch/v1/download/34d79e580ef2c87621b13243bffd63f6673882353b9f9591988f305505a39f41/,urlhaus-api.abuse.ch,,ps1,,,2026-10-01 23:52:16
61b1d1aa011a65b7b3ec5a0c6dc44657cc6270c05f6b55168382324bedcc111f,eb456c33e793d799656d1ee5e043c6ad,https://urlhaus-api.abuse.ch/v1/download/61b1d1aa011a65b7b3ec5a0c6dc44657cc6270c05f6b55168382324bedcc111f/,urlhaus-api.abuse.ch,,elf,Mirai,,2026-10-01 23:50:47
940797f92e2550c080e3fd00b2af97dce7bd25f87c4aca44906a2598de6e440a,25dee4f418b04e4ea5ca0ef1fe1e5f73,https://urlhaus-api.abuse.ch/v1/download/940797f92e2550c080e3fd00b2af97dce7bd25f87c4aca44906a2598de6e440a/,urlhaus-api.abuse.ch,,html,,,2026-10-01 23:49:58
2884f62e9c443ebbe9d5e1cb9442fe16459e3b3848c1c9855bbcd7c16181cb1f,4c0984e83d2a931fc3a40d412d9b5907,https://urlhaus-api.abuse.ch/v1/download/2884f62e9c443ebbe9d5e1cb9442fe16459e3b3848c1c9855bbcd7c16181cb1f/,urlhaus-api.abuse.ch,,html,,,2026-10-01 23:49:49
6675bac0294f09e6ff1aa016c1db39ca92c73395495244dfcf2b3a608a4057f0,31e3134ed08ba8337e76e29be09a2746,https://urlhaus-api.abuse.ch/v1/download/6675bac0294f09e6ff1aa016c1db39ca92c73395495244dfcf2b3a608a4057f0/,urlhaus-api.abuse.ch,,js,,,2026-10-01 23:46:30
b5cf68c7cb5bb2d21d60bf6654926f61566d95bfd7c9f9e182d032f1da5b4605,a73ddd6ec22462db955439f665cad4e6,https://urlhaus-api.abuse.ch/v1/download/b5cf68c7cb5bb2d21d60bf6654926f61566d95bfd7c9f9e182d032f1da5b4605/,urlhaus-api.abuse.ch,,elf,,,2026-10-01 23:46:11
68cd6c145a0cbc99310621a1b516afe6726c9bceaf81ee85951a6498391b4c03,dd2a7fb162007350ca4aee8bd90e76e3,https://urlhaus-api.abuse.ch/v1/download/68cd6c145a0cbc99310621a1b516afe6726c9bceaf81ee85951a6498391b4c03/,urlhaus-api.abuse.ch,,elf,,,2026-10-01 23:45:07
465ce0390279f3880588ce574b591b31ec4e2aa8737e900f51b504d25247d5e4,3d9fb976e700072aa4268623e0058561,https://urlhaus-api.abuse.ch/v1/download/465ce0390279f3880588ce574b591b31ec4e2aa8737e900f51b504d25247d5e4/,urlhaus-api.abuse.ch,,ps1,,,2026-10-01 23:44:47
0b0c6084823f362cf4967ecba331d8925a5422d50787d51cd007ef8960f791d0,3f9748976a00801c78449f0684a884bb,https://urlhaus-api.abuse.ch/v1/download/0b0c6084823f362cf4967ecba331d8925a5422d50787d51cd007ef8960f791d0/,urlhaus-api.abuse.ch,,html,,,2026-10-01 23:44:26
c40274f608e13b7694f0ae41c4ac76a1ba626946f0c3c5ac7032156927ec532b,1a5428ec7176cf887c6094b67ca51456,https://urlhaus-api.abuse.ch/v1/download/c40274f608e13b7694f0ae41c4ac76a1ba626946f0c3c5ac7032156927ec532b/,urlhaus-api.abuse.ch,,js,,,2026-10-01 23:43:05
f6c97b1e2ed02578ca1066c8235ba4f991e645f89012406c639dbccc6582eec8,3849f30b51a5c49e8d1546960cc206c7,https://urlhaus-api.abuse.ch/v1/download/f6c97b1e2ed02578ca1066c8235ba4f991e645f89012406c639dbccc6582eec8/,urlhaus-api.abuse.ch,,elf,,,2026-10-01 23:43:05
6a5fee15ba065a659b2d63bb63a79944b4a0c22d1c6c1a84734c96387eeede1c,a1039f6af33d2084d7a30b0b7928dc34,https://urlhaus-api.abuse.ch/v1/download/6a5fee15ba065a659b2d63bb63a79944b4a0c22d1c6c1a84734c96387eeede1c/,urlhaus-api.abuse.ch,,js,,,2026-10-01 23:41:53
cedc5fdf11ca34333504d05ddd065de2935f8bd332ea44682608fd265891a45f,701c8e649d829ba72e24e744ae279e59,https://urlhaus-api.abuse.ch/v1/download/cedc5fdf11ca34333504d05ddd065de2935f8bd332ea44682608fd265891a45f/,urlhaus-api.abuse.ch,,elf,Mirai,,2026-10-01 23:39:56
d3df77bcd47b1d079f7c603ef7aa531dd394e8153e4feb5a279d2e0c69c3c8ff,825b3e83bb38c1e06ffbecd8e9b8753a,https://urlhaus-api.abuse.ch/v1/download/d3df77bcd47b1d079f7c603ef7aa531dd394e8153e4feb5a279d2e0c69c3c8ff/,urlhaus-api.abuse.ch,,html,,,2026-10-01 23:39:34
4862ee299a003952495e697c70c996e3f703bd9d7c2b6ce3f77fe67a0fb998b5,b16b9a9880e25ee7bde083a396479ed4,https://urlhaus-api.abuse.ch/v1/download/4862ee299a003952495e697c70c996e3f703bd9d7c2b6ce3f77fe67a0fb998b5/,urlhaus-api.abuse.ch,,html,,,2026-10-01 23:39:16
373c7cf11c07aafa697cbe024dea3a7f743bbd3508bde484cc9fc26d815cd848,f995201baec3680ad516a5b53d29c26b,https://urlhaus-api.abuse.ch/v1/download/373c7cf11c07aafa697cbe024dea3a7f743bbd3508bde484cc9fc26d815cd848/,urlhaus-api.abuse.ch,,elf,Mirai,,2026-10-01 23:38:12
0dec905c396663097cdcb60f95a6c3f7f39e22e8c6e9ec22a291db5caa648bb2,0eed3ca0ec7820d9ed8c001aeded8445,https://urlhaus-api.abuse.ch/v1/download/0dec905c396663097cdcb60f95a6c3f7f39e22e8c6e9ec22a291db5caa648bb2/,urlhaus-api.abuse.ch,,ps1,,,2026-10-01 23:36:21
576de2af5590ac09f5649e5dc47bcaadd3beca6d3a0915680effeaf8707d8cf9,f5c50a0d22d144a63cf062dec58de7f6,https://urlhaus-api.abuse.ch/v1/download/576de2af5590ac09f5649e5dc47bcaadd3beca6d3a0915680effeaf8707d8cf9/,urlhaus-api.abuse.ch,,html,,,2026-10-01 23:35:07
75d1318f10c2c342b61b9f8a95f37f05a36e40ab099af626404a03450161f65d,226c96dcc4d875c023f3fa108462fc3e,https://urlhaus-api.abuse.ch/v1/download/75d1318f10c2c342b61b9f8a95f37f05a36e40ab099af626404a03450161f65d/,urlhaus-api.abuse.ch,,elf,Mirai,,2026-10-01 23:35:06
ce2980e64b37db92a2811a59373ef75a500d7814ac08e19de2385662deefa8a3,59ad01a99f276e39cb127e7e661b551c,https://urlhaus-api.abuse.ch/v1/download/ce2980e64b37db92a2811a59373ef75a500d7814ac08e19de2385662deefa8a3/,urlhaus-api.abuse.ch,,elf,Mirai,,2026-10-01 23:33:38
4293c1d8574dc87c58360d6bac3daa182f64f7785c9d41da5e0741d2b1817fc7,59ce0baba11893f90527fc951ac69912,https://urlhaus-api.abuse.ch/v1/download/4293c1d8574dc87c58360d6bac3daa182f64f7785c9d41da5e0741d2b1817fc7/,urlhaus-api.abuse.ch,,elf,Mozi,,2026-10-01 23:33:13
765e20a711e5512e253a94d7bae993812231938e400d7b9635affb21defa7c37,5a4af33beaf0dc807f48644d1bb07b86,https://urlhaus-api.abuse.ch/v1/download/765e20a711e5512e253a94d7bae993812231938e400d7b9635affb21defa7c37/,urlhaus-api.abuse.ch,,html,,,2026-10-01 23:32:54
12013662c71da69de977c04cd7021f13a70cf7bed4ca6c82acbc100464d4b0ef,eec5c6c219535fba3a0492ea8118b397,https://urlhaus-api.abuse.ch/v1/download/12013662c71da69de977c04cd7021f13a70cf7bed4ca6c82acbc100464d4b0ef/,urlhaus-api.abuse.ch,,elf,Mirai,,2026-10-01 23:32:12
4293c1d8574dc87c58360d6bac3daa182f64f7785c9d41da5e0741d2b1817fc7,59ce0baba11893f90527fc951ac69912,https://urlhaus-api.abuse.ch/v1/download/4293c1d8574dc87c58360d6bac3daa182f64f7785c9d41da5e0741d2b1817fc7/,urlhaus-api.abuse.ch,,elf,Mozi,,2026-10-01 23:32:11
12013662c71da69de977c04cd7021f13a70cf7bed4ca6c82acbc100464d4b0ef,eec5c6c219535fba3a0492ea8118b397,https://urlhaus-api.abuse.ch/v1/download/12013662c71da69de977c04cd7021f13a70cf7bed4ca6c82acbc100464d4b0ef/,urlhaus-api.abuse.ch,,elf,Mirai,,2026-10-01 23:32:11
fcb904c0a18b73c2cef11e62d87e5074f039b391fabe420731250c39635a4d83,0f0c22780b0060d48c964f08fa5fd060,https://urlhaus-api.abuse.ch/v1/download/fcb904c0a18b73c2cef11e62d87e5074f039b391fabe420731250c39635a4d83/,urlhaus-api.abuse.ch,,html,,,2026-10-01 23:31:58
86edde3759806cbbc3e1f8615d3021766beac26ac7d3f0303695972f28c051fc,7fdd6cb7b20ccb0b1d6dd787bf4a1210,https://urlhaus-api.abuse.ch/v1/download/86edde3759806cbbc3e1f8615d3021766beac26ac7d3f0303695972f28c051fc/,urlhaus-api.abuse.ch,,html,,,2026-10-01 23:31:50
61b1d1aa011a65b7b3ec5a0c6dc44657cc6270c05f6b55168382324bedcc111f,eb456c33e793d799656d1ee5e043c6ad,https://urlhaus-api.abuse.ch/v1/download/61b1d1aa011a65b7b3ec5a0c6dc44657cc6270c05f6b55168382324bedcc111f/,urlhaus-api.abuse.ch,,elf,Mirai,,2026-10-01 23:31:28
abcc966504aef25ece63dcb977ad79369d9bba24643f59f8502712711f57ce4b,a51fde1549193ff7c37539cf7263ba6a,https://urlhaus-api.abuse.ch/v1/download/abcc966504aef25ece63dcb977ad79369d9bba24643f59f8502712711f57ce4b/,urlhaus-api.abuse.ch,,exe,CoinMiner,,2026-10-01 23:31:16
fccafdc4d3ef4c49dd52b7a1194eb7d132b01da1e4c74bad5920198f968d004c,a1d6b034714aadc08cce59897ae57494,https://urlhaus-api.abuse.ch/v1/download/fccafdc4d3ef4c49dd52b7a1194eb7d132b01da1e4c74bad5920198f968d004c/,urlhaus-api.abuse.ch,,elf,Mirai,,2026-10-01 23:30:51
1f2942562f90e1fdae53b242c641c8364c940758b50d8671b85c1a476453fa94,57f40933ee35247f772ab9e390c60766,https://urlhaus-api.abuse.ch/v1/download/1f2942562f90e1fdae53b242c641c8364c940758b50d8671b85c1a476453fa94/,urlhaus-api.abuse.ch,,html,,,2026-10-01 23:28:17
cb282df2021d3f050556e5aebabdef8dad7620a834ffe60c183a4398bcad1791,279615ad6efba49041ffcfa4533af0ec,https://urlhaus-api.abuse.ch/v1/download/cb282df2021d3f050556e5aebabdef8dad7620a834ffe60c183a4398bcad1791/,urlhaus-api.abuse.ch,,exe,,,2026-10-01 23:27:59
b8a327b2d1e530a917421ce8e35b3667c3e6831890b9bf89d40074381af0b91d,4d5e7bf05f9ac8fb3dbf5c108719afe9,https://urlhaus-api.abuse.ch/v1/download/b8a327b2d1e530a917421ce8e35b3667c3e6831890b9bf89d40074381af0b91d/,urlhaus-api.abuse.ch,,html,,,2026-10-01 23:27:28
473a277d4eb42d4741222df2629ebe0e1bd20271ab6ced1f59c9f3a38a9ddf19,8caddf2f4a4e6461b41d06171b92628b,https://urlhaus-api.abuse.ch/v1/download/473a277d4eb42d4741222df2629ebe0e1bd20271ab6ced1f59c9f3a38a9ddf19/,urlhaus-api.abuse.ch,,html,,,2026-10-01 23:26:41
66777cbbe7e24144bec6957c08c19b4e97eac1234e62ffdffc0ccc55b6824609,1308b35de6767ba64a751ea9cdd81e84,https://urlhaus-api.abuse.ch/v1/download/66777cbbe7e24144bec6957c08c19b4e97eac1234e62ffdffc0ccc55b6824609/,urlhaus-api.abuse.ch,,html,,,2026-10-01 23:26:10
f09b55080d4a084ff25698114858bf6cf8a07f54cc169a9cde5c144e0e858c11,959db0d9057d5bdae9f70b2f1ddc016f,https://urlhaus-api.abuse.ch/v1/download/f09b55080d4a084ff25698114858bf6cf8a07f54cc169a9cde5c144e0e858c11/,urlhaus-api.abuse.ch,,html,,,2026-10-01 23:25:51
5826151677b3c28bf2ea607395a7362a2894467c66895874395f62a6403fcd30,a5d5c688c26130484f0cbb3f7bd672ed,https://urlhaus-api.abuse.ch/v1/download/5826151677b3c28bf2ea607395a7362a2894467c66895874395f62a6403fcd30/,urlhaus-api.abuse.ch,,ps1,,,2026-10-01 23:24:13
4d97b07632fe7aaeb4f0b4a300967721202e20a24cd742248a08ea7905cfe688,72fb911b68fae32f3524b774929f8781,https://urlhaus-api.abuse.ch/v1/download/4d97b07632fe7aaeb4f0b4a300967721202e20a24cd742248a08ea7905cfe688/,urlhaus-api.abuse.ch,,elf,Mirai,,2026-10-01 23:24:12
a28135187650d83ba310893d6406c75c01250605e0b9eb12e1367dcc3fb32b63,0ac013423412249742c787f03793fc9f,https://urlhaus-api.abuse.ch/v1/download/a28135187650d83ba310893d6406c75c01250605e0b9eb12e1367dcc3fb32b63/,urlhaus-api.abuse.ch,,txt,,,2026-10-01 23:24:08
a319287d3484d0181ac4232d5ed51146723676cdb5e4c8b89f3c09295542992a,fa60f93d87a41b53ac244c7c78ca653a,https://urlhaus-api.abuse.ch/v1/download/a319287d3484d0181ac4232d5ed51146723676cdb5e4c8b89f3c09295542992a/,urlhaus-api.abuse.ch,,html,,,2026-10-01 23:22:19
cedc5fdf11ca34333504d05ddd065de2935f8bd332ea44682608fd265891a45f,701c8e649d829ba72e24e744ae279e59,https://urlhaus-api.abuse.ch/v1/download/cedc5fdf11ca34333504d05ddd065de2935f8bd332ea44682608fd265891a45f/,urlhaus-api.abuse.ch,,elf,Mirai,,2026-10-01 23:20:35
a944780e16402475022730acbb0ffc75bec0ef228472d16834c57b51c80e5f81,8249d1d9027aafe1f1f753d02fc5dfe0,https://urlhaus-api.abuse.ch/v1/download/a944780e16402475022730acbb0ffc75bec0ef228472d16834c57b51c80e5f81/,urlhaus-api.abuse.ch,,elf,Gafgyt,,2026-10-01 23:19:49
2ff37f885f327d2dd5f12979bf33cc5c2dbb291aab61f22f88aac6962fc25fed,d2f9bf31d474d6ff534091c35a70a31b,https://urlhaus-api.abuse.ch/v1/download/2ff37f885f327d2dd5f12979bf33cc5c2dbb291aab61f22f88aac6962fc25fed/,urlhaus-api.abuse.ch,,elf,Mirai,,2026-10-01 23:19:16
1d2284f75518ffdefd2a7c2daaf0d83b75786e7e85aed169403ba54aa427847f,5427fd12d53a1b5a92cb1959bd055cea,https://urlhaus-api.abuse.ch/v1/download/1d2284f75518ffdefd2a7c2daaf0d83b75786e7e85aed169403ba54aa427847f/,urlhaus-api.abuse.ch,,zip,,,2026-10-01 23:18:02
c18ed2312349096d04b7230c535c903ccad7ec429d9981008133b05076f693d8,11bc16816d007b840e6eac37c5914455,https://urlhaus-api.abuse.ch/v1/download/c18ed2312349096d04b7230c535c903ccad7ec429d9981008133b05076f693d8/,urlhaus-api.abuse.ch,,html,,,2026-10-01 23:17:57
0f3f6089667f1bdbeeaedd204ad909ae835ed16c13c95282b1d4339831340b3d,bfa9b2e6ebc71fd3e5172e1173c52322,https://urlhaus-api.abuse.ch/v1/download/0f3f6089667f1bdbeeaedd204ad909ae835ed16c13c95282b1d4339831340b3d/,urlhaus-api.abuse.ch,,exe,CoinMiner,,2026-10-01 23:17:33
f6c97b1e2ed02578ca1066c8235ba4f991e645f89012406c639dbccc6582eec8,3849f30b51a5c49e8d1546960cc206c7,https://urlhaus-api.abuse.ch/v1/download/f6c97b1e2ed02578ca1066c8235ba4f991e645f89012406c639dbccc6582eec8/,urlhaus-api.abuse.ch,,elf,,,2026-10-01 23:17:13
4293c1d8574dc87c58360d6bac3daa182f64f7785c9d41da5e0741d2b1817fc7,59ce0baba11893f90527fc951ac69912,https://urlhaus-api.abuse.ch/v1/download/4293c1d8574dc87c58360d6bac3daa182f64f7785c9d41da5e0741d2b1817fc7/,urlhaus-api.abuse.ch,,elf,Mozi,,2026-10-01 23:17:13
12013662c71da69de977c04cd7021f13a70cf7bed4ca6c82acbc100464d4b0ef,eec5c6c219535fba3a0492ea8118b397,https://urlhaus-api.abuse.ch/v1/download/12013662c71da69de977c04cd7021f13a70cf7bed4ca6c82acbc100464d4b0ef/,urlhaus-api.abuse.ch,,elf,Mirai,,2026-10-01 23:17:13
12013662c71da69de977c04cd7021f13a70cf7bed4ca6c82acbc100464d4b0ef,eec5c6c219535fba3a0492ea8118b397,https://urlhaus-api.abuse.ch/v1/download/12013662c71da69de977c04cd7021f13a70cf7bed4ca6c82acbc100464d4b0ef/,urlhaus-api.abuse.ch,,elf,Mirai,,2026-10-01 23:16:14
f6c97b1e2ed02578ca1066c8235ba4f991e645f89012406c639dbccc6582eec8,3849f30b51a5c49e8d1546960cc206c7,https://urlhaus-api.abuse.ch/v1/download/f6c97b1e2ed02578ca1066c8235ba4f991e645f89012406c639dbccc6582eec8/,urlhaus-api.abuse.ch,,elf,,,2026-10-01 23:15:07
7c2c4f9910e7b49e22f121d42a531f3f9b6279f42285167705854ab59fe119c5,4a8301181a1414190b8a7e4e89b17aab,https://urlhaus-api.abuse.ch/v1/download/7c2c4f9910e7b49e22f121d42a531f3f9b6279f42285167705854ab59fe119c5/,urlhaus-api.abuse.ch,,html,,,2026-10-01 23:15:03
d023cab344196d314f3b4c4afb55841e2b0091b49604e2bf5e15687fde637e5c,31a1be6ad77614c697c996afd5645dd6,https://urlhaus-api.abuse.ch/v1/download/d023cab344196d314f3b4c4afb55841e2b0091b49604e2bf5e15687fde637e5c/,urlhaus-api.abuse.ch,,exe,CoinMiner,,2026-10-01 23:14:55
09d70423e220146ff320681f95df03f93a99baba8f557e138f51c7683a5fb6dc,7d609b3c60d229efee23f236905c86f6,https://urlhaus-api.abuse.ch/v1/download/09d70423e220146ff320681f95df03f93a99baba8f557e138f51c7683a5fb6dc/,urlhaus-api.abuse.ch,,html,,,2026-10-01 23:14:18
93c11d449bb3e73663953722a4f32a3f40da6648c3773e7371fe364c7bf6f5ff,96d5f82b024a7c380ad19c42b17affb1,https://urlhaus-api.abuse.ch/v1/download/93c11d449bb3e73663953722a4f32a3f40da6648c3773e7371fe364c7bf6f5ff/,urlhaus-api.abuse.ch,,elf,,,2026-10-01 23:13:51
12013662c71da69de977c04cd7021f13a70cf7bed4ca6c82acbc100464d4b0ef,eec5c6c219535fba3a0492ea8118b397,https://urlhaus-api.abuse.ch/v1/download/12013662c71da69de977c04cd7021f13a70cf7bed4ca6c82acbc100464d4b0ef/,urlhaus-api.abuse.ch,,elf,Mirai,,2026-10-01 23:13:27
f108bec58f1e61d89a6fda415ff895bff1788daf42ba8733db5bd67981652d4a,ebfcbccbd6d423a3e20238610b6eb77a,https://urlhaus-api.abuse.ch/v1/download/f108bec58f1e61d89a6fda415ff895bff1788daf42ba8733db5bd67981652d4a/,urlhaus-api.abuse.ch,,elf,Mirai,,2026-10-01 23:11:11
2d1868d2b5a658007d32aa49463e373f028e66de2d3280a048d7fb8068675573,6fa551336fc9f2ff4be30ca6fe8826f9,https://urlhaus-api.abuse.ch/v1/download/2d1868d2b5a658007d32aa49463e373f028e66de2d3280a048d7fb8068675573/,urlhaus-api.abuse.ch,,html,,,2026-10-01 23:10:34
a49557ea0f51e778dd6c9e452fabd05184f3098086171357d0ea48ff8c0618bf,32272725f34b53e7fbbbb3e1cd03ce2b,https://urlhaus-api.abuse.ch/v1/download/a49557ea0f51e778dd6c9e452fabd05184f3098086171357d0ea48ff8c0618bf/,urlhaus-api.abuse.ch,,html,,,2026-10-01 23:09:11
46218b851167a8d105371412d6958086d87830943567f1e049209249bb7be108,0c348d68acea4da1360a27e690128ada,https://urlhaus-api.abuse.ch/v1/download/46218b851167a8d105371412d6958086d87830943567f1e049209249bb7be108/,urlhaus-api.abuse.ch,,html,,,2026-10-01 23:08:10
5ff282bf857e030b19f933b9e89b953196d55be3189c0dc3361e403655445dc7,3504f4f045c6b33f49aa2f87dbd6dbc5,https://urlhaus-api.abuse.ch/v1/download/5ff282bf857e030b19f933b9e89b953196d55be3189c0dc3361e403655445dc7/,urlhaus-api.abuse.ch,,js,,,2026-10-01 23:07:14
a0178108b0b0c6a443c75db66ad6a55bc7d1b537100ae15bc57c3dbcd36a4d32,8431c0a958bc56f728514b3745ca391e,https://urlhaus-api.abuse.ch/v1/download/a0178108b0b0c6a443c75db66ad6a55bc7d1b537100ae15bc57c3dbcd36a4d32/,urlhaus-api.abuse.ch,,js,,,2026-10-01 23:07:11
548a192d2340168c3f1a155e172a557808e54f65da27a3025d4fafa37a9c094b,ac37acca9cfdd0250271516f2d5fb792,https://urlhaus-api.abuse.ch/v1/download/548a192d2340168c3f1a155e172a557808e54f65da27a3025d4fafa37a9c094b/,urlhaus-api.abuse.ch,,html,,,2026-10-01 23:05:35
b1ccd950d6def4c5735b14cbb549eba7a79b4efa44357616106be48c7383ec08,f3ee1dbc09f9fc8dab421c775ca6b285,https://urlhaus-api.abuse.ch/v1/download/b1ccd950d6def4c5735b14cbb549eba7a79b4efa44357616106be48c7383ec08/,urlhaus-api.abuse.ch,,html,,,2026-10-01 23:05:26
4293c1d8574dc87c58360d6bac3daa182f64f7785c9d41da5e0741d2b1817fc7,59ce0baba11893f90527fc951ac69912,https://urlhaus-api.abuse.ch/v1/download/4293c1d8574dc87c58360d6bac3daa182f64f7785c9d41da5e0741d2b1817fc7/,urlhaus-api.abuse.ch,,elf,Mozi,,2026-10-01 23:02:12
12013662c71da69de977c04cd7021f13a70cf7bed4ca6c82acbc100464d4b0ef,eec5c6c219535fba3a0492ea8118b397,https://urlhaus-api.abuse.ch/v1/download/12013662c71da69de977c04cd7021f13a70cf7bed4ca6c82acbc100464d4b0ef/,urlhaus-api.abuse.ch,,elf,Mirai,,2026-10-01 23:02:12
f6c97b1e2ed02578ca1066c8235ba4f991e645f89012406c639dbccc6582eec8,3849f30b51a5c49e8d1546960cc206c7,https://urlhaus-api.abuse.ch/v1/download/f6c97b1e2ed02578ca1066c8235ba4f991e645f89012406c639dbccc6582eec8/,urlhaus-api.abuse.ch,,elf,,,2026-10-01 23:02:11
4293c1d8574dc87c58360d6bac3daa182f64f7785c9d41da5e0741d2b1817fc7,59ce0baba11893f90527fc951ac69912,https://urlhaus-api.abuse.ch/v1/download/4293c1d8574dc87c58360d6bac3daa182f64f7785c9d41da5e0741d2b1817fc7/,urlhaus-api.abuse.ch,,elf,Mozi,,2026-10-01 23:02:11
12013662c71da69de977c04cd7021f13a70cf7bed4ca6c82acbc100464d4b0ef,eec5c6c219535fba3a0492ea8118b397,https://urlhaus-api.abuse.ch/v1/download/12013662c71da69de977c04cd7021f13a70cf7bed4ca6c82acbc100464d4b0ef/,urlhaus-api.abuse.ch,,elf,Mirai,,2026-10-01 23:02:11
f563442546196a2b3c854bc68d5fec0b178b0e7816ffd3326ac1c7d8bc969a47,5d6c27e931eabb8f0e972f94c7c9bd7b,https://urlhaus-api.abuse.ch/v1/download/f563442546196a2b3c854bc68d5fec0b178b0e7816ffd3326ac1c7d8bc969a47/,urlhaus-api.abuse.ch,,html,,,2026-10-01 23:02:09
a6f607cf7c0dfd0d298faddf717d214cd39011a35c4ad0977431f73a2171e6ec,74b975f7d7faa4d00f7b429b9876007e,https://urlhaus-api.abuse.ch/v1/download/a6f607cf7c0dfd0d298faddf717d214cd39011a35c4ad0977431f73a2171e6ec/,urlhaus-api.abuse.ch,,html,,,2026-10-01 23:01:55
f3c467835add7f164bdc207bfa266a6c2b155d8e9240a15e6c44c7dcb560c092,6595367e3df7f415123f4e3b78d50834,https://urlhaus-api.abuse.ch/v1/download/f3c467835add7f164bdc207bfa266a6c2b155d8e9240a15e6c44c7dcb560c092/,urlhaus-api.abuse.ch,,html,,,2026-10-01 23:01:23
5a0ae899b32c98a48e69bf06495de59b0791d26f618c6e803b82a55a66f1af20,018244db74bd396ca67023bccee14993,https://urlhaus-api.abuse.ch/v1/download/5a0ae899b32c98a48e69bf06495de59b0791d26f618c6e803b82a55a66f1af20/,urlhaus-api.abuse.ch,,html,,,2026-10-01 22:58:24
420c961baf264f33e8224f87af1092b3e05fccd48e043cf0b084c4bfac53f40c,33299506fe620b65fc237dfd14152c2e,https://urlhaus-api.abuse.ch/v1/download/420c961baf264f33e8224f87af1092b3e05fccd48e043cf0b084c4bfac53f40c/,urlhaus-api.abuse.ch,,html,,,2026-10-01 22:57:26
bfaf01de26a25f3c7968b17eb34e15f6df81d5f8af26b0e89db9ecf076b9cb74,521479756adcaf34c51ed8cf617f95f0,https://urlhaus-api.abuse.ch/v1/download/bfaf01de26a25f3c7968b17eb34e15f6df81d5f8af26b0e89db9ecf076b9cb74/,urlhaus-api.abuse.ch,,elf,Mirai,,2026-10-01 22:56:50
bd9170c8afd6e5b420051012833d2e65d9b6676b76135779e6e7fbd69971cb5a,8846110af1291c6155aed7d9138b4df9,https://urlhaus-api.abuse.ch/v1/download/bd9170c8afd6e5b420051012833d2e65d9b6676b76135779e6e7fbd69971cb5a/,urlhaus-api.abuse.ch,,html,,,2026-10-01 22:56:21
d4305895d867b0906826b7ce89957f5b95d019093e2794786c8c07a24c9694d0,6547976a9b42db0a9ea083ba83fd785b,https://urlhaus-api.abuse.ch/v1/download/d4305895d867b0906826b7ce89957f5b95d019093e2794786c8c07a24c9694d0/,urlhaus-api.abuse.ch,,elf,Mirai,,2026-10-01 22:56:00
29f685d5aa064b484828bd6e852ad9e7c71356cc7ff678634795cfa9765c8dc5,6e8586de5178d33854b263d6d7493fe8,https://urlhaus-api.abuse.ch/v1/download/29f685d5aa064b484828bd6e852ad9e7c71356cc7ff678634795cfa9765c8dc5/,urlhaus-api.abuse.ch,,js,,,2026-10-01 22:54:50
dc6b001b050653cf0a649436ac06128aa480d02d46995381e40b3b837369b447,b96ac9444a3f3ba5ddabd97c155208ba,https://urlhaus-api.abuse.ch/v1/download/dc6b001b050653cf0a649436ac06128aa480d02d46995381e40b3b837369b447/,urlhaus-api.abuse.ch,,elf,Mirai,,2026-10-01 22:52:47
3121df850b81422ef08a42d03df6a59923a54598acef55d6a3f3c70e855061af,a184d5bca0a7dbbf1c76d49a41876934,https://urlhaus-api.abuse.ch/v1/download/3121df850b81422ef08a42d03df6a59923a54598acef55d6a3f3c70e855061af/,urlhaus-api.abuse.ch,,html,,,2026-10-01 22:51:56
30241aad0548f7ed575ed4e9be2e8ef55a25e86dad700655a4f3d02287794ae3,931d7d4b78f7542db88050e646b23561,https://urlhaus-api.abuse.ch/v1/download/30241aad0548f7ed575ed4e9be2e8ef55a25e86dad700655a4f3d02287794ae3/,urlhaus-api.abuse.ch,,exe,MyloBot,,2026-10-01 22:51:23
680c07611ce4891125dd8ee8790533f927e433c7be148a2857f6f3b38eb4d4b3,cbb0a28e06d628530bf8bd0fc65b945e,https://urlhaus-api.abuse.ch/v1/download/680c07611ce4891125dd8ee8790533f927e433c7be148a2857f6f3b38eb4d4b3/,urlhaus-api.abuse.ch,,js,,,2026-10-01 22:50:58
8a6ae1f9c948bddece408922401ccb44483e320b8e90cf9c60a06548725a210e,b1a4f87ec2d130d163d7dc1219ec78b4,https://urlhaus-api.abuse.ch/v1/download/8a6ae1f9c948bddece408922401ccb44483e320b8e90cf9c60a06548725a210e/,urlhaus-api.abuse.ch,,exe,,,2026-10-01 22:49:49
b168771a309bcbb40e7118a7932ce5578498a5519bb5a8e764592a78c6e6eaed,3aa34a0fa2aeb45543c0ed373d96ad23,https://urlhaus-api.abuse.ch/v1/download/b168771a309bcbb40e7118a7932ce5578498a5519bb5a8e764592a78c6e6eaed/,urlhaus-api.abuse.ch,,html,,,2026-10-01 22:48:54
15dcb5a9045f3ddddec7b720108b3b9fff887bca966a14cf11b496aa41d780ad,28d2c6eacf37be6042e391f734d100e5,https://urlhaus-api.abuse.ch/v1/download/15dcb5a9045f3ddddec7b720108b3b9fff887bca966a14cf11b496aa41d780ad/,urlhaus-api.abuse.ch,,html,,,2026-10-01 22:47:58
12013662c71da69de977c04cd7021f13a70cf7bed4ca6c82acbc100464d4b0ef,eec5c6c219535fba3a0492ea8118b397,https://urlhaus-api.abuse.ch/v1/download/12013662c71da69de977c04cd7021f13a70cf7bed4ca6c82acbc100464d4b0ef/,urlhaus-api.abuse.ch,,elf,Mirai,,2026-10-01 22:47:14
4293c1d8574dc87c58360d6bac3daa182f64f7785c9d41da5e0741d2b1817fc7,59ce0baba11893f90527fc951ac69912,https://urlhaus-api.abuse.ch/v1/download/4293c1d8574dc87c58360d6bac3daa182f64f7785c9d41da5e0741d2b1817fc7/,urlhaus-api.abuse.ch,,elf,Mozi,,2026-10-01 22:47:13
51a36ea25c4cb0d2db97a2a531256396cfa936a076e4d6ecf99f6237f1d5dc57,2e018694c6bf19760cbe8afa575d9fc7,https://urlhaus-api.abuse.ch/v1/download/51a36ea25c4cb0d2db97a2a531256396cfa936a076e4d6ecf99f6237f1d5dc57/,urlhaus-api.abuse.ch,,exe,,,2026-10-01 22:45:52
3bb04a1a8d8f37280ea78e0c5b0d44ba7ca13f64cb13ad415672c6db1458d018,4cc4e41b0cb483b5398a29518bb2df15,https://urlhaus-api.abuse.ch/v1/download/3bb04a1a8d8f37280ea78e0c5b0d44ba7ca13f64cb13ad415672c6db1458d018/,urlhaus-api.abuse.ch,,exe,,,2026-10-01 22:45:06
1921b16168addf38bc7fef09a863c49c80d95fd44b863dbeaa6b392afcde4829,30156761aeb41bc46d3823cc76cc416d,https://urlhaus-api.abuse.ch/v1/download/1921b16168addf38bc7fef09a863c49c80d95fd44b863dbeaa6b392afcde4829/,urlhaus-api.abuse.ch,,html,,,2026-10-01 22:44:31
e9060fc83fe74fc207db779dabecdc2daa6de29fae78817353b6f4b9658dece9,259c95a05160e40bfe2bc28abe8ce193,https://urlhaus-api.abuse.ch/v1/download/e9060fc83fe74fc207db779dabecdc2daa6de29fae78817353b6f4b9658dece9/,urlhaus-api.abuse.ch,,html,,,2026-10-01 22:44:13
f47efd45e3e9dc2945ca841eeb034874a56e431c7b2b98731f1aba800252c716,78bb56db32368deb6b8bf9651d746baa,https://urlhaus-api.abuse.ch/v1/download/f47efd45e3e9dc2945ca841eeb034874a56e431c7b2b98731f1aba800252c716/,urlhaus-api.abuse.ch,,html,,,2026-10-01 22:43:49
208b8c2b2ee2e299351427acf7e7c85598efc805ec26f21335535b70d6059c6b,8d64cb9e4cae30ede1fd9f25ce524194,https://urlhaus-api.abuse.ch/v1/download/208b8c2b2ee2e299351427acf7e7c85598efc805ec26f21335535b70d6059c6b/,urlhaus-api.abuse.ch,,elf,Gafgyt,,2026-10-01 22:42:47
13e37066aafd858a1fc8b42c5073d18a930ad8769affc56e823e20fa91399bc7,c4caaed0594cd6a75583bf43b0a3df59,https://urlhaus-api.abuse.ch/v1/download/13e37066aafd858a1fc8b42c5073d18a930ad8769affc56e823e20fa91399bc7/,urlhaus-api.abuse.ch,,html,,,2026-10-01 22:42:39
023721dd84557881954d34f5194e227f9634e7914789b69276dfaaadb674a65e,f4492ee6286c5286813cf1dd1f33c947,https://urlhaus-api.abuse.ch/v1/download/023721dd84557881954d34f5194e227f9634e7914789b69276dfaaadb674a65e/,urlhaus-api.abuse.ch,,elf,Mirai,,2026-10-01 22:42:30
94d0c55a228b9b146dca47178511f1136aad0795c6569fbbf6a845d1affa7569,321637954a54bee8bb1d7f89320091ed,https://urlhaus-api.abuse.ch/v1/download/94d0c55a228b9b146dca47178511f1136aad0795c6569fbbf6a845d1affa7569/,urlhaus-api.abuse.ch,,unknown,,,2026-10-01 22:42:27
616e3fd4a12697ec380d3ca88ae164b545b278ceddf444bb2b199c977ee4eb90,587717e56088d0711b4109f47231c72f,https://urlhaus-api.abuse.ch/v1/download/616e3fd4a12697ec380d3ca88ae164b545b278ceddf444bb2b199c977ee4eb90/,urlhaus-api.abuse.ch,,html,,,2026-10-01 22:42:04
94d0c55a228b9b146dca47178511f1136aad0795c6569fbbf6a845d1affa7569,321637954a54bee8bb1d7f89320091ed,https://urlhaus-api.abuse.ch/v1/download/94d0c55a228b9b146dca47178511f1136aad0795c6569fbbf6a845d1affa7569/,urlhaus-api.abuse.ch,,unknown,,,2026-10-01 22:41:37
d6c6b4c0aa770a7101af655d3a1b29e00b4316e686fbe280723d01a529c39610,824023bfc434a09c4d538b50a26111ba,https://urlhaus-api.abuse.ch/v1/download/d6c6b4c0aa770a7101af655d3a1b29e00b4316e686fbe280723d01a529c39610/,urlhaus-api.abuse.ch,,exe,,,2026-10-01 22:41:26
6b933f93e5d06016cca43fe2bd96bc13c282d2866b10a4bada1cce9e6e0bd41e,14153d5a72387b0e03432edc1dc36bbd,https://urlhaus-api.abuse.ch/v1/download/6b933f93e5d06016cca43fe2bd96bc13c282d2866b10a4bada1cce9e6e0bd41e/,urlhaus-api.abuse.ch,,html,,,2026-10-01 22:40:54
ff70fbda3c052336420ecb4a8b45f28d71f66b640d2ab3e9b7a0780240613469,716e2be0cbed927322be4fc4eaf25962,https://urlhaus-api.abuse.ch/v1/download/ff70fbda3c052336420ecb4a8b45f28d71f66b640d2ab3e9b7a0780240613469/,urlhaus-api.abuse.ch,,html,,,2026-10-01 22:39:59
8bb1a04ea3bb3d892b7b2b333dac9f0081c3dbd2f49be8a85e4484c43bbd8470,a2560729c1f98b46c092356aca5bc7ce,https://urlhaus-api.abuse.ch/v1/download/8bb1a04ea3bb3d892b7b2b333dac9f0081c3dbd2f49be8a85e4484c43bbd8470/,urlhaus-api.abuse.ch,,html,,,2026-10-01 22:39:41
f6c97b1e2ed02578ca1066c8235ba4f991e645f89012406c639dbccc6582eec8,3849f30b51a5c49e8d1546960cc206c7,https://urlhaus-api.abuse.ch/v1/download/f6c97b1e2ed02578ca1066c8235ba4f991e645f89012406c639dbccc6582eec8/,urlhaus-api.abuse.ch,,elf,,,2026-10-01 22:32:11
4293c1d8574dc87c58360d6bac3daa182f64f7785c9d41da5e0741d2b1817fc7,59ce0baba11893f90527fc951ac69912,https://urlhaus-api.abuse.ch/v1/download/4293c1d8574dc87c58360d6bac3daa182f64f7785c9d41da5e0741d2b1817fc7/,urlhaus-api.abuse.ch,,elf,Mozi,,2026-10-01 22:32:11
b5cf68c7cb5bb2d21d60bf6654926f61566d95bfd7c9f9e182d032f1da5b4605,a73ddd6ec22462db955439f665cad4e6,https://urlhaus-api.abuse.ch/v1/download/b5cf68c7cb5bb2d21d60bf6654926f61566d95bfd7c9f9e182d032f1da5b4605/,urlhaus-api.abuse.ch,,elf,,,2026-10-01 22:24:17
f6c97b1e2ed02578ca1066c8235ba4f991e645f89012406c639dbccc6582eec8,3849f30b51a5c49e8d1546960cc206c7,https://urlhaus-api.abuse.ch/v1/download/f6c97b1e2ed02578ca1066c8235ba4f991e645f89012406c639dbccc6582eec8/,urlhaus-api.abuse.ch,,elf,,,2026-10-01 22:17:14
4293c1d8574dc87c58360d6bac3daa182f64f7785c9d41da5e0741d2b1817fc7,59ce0baba11893f90527fc951ac69912,https://urlhaus-api.abuse.ch/v1/download/4293c1d8574dc87c58360d6bac3daa182f64f7785c9d41da5e0741d2b1817fc7/,urlhaus-api.abuse.ch,,elf,Mozi,,2026-10-01 22:17:14
12013662c71da69de977c04cd7021f13a70cf7bed4ca6c82acbc100464d4b0ef,eec5c6c219535fba3a0492ea8118b397,https://urlhaus-api.abuse.ch/v1/download/12013662c71da69de977c04cd7021f13a70cf7bed4ca6c82acbc100464d4b0ef/,urlhaus-api.abuse.ch,,elf,Mirai,,2026-10-01 22:17:14
f59bbdb43c7666acdbee88f43d5fad2c8baca25595cca877c1d3b94738631c45,1d3ceadf750344e8686636e8a1f404b5,https://urlhaus-api.abuse.ch/v1/download/f59bbdb43c7666acdbee88f43d5fad2c8baca25595cca877c1d3b94738631c45/,urlhaus-api.abuse.ch,,elf,Mirai,,2026-10-01 22:14:13
c388db5d4e3eab01b8305364a0a4efd71d408b221ad1d2eb1432871d3a5b9d11,759b0eb8cb0278515aadd92e25ff88db,https://urlhaus-api.abuse.ch/v1/download/c388db5d4e3eab01b8305364a0a4efd71d408b221ad1d2eb1432871d3a5b9d11/,urlhaus-api.abuse.ch,,elf,Mirai,,2026-10-01 22:14:13
ff393f11d2f393429ca4d7141dddedb898943ae402d835c0a012c0e7d6e6e192,ad8cc956c569ef7988e98a626796f4e4,https://urlhaus-api.abuse.ch/v1/download/ff393f11d2f393429ca4d7141dddedb898943ae402d835c0a012c0e7d6e6e192/,urlhaus-api.abuse.ch,,elf,Mirai,,2026-10-01 22:14:13
12655f8e861f154b346f360a1712a673f454f609a4ba440ce42ba2a4d6a041a0,edf937f03e430995b631e7f23d70c418,https://urlhaus-api.abuse.ch/v1/download/12655f8e861f154b346f360a1712a673f454f609a4ba440ce42ba2a4d6a041a0/,urlhaus-api.abuse.ch,,elf,Mirai,,2026-10-01 22:14:13
21cfdf0e3d63b449803a0dce04c5737000853724dff9778a0a9dbb692525f052,f28f3e131506e9321971d2b388794cbf,https://urlhaus-api.abuse.ch/v1/download/21cfdf0e3d63b449803a0dce04c5737000853724dff9778a0a9dbb692525f052/,urlhaus-api.abuse.ch,,elf,Mirai,,2026-10-01 22:14:13
c84c6ef2a467deb5fd214e6911bcc124d231ad5930b827cef27fb4177dd0ebe9,f29e37b3878981aacd7d30323e73ba30,https://urlhaus-api.abuse.ch/v1/download/c84c6ef2a467deb5fd214e6911bcc124d231ad5930b827cef27fb4177dd0ebe9/,urlhaus-api.abuse.ch,,elf,Mirai,,2026-10-01 22:14:13
ae4ee530286ff6f4f504efb5cb322c3daf0e4e6a8c5e6ceb497cb1a3e796b25d,309d2c333ffdceabec494f05350d8f89,https://urlhaus-api.abuse.ch/v1/download/ae4ee530286ff6f4f504efb5cb322c3daf0e4e6a8c5e6ceb497cb1a3e796b25d/,urlhaus-api.abuse.ch,,elf,Mirai,,2026-10-01 22:13:30
9dfad1a0a431ba34e56b95915c8a7311dd2d66bc11f60365516cd9698c2bf1ae,4f3f534f64b26de8abed90be4cd705cb,https://urlhaus-api.abuse.ch/v1/download/9dfad1a0a431ba34e56b95915c8a7311dd2d66bc11f60365516cd9698c2bf1ae/,urlhaus-api.abuse.ch,,elf,Mirai,,2026-10-01 22:13:30
2b9e7898a59c221a956a8799c8eef9fa48b1b9e1e6a68fca37c3d3a2e1588941,bb709cef29a1eeac5fb1dab2997c7e60,https://urlhaus-api.abuse.ch/v1/download/2b9e7898a59c221a956a8799c8eef9fa48b1b9e1e6a68fca37c3d3a2e1588941/,urlhaus-api.abuse.ch,,elf,Mirai,,2026-10-01 22:13:30
4edd5f34939812823e8b131ca5e3e4f1994fc4cbf1c3c7ee9b793acc21629342,c8162682a65fc0692e7549da2afbda2e,https://urlhaus-api.abuse.ch/v1/download/4edd5f34939812823e8b131ca5e3e4f1994fc4cbf1c3c7ee9b793acc21629342/,urlhaus-api.abuse.ch,,elf,Mirai,,2026-10-01 22:13:30
b0c71205ccbbe4b965157d0085dd02142c73149c27f1b295fd472d7b14a4a7e4,f449c4d601760fe50de0a16b05493144,https://urlhaus-api.abuse.ch/v1/download/b0c71205ccbbe4b965157d0085dd02142c73149c27f1b295fd472d7b14a4a7e4/,urlhaus-api.abuse.ch,,html,,,2026-10-01 22:03:37
4293c1d8574dc87c58360d6bac3daa182f64f7785c9d41da5e0741d2b1817fc7,59ce0baba11893f90527fc951ac69912,https://urlhaus-api.abuse.ch/v1/download/4293c1d8574dc87c58360d6bac3daa182f64f7785c9d41da5e0741d2b1817fc7/,urlhaus-api.abuse.ch,,elf,Mozi,,2026-10-01 22:02:10
b5cf68c7cb5bb2d21d60bf6654926f61566d95bfd7c9f9e182d032f1da5b4605,a73ddd6ec22462db955439f665cad4e6,https://urlhaus-api.abuse.ch/v1/download/b5cf68c7cb5bb2d21d60bf6654926f61566d95bfd7c9f9e182d032f1da5b4605/,urlhaus-api.abuse.ch,,elf,,,2026-10-01 22:02:10
4293c1d8574dc87c58360d6bac3daa182f64f7785c9d41da5e0741d2b1817fc7,59ce0baba11893f90527fc951ac69912,https://urlhaus-api.abuse.ch/v1/download/4293c1d8574dc87c58360d6bac3daa182f64f7785c9d41da5e0741d2b1817fc7/,urlhaus-api.abuse.ch,,elf,Mozi,,2026-10-01 21:48:11
f6c97b1e2ed02578ca1066c8235ba4f991e645f89012406c639dbccc6582eec8,3849f30b51a5c49e8d1546960cc206c7,https://urlhaus-api.abuse.ch/v1/download/f6c97b1e2ed02578ca1066c8235ba4f991e645f89012406c639dbccc6582eec8/,urlhaus-api.abuse.ch,,elf,,,2026-10-01 21:47:13
4293c1d8574dc87c58360d6bac3daa182f64f7785c9d41da5e0741d2b1817fc7,59ce0baba11893f90527fc951ac69912,https://urlhaus-api.abuse.ch/v1/download/4293c1d8574dc87c58360d6bac3daa182f64f7785c9d41da5e0741d2b1817fc7/,urlhaus-api.abuse.ch,,elf,Mozi,,2026-10-01 21:47:13
12013662c71da69de977c04cd7021f13a70cf7bed4ca6c82acbc100464d4b0ef,eec5c6c219535fba3a0492ea8118b397,https://urlhaus-api.abuse.ch/v1/download/12013662c71da69de977c04cd7021f13a70cf7bed4ca6c82acbc100464d4b0ef/,urlhaus-api.abuse.ch,,elf,Mirai,,2026-10-01 21:47:13
4293c1d8574dc87c58360d6bac3daa182f64f7785c9d41da5e0741d2b1817fc7,59ce0baba11893f90527fc951ac69912,https://urlhaus-api.abuse.ch/v1/download/4293c1d8574dc87c58360d6bac3daa182f64f7785c9d41da5e0741d2b1817fc7/,urlhaus-api.abuse.ch,,elf,Mozi,,2026-10-01 21:46:12
12013662c71da69de977c04cd7021f13a70cf7bed4ca6c82acbc100464d4b0ef,eec5c6c219535fba3a0492ea8118b397,https://urlhaus-api.abuse.ch/v1/download/12013662c71da69de977c04cd7021f13a70cf7bed4ca6c82acbc100464d4b0ef/,urlhaus-api.abuse.ch,,elf,Mirai,,2026-10-01 21:32:10
f6c97b1e2ed02578ca1066c8235ba4f991e645f89012406c639dbccc6582eec8,3849f30b51a5c49e8d1546960cc206c7,https://urlhaus-api.abuse.ch/v1/download/f6c97b1e2ed02578ca1066c8235ba4f991e645f89012406c639dbccc6582eec8/,urlhaus-api.abuse.ch,,elf,,,2026-10-01 21:32:09
4293c1d8574dc87c58360d6bac3daa182f64f7785c9d41da5e0741d2b1817fc7,59ce0baba11893f90527fc951ac69912,https://urlhaus-api.abuse.ch/v1/download/4293c1d8574dc87c58360d6bac3daa182f64f7785c9d41da5e0741d2b1817fc7/,urlhaus-api.abuse.ch,,elf,Mozi,,2026-10-01 21:32:09
b5cf68c7cb5bb2d21d60bf6654926f61566d95bfd7c9f9e182d032f1da5b4605,a73ddd6ec22462db955439f665cad4e6,https://urlhaus-api.abuse.ch/v1/download/b5cf68c7cb5bb2d21d60bf6654926f61566d95bfd7c9f9e182d032f1da5b4605/,urlhaus-api.abuse.ch,,elf,,,2026-10-01 21:32:09
12013662c71da69de977c04cd7021f13a70cf7bed4ca6c82acbc100464d4b0ef,eec5c6c219535fba3a0492ea8118b397,https://urlhaus-api.abuse.ch/v1/download/12013662c71da69de977c04cd7021f13a70cf7bed4ca6c82acbc100464d4b0ef/,urlhaus-api.abuse.ch,,elf,Mirai,,2026-10-01 21:32:09
7c022645aa7cd66547e07937a94bf27661e1f3568df24e8690bf0e3896cbabc7,398c434b792efee5c166fbd122f4df95,https://urlhaus-api.abuse.ch/v1/download/7c022645aa7cd66547e07937a94bf27661e1f3568df24e8690bf0e3896cbabc7/,urlhaus-api.abuse.ch,,html,,,2026-10-01 21:31:37
220f8d300d9daf02a8acef4ac6a49e0c2052e5afe973a12aaf962b7118374311,e68579792c2574256385736b8d45b475,https://urlhaus-api.abuse.ch/v1/download/220f8d300d9daf02a8acef4ac6a49e0c2052e5afe973a12aaf962b7118374311/,urlhaus-api.abuse.ch,,html,,,2026-10-01 21:29:56
f6c97b1e2ed02578ca1066c8235ba4f991e645f89012406c639dbccc6582eec8,3849f30b51a5c49e8d1546960cc206c7,https://urlhaus-api.abuse.ch/v1/download/f6c97b1e2ed02578ca1066c8235ba4f991e645f89012406c639dbccc6582eec8/,urlhaus-api.abuse.ch,,elf,,,2026-10-01 21:17:11
4293c1d8574dc87c58360d6bac3daa182f64f7785c9d41da5e0741d2b1817fc7,59ce0baba11893f90527fc951ac69912,https://urlhaus-api.abuse.ch/v1/download/4293c1d8574dc87c58360d6bac3daa182f64f7785c9d41da5e0741d2b1817fc7/,urlhaus-api.abuse.ch,,elf,Mozi,,2026-10-01 21:17:11
12013662c71da69de977c04cd7021f13a70cf7bed4ca6c82acbc100464d4b0ef,eec5c6c219535fba3a0492ea8118b397,https://urlhaus-api.abuse.ch/v1/download/12013662c71da69de977c04cd7021f13a70cf7bed4ca6c82acbc100464d4b0ef/,urlhaus-api.abuse.ch,,elf,Mirai,,2026-10-01 21:17:11
f6c97b1e2ed02578ca1066c8235ba4f991e645f89012406c639dbccc6582eec8,3849f30b51a5c49e8d1546960cc206c7,https://urlhaus-api.abuse.ch/v1/download/f6c97b1e2ed02578ca1066c8235ba4f991e645f89012406c639dbccc6582eec8/,urlhaus-api.abuse.ch,,elf,,,2026-10-01 21:02:14
4293c1d8574dc87c58360d6bac3daa182f64f7785c9d41da5e0741d2b1817fc7,59ce0baba11893f90527fc951ac69912,https://urlhaus-api.abuse.ch/v1/download/4293c1d8574dc87c58360d6bac3daa182f64f7785c9d41da5e0741d2b1817fc7/,urlhaus-api.abuse.ch,,elf,Mozi,,2026-10-01 21:02:14
b5cf68c7cb5bb2d21d60bf6654926f61566d95bfd7c9f9e182d032f1da5b4605,a73ddd6ec22462db955439f665cad4e6,https://urlhaus-api.abuse.ch/v1/download/b5cf68c7cb5bb2d21d60bf6654926f61566d95bfd7c9f9e182d032f1da5b4605/,urlhaus-api.abuse.ch,,elf,,,2026-10-01 21:02:14
a25a7ccf79fc61668e188f4c59b864971c0b855f1da300d7f91c62b3c5264afa,636b52ad626eb0a3aeb53db23ca03235,https://urlhaus-api.abuse.ch/v1/download/a25a7ccf79fc61668e188f4c59b864971c0b855f1da300d7f91c62b3c5264afa/,urlhaus-api.abuse.ch,,elf,Mirai,,2026-10-01 20:55:25
12013662c71da69de977c04cd7021f13a70cf7bed4ca6c82acbc100464d4b0ef,eec5c6c219535fba3a0492ea8118b397,https://urlhaus-api.abuse.ch/v1/download/12013662c71da69de977c04cd7021f13a70cf7bed4ca6c82acbc100464d4b0ef/,urlhaus-api.abuse.ch,,elf,Mirai,,2026-10-01 20:49:22
f6c97b1e2ed02578ca1066c8235ba4f991e645f89012406c639dbccc6582eec8,3849f30b51a5c49e8d1546960cc206c7,https://urlhaus-api.abuse.ch/v1/download/f6c97b1e2ed02578ca1066c8235ba4f991e645f89012406c639dbccc6582eec8/,urlhaus-api.abuse.ch,,elf,,,2026-10-01 20:47:11
4293c1d8574dc87c58360d6bac3daa182f64f7785c9d41da5e0741d2b1817fc7,59ce0baba11893f90527fc951ac69912,https://urlhaus-api.abuse.ch/v1/download/4293c1d8574dc87c58360d6bac3daa182f64f7785c9d41da5e0741d2b1817fc7/,urlhaus-api.abuse.ch,,elf,Mozi,,2026-10-01 20:47:11
12013662c71da69de977c04cd7021f13a70cf7bed4ca6c82acbc100464d4b0ef,eec5c6c219535fba3a0492ea8118b397,https://urlhaus-api.abuse.ch/v1/download/12013662c71da69de977c04cd7021f13a70cf7bed4ca6c82acbc100464d4b0ef/,urlhaus-api.abuse.ch,,elf,Mirai,,2026-10-01 20:47:11
4293c1d8574dc87c58360d6bac3daa182f64f7785c9d41da5e0741d2b1817fc7,59ce0baba11893f90527fc951ac69912,https://urlhaus-api.abuse.ch/v1/download/4293c1d8574dc87c58360d6bac3daa182f64f7785c9d41da5e0741d2b1817fc7/,urlhaus-api.abuse.ch,,elf,Mozi,,2026-10-01 20:33:10
4293c1d8574dc87c58360d6bac3daa182f64f7785c9d41da5e0741d2b1817fc7,59ce0baba11893f90527fc951ac69912,https://urlhaus-api.abuse.ch/v1/download/4293c1d8574dc87c58360d6bac3daa182f64f7785c9d41da5e0741d2b1817fc7/,urlhaus-api.abuse.ch,,elf,Mozi,,2026-10-01 20:32:28
f6c97b1e2ed02578ca1066c8235ba4f991e645f89012406c639dbccc6582eec8,3849f30b51a5c49e8d1546960cc206c7,https://urlhaus-api.abuse.ch/v1/download/f6c97b1e2ed02578ca1066c8235ba4f991e645f89012406c639dbccc6582eec8/,urlhaus-api.abuse.ch,,elf,,,2026-10-01 20:32:16
4293c1d8574dc87c58360d6bac3daa182f64f7785c9d41da5e0741d2b1817fc7,59ce0baba11893f90527fc951ac69912,https://urlhaus-api.abuse.ch/v1/download/4293c1d8574dc87c58360d6bac3daa182f64f7785c9d41da5e0741d2b1817fc7/,urlhaus-api.abuse.ch,,elf,Mozi,,2026-10-01 20:32:16
12013662c71da69de977c04cd7021f13a70cf7bed4ca6c82acbc100464d4b0ef,eec5c6c219535fba3a0492ea8118b397,https://urlhaus-api.abuse.ch/v1/download/12013662c71da69de977c04cd7021f13a70cf7bed4ca6c82acbc100464d4b0ef/,urlhaus-api.abuse.ch,,elf,Mirai,,2026-10-01 20:32:16
f6c97b1e2ed02578ca1066c8235ba4f991e645f89012406c639dbccc6582eec8,3849f30b51a5c49e8d1546960cc206c7,https://urlhaus-api.abuse.ch/v1/download/f6c97b1e2ed02578ca1066c8235ba4f991e645f89012406c639dbccc6582eec8/,urlhaus-api.abuse.ch,,elf,,,2026-10-01 20:17:12
4293c1d8574dc87c58360d6bac3daa182f64f7785c9d41da5e0741d2b1817fc7,59ce0baba11893f90527fc951ac69912,https://urlhaus-api.abuse.ch/v1/download/4293c1d8574dc87c58360d6bac3daa182f64f7785c9d41da5e0741d2b1817fc7/,urlhaus-api.abuse.ch,,elf,Mozi,,2026-10-01 20:17:12
4293c1d8574dc87c58360d6bac3daa182f64f7785c9d41da5e0741d2b1817fc7,59ce0baba11893f90527fc951ac69912,https://urlhaus-api.abuse.ch/v1/download/4293c1d8574dc87c58360d6bac3daa182f64f7785c9d41da5e0741d2b1817fc7/,urlhaus-api.abuse.ch,,elf,Mozi,,2026-10-01 20:01:14
12013662c71da69de977c04cd7021f13a70cf7bed4ca6c82acbc100464d4b0ef,eec5c6c219535fba3a0492ea8118b397,https://urlhaus-api.abuse.ch/v1/download/12013662c71da69de977c04cd7021f13a70cf7bed4ca6c82acbc100464d4b0ef/,urlhaus-api.abuse.ch,,elf,Mirai,,2026-10-01 20:01:14
4293c1d8574dc87c58360d6bac3daa182f64f7785c9d41da5e0741d2b1817fc7,59ce0baba11893f90527fc951ac69912,https://urlhaus-api.abuse.ch/v1/download/4293c1d8574dc87c58360d6bac3daa182f64f7785c9d41da5e0741d2b1817fc7/,urlhaus-api.abuse.ch,,elf,Mozi,,2026-10-01 19:47:12
12013662c71da69de977c04cd7021f13a70cf7bed4ca6c82acbc100464d4b0ef,eec5c6c219535fba3a0492ea8118b397,https://urlhaus-api.abuse.ch/v1/download/12013662c71da69de977c04cd7021f13a70cf7bed4ca6c82acbc100464d4b0ef/,urlhaus-api.abuse.ch,,elf,Mirai,,2026-10-01 19:47:11
b5cf68c7cb5bb2d21d60bf6654926f61566d95bfd7c9f9e182d032f1da5b4605,a73ddd6ec22462db955439f665cad4e6,https://urlhaus-api.abuse.ch/v1/download/b5cf68c7cb5bb2d21d60bf6654926f61566d95bfd7c9f9e182d032f1da5b4605/,urlhaus-api.abuse.ch,,elf,,,2026-10-01 19:47:10
12013662c71da69de977c04cd7021f13a70cf7bed4ca6c82acbc100464d4b0ef,eec5c6c219535fba3a0492ea8118b397,https://urlhaus-api.abuse.ch/v1/download/12013662c71da69de977c04cd7021f13a70cf7bed4ca6c82acbc100464d4b0ef/,urlhaus-api.abuse.ch,,elf,Mirai,,2026-10-01 19:42:31
12013662c71da69de977c04cd7021f13a70cf7bed4ca6c82acbc100464d4b0ef,eec5c6c219535fba3a0492ea8118b397,https://urlhaus-api.abuse.ch/v1/download/12013662c71da69de977c04cd7021f13a70cf7bed4ca6c82acbc100464d4b0ef/,urlhaus-api.abuse.ch,,elf,Mirai,,2026-10-01 19:34:20
4293c1d8574dc87c58360d6bac3daa182f64f7785c9d41da5e0741d2b1817fc7,59ce0baba11893f90527fc951ac69912,https://urlhaus-api.abuse.ch/v1/download/4293c1d8574dc87c58360d6bac3daa182f64f7785c9d41da5e0741d2b1817fc7/,urlhaus-api.abuse.ch,,elf,Mozi,,2026-10-01 19:32:13
12013662c71da69de977c04cd7021f13a70cf7bed4ca6c82acbc100464d4b0ef,eec5c6c219535fba3a0492ea8118b397,https://urlhaus-api.abuse.ch/v1/download/12013662c71da69de977c04cd7021f13a70cf7bed4ca6c82acbc100464d4b0ef/,urlhaus-api.abuse.ch,,elf,Mirai,,2026-10-01 19:32:13
12013662c71da69de977c04cd7021f13a70cf7bed4ca6c82acbc100464d4b0ef,eec5c6c219535fba3a0492ea8118b397,https://urlhaus-api.abuse.ch/v1/download/12013662c71da69de977c04cd7021f13a70cf7bed4ca6c82acbc100464d4b0ef/,urlhaus-api.abuse.ch,,elf,Mirai,,2026-10-01 19:32:12
12013662c71da69de977c04cd7021f13a70cf7bed4ca6c82acbc100464d4b0ef,eec5c6c219535fba3a0492ea8118b397,https://urlhaus-api.abuse.ch/v1/download/12013662c71da69de977c04cd7021f13a70cf7bed4ca6c82acbc100464d4b0ef/,urlhaus-api.abuse.ch,,elf,Mirai,,2026-10-01 19:31:17
35a28614707a93129f795deea70773caa1e633b0ada7ed7515d10247a5603fd3,10ce934163eef2afca07edc5539a065f,https://urlhaus-api.abuse.ch/v1/download/35a28614707a93129f795deea70773caa1e633b0ada7ed7515d10247a5603fd3/,urlhaus-api.abuse.ch,,txt,XWorm,,2026-10-01 19:22:32
12013662c71da69de977c04cd7021f13a70cf7bed4ca6c82acbc100464d4b0ef,eec5c6c219535fba3a0492ea8118b397,https://urlhaus-api.abuse.ch/v1/download/12013662c71da69de977c04cd7021f13a70cf7bed4ca6c82acbc100464d4b0ef/,urlhaus-api.abuse.ch,,elf,Mirai,,2026-10-01 19:17:19
4293c1d8574dc87c58360d6bac3daa182f64f7785c9d41da5e0741d2b1817fc7,59ce0baba11893f90527fc951ac69912,https://urlhaus-api.abuse.ch/v1/download/4293c1d8574dc87c58360d6bac3daa182f64f7785c9d41da5e0741d2b1817fc7/,urlhaus-api.abuse.ch,,elf,Mozi,,2026-10-01 19:16:17
b5cf68c7cb5bb2d21d60bf6654926f61566d95bfd7c9f9e182d032f1da5b4605,a73ddd6ec22462db955439f665cad4e6,https://urlhaus-api.abuse.ch/v1/download/b5cf68c7cb5bb2d21d60bf6654926f61566d95bfd7c9f9e182d032f1da5b4605/,urlhaus-api.abuse.ch,,elf,,,2026-10-01 19:16:17
a0c94e628a7e90841a31a117e779d49796edf062d6a6e3892f4fcba7fb805d35,c25f1a4d6b5df900c3dea151457cbad7,https://urlhaus-api.abuse.ch/v1/download/a0c94e628a7e90841a31a117e779d49796edf062d6a6e3892f4fcba7fb805d35/,urlhaus-api.abuse.ch,,js,,,2026-10-01 19:06:44
4293c1d8574dc87c58360d6bac3daa182f64f7785c9d41da5e0741d2b1817fc7,59ce0baba11893f90527fc951ac69912,https://urlhaus-api.abuse.ch/v1/download/4293c1d8574dc87c58360d6bac3daa182f64f7785c9d41da5e0741d2b1817fc7/,urlhaus-api.abuse.ch,,elf,Mozi,,2026-10-01 19:02:13
12013662c71da69de977c04cd7021f13a70cf7bed4ca6c82acbc100464d4b0ef,eec5c6c219535fba3a0492ea8118b397,https://urlhaus-api.abuse.ch/v1/download/12013662c71da69de977c04cd7021f13a70cf7bed4ca6c82acbc100464d4b0ef/,urlhaus-api.abuse.ch,,elf,Mirai,,2026-10-01 19:02:13
9161b2a482254a9a4a16e34fb8e9bf9032bfd0705804a807069ded516d08daca,2267d9786a02372c544f62ecf2efffee,https://urlhaus-api.abuse.ch/v1/download/9161b2a482254a9a4a16e34fb8e9bf9032bfd0705804a807069ded516d08daca/,urlhaus-api.abuse.ch,,html,,,2026-10-01 18:51:27
b5cf68c7cb5bb2d21d60bf6654926f61566d95bfd7c9f9e182d032f1da5b4605,a73ddd6ec22462db955439f665cad4e6,https://urlhaus-api.abuse.ch/v1/download/b5cf68c7cb5bb2d21d60bf6654926f61566d95bfd7c9f9e182d032f1da5b4605/,urlhaus-api.abuse.ch,,elf,,,2026-10-01 18:47:12
66650d37aae16777480bc3622abf61682a9b86d05b884f46657f4849287485ec,7d5b241d050348e17ca318c288819198,https://urlhaus-api.abuse.ch/v1/download/66650d37aae16777480bc3622abf61682a9b86d05b884f46657f4849287485ec/,urlhaus-api.abuse.ch,,html,,,2026-10-01 18:40:42
0e78836d5ce04b991c066d3358e0ff41476c4dcbb2befceb754c37afd3bce88d,d2113256510272a2421954e38d11f952,https://urlhaus-api.abuse.ch/v1/download/0e78836d5ce04b991c066d3358e0ff41476c4dcbb2befceb754c37afd3bce88d/,urlhaus-api.abuse.ch,,exe,,,2026-10-01 18:37:56
f6c97b1e2ed02578ca1066c8235ba4f991e645f89012406c639dbccc6582eec8,3849f30b51a5c49e8d1546960cc206c7,https://urlhaus-api.abuse.ch/v1/download/f6c97b1e2ed02578ca1066c8235ba4f991e645f89012406c639dbccc6582eec8/,urlhaus-api.abuse.ch,,elf,,,2026-10-01 18:32:12
4293c1d8574dc87c58360d6bac3daa182f64f7785c9d41da5e0741d2b1817fc7,59ce0baba11893f90527fc951ac69912,https://urlhaus-api.abuse.ch/v1/download/4293c1d8574dc87c58360d6bac3daa182f64f7785c9d41da5e0741d2b1817fc7/,urlhaus-api.abuse.ch,,elf,Mozi,,2026-10-01 18:32:12
57623dff1c26248a41e46e49d6bb4a323100e2690b988a51d03bdee94db8c24e,0159683536c222652501590162321c74,https://urlhaus-api.abuse.ch/v1/download/57623dff1c26248a41e46e49d6bb4a323100e2690b988a51d03bdee94db8c24e/,urlhaus-api.abuse.ch,,html,,,2026-10-01 18:26:07
f0b55c610b42dfe509e5f4adb17e2505c13e732a903cec6bfecff19d11a088b8,cb55c131e967443043fbb3e6e60d7cdf,https://urlhaus-api.abuse.ch/v1/download/f0b55c610b42dfe509e5f4adb17e2505c13e732a903cec6bfecff19d11a088b8/,urlhaus-api.abuse.ch,,elf,Mirai,,2026-10-01 18:23:16
b00ff2d0faf2faf3cbd43a965e4069401395341ada50d6f28ca89c23af153796,ba69187fbd0a70ec46538877c1171acf,https://urlhaus-api.abuse.ch/v1/download/b00ff2d0faf2faf3cbd43a965e4069401395341ada50d6f28ca89c23af153796/,urlhaus-api.abuse.ch,,html,,,2026-10-01 18:22:18
4293c1d8574dc87c58360d6bac3daa182f64f7785c9d41da5e0741d2b1817fc7,59ce0baba11893f90527fc951ac69912,https://urlhaus-api.abuse.ch/v1/download/4293c1d8574dc87c58360d6bac3daa182f64f7785c9d41da5e0741d2b1817fc7/,urlhaus-api.abuse.ch,,elf,Mozi,,2026-10-01 18:21:15
a4b202b3ab8aeb80a39feca35c832b6d5c0c4c51c2155e1cc9562ab47ec30587,63849c116d2d14478e102a6516eb74b0,https://urlhaus-api.abuse.ch/v1/download/a4b202b3ab8aeb80a39feca35c832b6d5c0c4c51c2155e1cc9562ab47ec30587/,urlhaus-api.abuse.ch,,html,,,2026-10-01 18:20:52
3fdd7d7fa2d1462969074a8b187df1afec27a8f7a936de2ec40724e8f070692d,f1c4e90a1017d0a1cbb01fe308cb16b3,https://urlhaus-api.abuse.ch/v1/download/3fdd7d7fa2d1462969074a8b187df1afec27a8f7a936de2ec40724e8f070692d/,urlhaus-api.abuse.ch,,elf,Mirai,,2026-10-01 18:20:49
b9d41f8aace627c5590a0fd0ddeac4afdaf6efc2a7e4d4c294595a779ba57820,160218d9bb5ed01e3ddc8a8bdf637348,https://urlhaus-api.abuse.ch/v1/download/b9d41f8aace627c5590a0fd0ddeac4afdaf6efc2a7e4d4c294595a779ba57820/,urlhaus-api.abuse.ch,,sh,Mirai,,2026-10-01 18:20:35
2765796d139fa8e23cdd97ad75b6f350ab55241fe3ff04b244b8f5c824346b6d,1e303023e33ea8d30f179ac07d4640f5,https://urlhaus-api.abuse.ch/v1/download/2765796d139fa8e23cdd97ad75b6f350ab55241fe3ff04b244b8f5c824346b6d/,urlhaus-api.abuse.ch,,html,,,2026-10-01 18:18:38
4293c1d8574dc87c58360d6bac3daa182f64f7785c9d41da5e0741d2b1817fc7,59ce0baba11893f90527fc951ac69912,https://urlhaus-api.abuse.ch/v1/download/4293c1d8574dc87c58360d6bac3daa182f64f7785c9d41da5e0741d2b1817fc7/,urlhaus-api.abuse.ch,,elf,Mozi,,2026-10-01 18:18:17
cdbb3deb1890e6023685684f8807ba22f3f063009c09ade865f9cba7a36394aa,79a491fa56d329a20be870f3e24f4db4,https://urlhaus-api.abuse.ch/v1/download/cdbb3deb1890e6023685684f8807ba22f3f063009c09ade865f9cba7a36394aa/,urlhaus-api.abuse.ch,,exe,CoinMiner,,2026-10-01 18:18:12
8756e4373d45ce9a8ec9fbac1481429c15d243baef24e956dbba248755231c48,befb35e7b6848b0d952dac83c7e04efa,https://urlhaus-api.abuse.ch/v1/download/8756e4373d45ce9a8ec9fbac1481429c15d243baef24e956dbba248755231c48/,urlhaus-api.abuse.ch,,html,,,2026-10-01 18:17:58
7a25e22c1085b15bd484be88aa2e7e5d4bac7b403b21b6549eb5bced4ad67df7,a44f32da28e49b41c6bbb023b0ef8747,https://urlhaus-api.abuse.ch/v1/download/7a25e22c1085b15bd484be88aa2e7e5d4bac7b403b21b6549eb5bced4ad67df7/,urlhaus-api.abuse.ch,,html,,,2026-10-01 18:17:23
4293c1d8574dc87c58360d6bac3daa182f64f7785c9d41da5e0741d2b1817fc7,59ce0baba11893f90527fc951ac69912,https://urlhaus-api.abuse.ch/v1/download/4293c1d8574dc87c58360d6bac3daa182f64f7785c9d41da5e0741d2b1817fc7/,urlhaus-api.abuse.ch,,elf,Mozi,,2026-10-01 18:17:10
12013662c71da69de977c04cd7021f13a70cf7bed4ca6c82acbc100464d4b0ef,eec5c6c219535fba3a0492ea8118b397,https://urlhaus-api.abuse.ch/v1/download/12013662c71da69de977c04cd7021f13a70cf7bed4ca6c82acbc100464d4b0ef/,urlhaus-api.abuse.ch,,elf,Mirai,,2026-10-01 18:17:10
328cfb472b07e1f2b2cca1766351f81680b7c6bca7caa7c8b419ec198ac74725,dfb77006d0b52f6c00535c942c4c74f5,https://urlhaus-api.abuse.ch/v1/download/328cfb472b07e1f2b2cca1766351f81680b7c6bca7caa7c8b419ec198ac74725/,urlhaus-api.abuse.ch,,html,,,2026-10-01 18:17:05
f6c97b1e2ed02578ca1066c8235ba4f991e645f89012406c639dbccc6582eec8,3849f30b51a5c49e8d1546960cc206c7,https://urlhaus-api.abuse.ch/v1/download/f6c97b1e2ed02578ca1066c8235ba4f991e645f89012406c639dbccc6582eec8/,urlhaus-api.abuse.ch,,elf,,,2026-10-01 18:16:16
0fb21419a62b20443fcd95554d81e92b28c28bd9b7c2590ecb757ac8ff9d739a,8d868fd32ade5ee3e4daaad65a90477d,https://urlhaus-api.abuse.ch/v1/download/0fb21419a62b20443fcd95554d81e92b28c28bd9b7c2590ecb757ac8ff9d739a/,urlhaus-api.abuse.ch,,html,,,2026-10-01 18:16:14
c51ebcfbdb23dafe977a0bb736ccfd3350d4c550899973919281e6155e52735f,08e826e085fd84556a5286f5a7df9347,https://urlhaus-api.abuse.ch/v1/download/c51ebcfbdb23dafe977a0bb736ccfd3350d4c550899973919281e6155e52735f/,urlhaus-api.abuse.ch,,html,,,2026-10-01 18:16:12
12013662c71da69de977c04cd7021f13a70cf7bed4ca6c82acbc100464d4b0ef,eec5c6c219535fba3a0492ea8118b397,https://urlhaus-api.abuse.ch/v1/download/12013662c71da69de977c04cd7021f13a70cf7bed4ca6c82acbc100464d4b0ef/,urlhaus-api.abuse.ch,,elf,Mirai,,2026-10-01 18:15:14
6437d4587fb35f8cbfb3520ddf9c2b32ad9c51c0044ce28864d2e3ecd0dfb269,cf4c9905ff6b893996d0e26e4c3e5fe6,https://urlhaus-api.abuse.ch/v1/download/6437d4587fb35f8cbfb3520ddf9c2b32ad9c51c0044ce28864d2e3ecd0dfb269/,urlhaus-api.abuse.ch,,exe,CoinMiner,,2026-10-01 18:14:57
48292e22cd61f24ce88d20a168b9da48bb16115c7fd524699e97f47da5181c57,19eb8a2a04db58d1fe6a19aa8b0bb63d,https://urlhaus-api.abuse.ch/v1/download/48292e22cd61f24ce88d20a168b9da48bb16115c7fd524699e97f47da5181c57/,urlhaus-api.abuse.ch,,html,,,2026-10-01 18:14:29
3d9a5b9fd56d17fc75ff318c38f05ac9de08aa5e7370c121c43895deb8174de8,d4c624b67aba8ff5655d7919197bb2e8,https://urlhaus-api.abuse.ch/v1/download/3d9a5b9fd56d17fc75ff318c38f05ac9de08aa5e7370c121c43895deb8174de8/,urlhaus-api.abuse.ch,,exe,,,2026-10-01 18:14:13
0b210aa601f12bc1f75ce3fec740c5c1e60d2598733b54d74f1d3efd38d04c19,73332aa8f0fcfaca87b1399b08c34c81,https://urlhaus-api.abuse.ch/v1/download/0b210aa601f12bc1f75ce3fec740c5c1e60d2598733b54d74f1d3efd38d04c19/,urlhaus-api.abuse.ch,,elf,Mirai,,2026-10-01 18:13:49
b05207cd56093187b20117a69ade68ff0eeac92cf55286df2c80180f2d9a7c57,4f75b0d2f2a18f67c48b65f05e21fab0,https://urlhaus-api.abuse.ch/v1/download/b05207cd56093187b20117a69ade68ff0eeac92cf55286df2c80180f2d9a7c57/,urlhaus-api.abuse.ch,,elf,Mirai,,2026-10-01 18:13:04
a4f5802f93f627acd185ddd6cd5f00b41685b6b2fd7270e14831bb78fa47618b,e5742000eeafcd4f940c37a4f80bc35a,https://urlhaus-api.abuse.ch/v1/download/a4f5802f93f627acd185ddd6cd5f00b41685b6b2fd7270e14831bb78fa47618b/,urlhaus-api.abuse.ch,,html,,,2026-10-01 18:12:50
759f3cf8cbed5726b60d739f61dfceb686779f6a9ad323d21ceed90dd08f3642,7642dd6f2dc915eb6715af5605538b9f,https://urlhaus-api.abuse.ch/v1/download/759f3cf8cbed5726b60d739f61dfceb686779f6a9ad323d21ceed90dd08f3642/,urlhaus-api.abuse.ch,,html,,,2026-10-01 18:09:44
4f7277216250860db32eb663b7c786397d5f6f15987978c495dccc6cbf33df8d,d27be0dfcbd28f1c9e6010c0f560fd25,https://urlhaus-api.abuse.ch/v1/download/4f7277216250860db32eb663b7c786397d5f6f15987978c495dccc6cbf33df8d/,urlhaus-api.abuse.ch,,js,,,2026-10-01 18:07:42
0cbeb0aaab86a75a159b57f06c43c62f78e4e2cd99824a9216fe3c7331607969,9948807ca965b67749a4a4c46a237023,https://urlhaus-api.abuse.ch/v1/download/0cbeb0aaab86a75a159b57f06c43c62f78e4e2cd99824a9216fe3c7331607969/,urlhaus-api.abuse.ch,,html,,,2026-10-01 18:07:23
2bd522a5bfce28df4a9602ad1f1995ad078c462d0bd7d25d4a9f1bfac96d9101,425f9310bb693fb41712f072459f900e,https://urlhaus-api.abuse.ch/v1/download/2bd522a5bfce28df4a9602ad1f1995ad078c462d0bd7d25d4a9f1bfac96d9101/,urlhaus-api.abuse.ch,,html,,,2026-10-01 18:06:09
465a5781acef9a23afb7da85a7814150c42c26acd2fcb406a5ed6fa9856b8706,fa2fb2b901a9b62dc00d11e5275890d1,https://urlhaus-api.abuse.ch/v1/download/465a5781acef9a23afb7da85a7814150c42c26acd2fcb406a5ed6fa9856b8706/,urlhaus-api.abuse.ch,,html,,,2026-10-01 18:06:09
4c62db33500aed368fbc997c0f44634e399ac71ddd78d3049b7b5a9d4b3e342b,958a65f52767f7a62a1ac6d2123b3a93,https://urlhaus-api.abuse.ch/v1/download/4c62db33500aed368fbc997c0f44634e399ac71ddd78d3049b7b5a9d4b3e342b/,urlhaus-api.abuse.ch,,html,,,2026-10-01 18:05:23
12013662c71da69de977c04cd7021f13a70cf7bed4ca6c82acbc100464d4b0ef,eec5c6c219535fba3a0492ea8118b397,https://urlhaus-api.abuse.ch/v1/download/12013662c71da69de977c04cd7021f13a70cf7bed4ca6c82acbc100464d4b0ef/,urlhaus-api.abuse.ch,,elf,Mirai,,2026-10-01 18:03:27
5bcd89528f0fa5b807929e71c4f10d782f278fa5da46bb15854516c55a267840,154f197bfefe2c0f0e0a2d7a76d544e3,https://urlhaus-api.abuse.ch/v1/download/5bcd89528f0fa5b807929e71c4f10d782f278fa5da46bb15854516c55a267840/,urlhaus-api.abuse.ch,,html,,,2026-10-01 18:03:03
12013662c71da69de977c04cd7021f13a70cf7bed4ca6c82acbc100464d4b0ef,eec5c6c219535fba3a0492ea8118b397,https://urlhaus-api.abuse.ch/v1/download/12013662c71da69de977c04cd7021f13a70cf7bed4ca6c82acbc100464d4b0ef/,urlhaus-api.abuse.ch,,elf,Mirai,,2026-10-01 18:02:13
f6c97b1e2ed02578ca1066c8235ba4f991e645f89012406c639dbccc6582eec8,3849f30b51a5c49e8d1546960cc206c7,https://urlhaus-api.abuse.ch/v1/download/f6c97b1e2ed02578ca1066c8235ba4f991e645f89012406c639dbccc6582eec8/,urlhaus-api.abuse.ch,,elf,,,2026-10-01 18:02:12
4293c1d8574dc87c58360d6bac3daa182f64f7785c9d41da5e0741d2b1817fc7,59ce0baba11893f90527fc951ac69912,https://urlhaus-api.abuse.ch/v1/download/4293c1d8574dc87c58360d6bac3daa182f64f7785c9d41da5e0741d2b1817fc7/,urlhaus-api.abuse.ch,,elf,Mozi,,2026-10-01 18:02:12
e9e3310ae12188a88d7df02919facf927468ee4c16a32589f00bf20865dac40e,c422d3021c17b2ef38e632dbd028f890,https://urlhaus-api.abuse.ch/v1/download/e9e3310ae12188a88d7df02919facf927468ee4c16a32589f00bf20865dac40e/,urlhaus-api.abuse.ch,,exe,,,2026-10-01 18:01:30
347e8c8774a9c8ef3177e9bd0b725a1f62a764effc7b2217ccea399bcf97fd8f,09dbbb69b04806c739eca87418ebd6b3,https://urlhaus-api.abuse.ch/v1/download/347e8c8774a9c8ef3177e9bd0b725a1f62a764effc7b2217ccea399bcf97fd8f/,urlhaus-api.abuse.ch,,html,,,2026-10-01 18:01:07
12013662c71da69de977c04cd7021f13a70cf7bed4ca6c82acbc100464d4b0ef,eec5c6c219535fba3a0492ea8118b397,https://urlhaus-api.abuse.ch/v1/download/12013662c71da69de977c04cd7021f13a70cf7bed4ca6c82acbc100464d4b0ef/,urlhaus-api.abuse.ch,,elf,Mirai,,2026-10-01 18:00:19
9551198c29dfd02040ff99b2890a5390c9226efaaee7d4742449379534abe29b,92d5c465e3dd27487347d76518ec1dc9,https://urlhaus-api.abuse.ch/v1/download/9551198c29dfd02040ff99b2890a5390c9226efaaee7d4742449379534abe29b/,urlhaus-api.abuse.ch,,exe,CoinMiner,,2026-10-01 17:59:38
7e4c2eaf54c98624882d90532352c8e6dca728f128d7107fd6f6eba95701ecb2,759c3aad85a2fcdf049e0cc03fa6632b,https://urlhaus-api.abuse.ch/v1/download/7e4c2eaf54c98624882d90532352c8e6dca728f128d7107fd6f6eba95701ecb2/,urlhaus-api.abuse.ch,,exe,,,2026-10-01 17:58:06
4293c1d8574dc87c58360d6bac3daa182f64f7785c9d41da5e0741d2b1817fc7,59ce0baba11893f90527fc951ac69912,https://urlhaus-api.abuse.ch/v1/download/4293c1d8574dc87c58360d6bac3daa182f64f7785c9d41da5e0741d2b1817fc7/,urlhaus-api.abuse.ch,,elf,Mozi,,2026-10-01 17:56:20
12013662c71da69de977c04cd7021f13a70cf7bed4ca6c82acbc100464d4b0ef,eec5c6c219535fba3a0492ea8118b397,https://urlhaus-api.abuse.ch/v1/download/12013662c71da69de977c04cd7021f13a70cf7bed4ca6c82acbc100464d4b0ef/,urlhaus-api.abuse.ch,,elf,Mirai,,2026-10-01 17:56:16
a375ed9357d6310bff17720cf0154a34aed38fcd731003833ec71efe395c81e6,f9a39f77c94ed818069d8b67b771a5ce,https://urlhaus-api.abuse.ch/v1/download/a375ed9357d6310bff17720cf0154a34aed38fcd731003833ec71efe395c81e6/,urlhaus-api.abuse.ch,,html,,,2026-10-01 17:55:58
d3f7f2a497986753f6925159b15d5aee3d734a1ac26ee0d8ee0fa3408701c6af,b2fe5227357a7533e5f4673930f45e5f,https://urlhaus-api.abuse.ch/v1/download/d3f7f2a497986753f6925159b15d5aee3d734a1ac26ee0d8ee0fa3408701c6af/,urlhaus-api.abuse.ch,,html,,,2026-10-01 17:55:45
d019fe66127bdefb53b8f8b2430f7dc48c87be712fa99bb9a05f40f8fafb258b,38227ab18a80c84638347c18939eac23,https://urlhaus-api.abuse.ch/v1/download/d019fe66127bdefb53b8f8b2430f7dc48c87be712fa99bb9a05f40f8fafb258b/,urlhaus-api.abuse.ch,,elf,Mirai,,2026-10-01 17:54:56
1d8da436991aba32844251f119325ffecb0f3deb2b1d4c7b32e349da364bc2ad,3333197ce87f6c461ca72d1ee2be935c,https://urlhaus-api.abuse.ch/v1/download/1d8da436991aba32844251f119325ffecb0f3deb2b1d4c7b32e349da364bc2ad/,urlhaus-api.abuse.ch,,html,,,2026-10-01 17:54:00
96c82d12e9377ae031f3a1e0cd6c7fcbef083d24fd6cf087559716ba47addbee,49f0abe12ae6b222de7ae7c0b594ad78,https://urlhaus-api.abuse.ch/v1/download/96c82d12e9377ae031f3a1e0cd6c7fcbef083d24fd6cf087559716ba47addbee/,urlhaus-api.abuse.ch,,js,,,2026-10-01 17:50:47
f6c97b1e2ed02578ca1066c8235ba4f991e645f89012406c639dbccc6582eec8,3849f30b51a5c49e8d1546960cc206c7,https://urlhaus-api.abuse.ch/v1/download/f6c97b1e2ed02578ca1066c8235ba4f991e645f89012406c639dbccc6582eec8/,urlhaus-api.abuse.ch,,elf,,,2026-10-01 17:46:16
12013662c71da69de977c04cd7021f13a70cf7bed4ca6c82acbc100464d4b0ef,eec5c6c219535fba3a0492ea8118b397,https://urlhaus-api.abuse.ch/v1/download/12013662c71da69de977c04cd7021f13a70cf7bed4ca6c82acbc100464d4b0ef/,urlhaus-api.abuse.ch,,elf,Mirai,,2026-10-01 17:46:16
6d412cead1478c963b821e6110260f74560f9b0862a3f0fb63593f7ee57fdd8b,4b625d98d3b19ff4d86d817c68cf2245,https://urlhaus-api.abuse.ch/v1/download/6d412cead1478c963b821e6110260f74560f9b0862a3f0fb63593f7ee57fdd8b/,urlhaus-api.abuse.ch,,html,,,2026-10-01 17:46:07
e74d562e1dc4820d70fe962dff7f2b15d14d960b77e325f82fb753c40dccda21,4f5705647e43103c7a1d8f002e3f2acb,https://urlhaus-api.abuse.ch/v1/download/e74d562e1dc4820d70fe962dff7f2b15d14d960b77e325f82fb753c40dccda21/,urlhaus-api.abuse.ch,,txt,AsyncRAT,,2026-10-01 17:46:07
7cf606eb941409826d32cbbc428485be9ccaa3e9bacdb12418bb12371eb59952,c4db3c60b22a94e0e06de906c19ce0cf,https://urlhaus-api.abuse.ch/v1/download/7cf606eb941409826d32cbbc428485be9ccaa3e9bacdb12418bb12371eb59952/,urlhaus-api.abuse.ch,,ps1,,,2026-10-01 17:44:48
fa086f22607b1933721a27566c1a24a13a0f7334809820e18c800cf456fb9a74,4b1e7b62d4eddc787080dd9d9755e00b,https://urlhaus-api.abuse.ch/v1/download/fa086f22607b1933721a27566c1a24a13a0f7334809820e18c800cf456fb9a74/,urlhaus-api.abuse.ch,,html,,,2026-10-01 17:44:02
02d67e3b02257d2b93454b00bfbb463550e809cda6b4610a0cf1ae65ef720531,f1013b3de35c0157b9f56ffb277774ab,https://urlhaus-api.abuse.ch/v1/download/02d67e3b02257d2b93454b00bfbb463550e809cda6b4610a0cf1ae65ef720531/,urlhaus-api.abuse.ch,,html,,,2026-10-01 17:43:58
ba1289202f2545dfaf19953b65d66575a2ffa438559850d0a27d7a7c5c8e3626,c000aeffeb6ff63696de1c344aa38fbb,https://urlhaus-api.abuse.ch/v1/download/ba1289202f2545dfaf19953b65d66575a2ffa438559850d0a27d7a7c5c8e3626/,urlhaus-api.abuse.ch,,html,,,2026-10-01 17:41:38
2b0b36273c0444e9f7097ea07b96b63c7dc09bae29b493a1064f0cf61dd37bf4,1dacd5c4455844ae63ca2008a575710f,https://urlhaus-api.abuse.ch/v1/download/2b0b36273c0444e9f7097ea07b96b63c7dc09bae29b493a1064f0cf61dd37bf4/,urlhaus-api.abuse.ch,,txt,,,2026-10-01 17:41:25
824cb5fd41eaf7b176dd34ef09e841134ae50c87422bc13313a9ab22eb66496d,1652e6fbce103052d87b774585d6cdc0,https://urlhaus-api.abuse.ch/v1/download/824cb5fd41eaf7b176dd34ef09e841134ae50c87422bc13313a9ab22eb66496d/,urlhaus-api.abuse.ch,,unknown,,,2026-10-01 17:37:07
aa571e73fbed7ad36e9615820152c75b98e3343f53c4e1ca41d5c51e19cde1f8,efc27dff853120cf8f804a0b9e1439f7,https://urlhaus-api.abuse.ch/v1/download/aa571e73fbed7ad36e9615820152c75b98e3343f53c4e1ca41d5c51e19cde1f8/,urlhaus-api.abuse.ch,,html,,,2026-10-01 17:36:14
12d2e4d8cdeb04c4321068a803a3d626b50b16989154db7fd4235cb21ab4f3d2,c172a10c01ce9066878facf9f9773b32,https://urlhaus-api.abuse.ch/v1/download/12d2e4d8cdeb04c4321068a803a3d626b50b16989154db7fd4235cb21ab4f3d2/,urlhaus-api.abuse.ch,,html,,,2026-10-01 17:35:43
43ab6f43fad33b2f23416c5e66172f53a4b0d22b6a8fadc8077348bc925117df,f47bdd98df8e2be75d8719a17f845de6,https://urlhaus-api.abuse.ch/v1/download/43ab6f43fad33b2f23416c5e66172f53a4b0d22b6a8fadc8077348bc925117df/,urlhaus-api.abuse.ch,,js,,,2026-10-01 17:35:43
3da94c94e7609e1135af0d31421ff60cb97745da55d750dda702da033d2c42ed,cf76602d40a6d22427a63819ec2c7484,https://urlhaus-api.abuse.ch/v1/download/3da94c94e7609e1135af0d31421ff60cb97745da55d750dda702da033d2c42ed/,urlhaus-api.abuse.ch,,elf,Mirai,,2026-10-01 17:33:07
bb10d5403d902440498d9c28c898353014e6ca5c7b0e80f27f07c51b588cbf41,2f1b42e2e3e22cf539f751cbe63f1dfc,https://urlhaus-api.abuse.ch/v1/download/bb10d5403d902440498d9c28c898353014e6ca5c7b0e80f27f07c51b588cbf41/,urlhaus-api.abuse.ch,,html,,,2026-10-01 17:30:31
4ae8e76cdabfd3392f78e014964b1322929ffce21e2f0b0435d71b5bdfceaa8c,8a1160b510dfa4fc284b0ba9680c172f,https://urlhaus-api.abuse.ch/v1/download/4ae8e76cdabfd3392f78e014964b1322929ffce21e2f0b0435d71b5bdfceaa8c/,urlhaus-api.abuse.ch,,html,,,2026-10-01 17:30:10
bd9217346950a7430067ec0f1bc25edac4ae2f06d6a4f8a65e471d1cbf15e7f1,1362f195461970b56b1ac41b5185f62c,https://urlhaus-api.abuse.ch/v1/download/bd9217346950a7430067ec0f1bc25edac4ae2f06d6a4f8a65e471d1cbf15e7f1/,urlhaus-api.abuse.ch,,html,,,2026-10-01 17:30:09
7629bb87f0d90c22451567a3da7b81c5f15399fd2bb0b6695c80d810223173c8,8fe3eb25de318886a1191915e93eb646,https://urlhaus-api.abuse.ch/v1/download/7629bb87f0d90c22451567a3da7b81c5f15399fd2bb0b6695c80d810223173c8/,urlhaus-api.abuse.ch,,html,,,2026-10-01 17:28:26
824cb5fd41eaf7b176dd34ef09e841134ae50c87422bc13313a9ab22eb66496d,1652e6fbce103052d87b774585d6cdc0,https://urlhaus-api.abuse.ch/v1/download/824cb5fd41eaf7b176dd34ef09e841134ae50c87422bc13313a9ab22eb66496d/,urlhaus-api.abuse.ch,,unknown,,,2026-10-01 17:22:30
b322cda20db9f7722e0a55d97b9355180286336249490cf9caa7cb4753f9046f,b86a8208beb8bb4f7f9bdc767aeef084,https://urlhaus-api.abuse.ch/v1/download/b322cda20db9f7722e0a55d97b9355180286336249490cf9caa7cb4753f9046f/,urlhaus-api.abuse.ch,,ps1,,,2026-10-01 17:21:40
1265225612550a2a2478e78e5d415bd78a467a7263260c1458d267e0f79db279,3a81bb08892fffc8b656dcbc00d6e9e6,https://urlhaus-api.abuse.ch/v1/download/1265225612550a2a2478e78e5d415bd78a467a7263260c1458d267e0f79db279/,urlhaus-api.abuse.ch,,html,,,2026-10-01 17:20:54
8445aa342cdbce7fbee297d67da9d05eb2427986de7715a08eddaa8edc5ec291,1add1953ebdb0fd21bff261d639c9241,https://urlhaus-api.abuse.ch/v1/download/8445aa342cdbce7fbee297d67da9d05eb2427986de7715a08eddaa8edc5ec291/,urlhaus-api.abuse.ch,,html,,,2026-10-01 17:20:48
3a8439970e2b6acc4803d633b054599390c047d0179ce085aac8898edc6a001f,f81d5749d1d047520a410e1ebe86cd62,https://urlhaus-api.abuse.ch/v1/download/3a8439970e2b6acc4803d633b054599390c047d0179ce085aac8898edc6a001f/,urlhaus-api.abuse.ch,,html,,,2026-10-01 17:19:51
f6c97b1e2ed02578ca1066c8235ba4f991e645f89012406c639dbccc6582eec8,3849f30b51a5c49e8d1546960cc206c7,https://urlhaus-api.abuse.ch/v1/download/f6c97b1e2ed02578ca1066c8235ba4f991e645f89012406c639dbccc6582eec8/,urlhaus-api.abuse.ch,,elf,,,2026-10-01 17:17:14
4293c1d8574dc87c58360d6bac3daa182f64f7785c9d41da5e0741d2b1817fc7,59ce0baba11893f90527fc951ac69912,https://urlhaus-api.abuse.ch/v1/download/4293c1d8574dc87c58360d6bac3daa182f64f7785c9d41da5e0741d2b1817fc7/,urlhaus-api.abuse.ch,,elf,Mozi,,2026-10-01 17:17:14
12013662c71da69de977c04cd7021f13a70cf7bed4ca6c82acbc100464d4b0ef,eec5c6c219535fba3a0492ea8118b397,https://urlhaus-api.abuse.ch/v1/download/12013662c71da69de977c04cd7021f13a70cf7bed4ca6c82acbc100464d4b0ef/,urlhaus-api.abuse.ch,,elf,Mirai,,2026-10-01 17:17:14
4ab489265fde15388da831feffccd3e8f674d2c949a6895c3ee06c6b99a42e88,f7a80fed4beb3fd2cec628f77a21faed,https://urlhaus-api.abuse.ch/v1/download/4ab489265fde15388da831feffccd3e8f674d2c949a6895c3ee06c6b99a42e88/,urlhaus-api.abuse.ch,,html,,,2026-10-01 17:16:13
a7ea4bc0d09c00f281177cf48ea90514f858ee3f2e07fc0959105452db80fb90,701552c392f0ff26f2a9d782b3ffae89,https://urlhaus-api.abuse.ch/v1/download/a7ea4bc0d09c00f281177cf48ea90514f858ee3f2e07fc0959105452db80fb90/,urlhaus-api.abuse.ch,,html,,,2026-10-01 17:15:33
97bb299887f0dbf9a9650ab7d31e96b53ea2606bd31f612fce72b353b69ca366,bdefe40cf2a3343079c345c94ea321ad,https://urlhaus-api.abuse.ch/v1/download/97bb299887f0dbf9a9650ab7d31e96b53ea2606bd31f612fce72b353b69ca366/,urlhaus-api.abuse.ch,,sh,,,2026-10-01 17:13:27
8e96960c91be31f22abec93b1c1a472bc5eefc8c7ca4b9f3fbd05135450da167,bcc228fc91127dd81d17ae6b32787056,https://urlhaus-api.abuse.ch/v1/download/8e96960c91be31f22abec93b1c1a472bc5eefc8c7ca4b9f3fbd05135450da167/,urlhaus-api.abuse.ch,,elf,Mirai,,2026-10-01 17:11:29
125029fa1eba6a14d6426208be0b278e2ccfc47509bff39ee75986c89ccc80b3,681255c30ed5ebedacc94b1cc65f54f8,https://urlhaus-api.abuse.ch/v1/download/125029fa1eba6a14d6426208be0b278e2ccfc47509bff39ee75986c89ccc80b3/,urlhaus-api.abuse.ch,,exe,CoinMiner,,2026-10-01 17:10:49
9755bea37dffdf9180cc4ad9fdfc7402ec8cf42e5110d8037ff9928b09122727,b61b9a3155a9b88177e663748912c62f,https://urlhaus-api.abuse.ch/v1/download/9755bea37dffdf9180cc4ad9fdfc7402ec8cf42e5110d8037ff9928b09122727/,urlhaus-api.abuse.ch,,html,,,2026-10-01 17:09:43
91fe723bd046d139fc108a9d0f6e9e8be0393a95a8c723c56215130c0e7980a5,4d346667f0ed4448a208ca0aa367cd15,https://urlhaus-api.abuse.ch/v1/download/91fe723bd046d139fc108a9d0f6e9e8be0393a95a8c723c56215130c0e7980a5/,urlhaus-api.abuse.ch,,html,,,2026-10-01 17:07:32
b187acf97f1b6920f2831caff4e4f3ede02cfeec6d67751788b48258d92dd6a6,904e35b3f1e0a247b5b0ce10b838df99,https://urlhaus-api.abuse.ch/v1/download/b187acf97f1b6920f2831caff4e4f3ede02cfeec6d67751788b48258d92dd6a6/,urlhaus-api.abuse.ch,,elf,Mirai,,2026-10-01 17:06:24
3b038c93e8be78fb5ebfc5a568016bb6d95b83bd9ec209e0ae302f5994ab02c0,3a0e00797d360047883c4260bc4f8294,https://urlhaus-api.abuse.ch/v1/download/3b038c93e8be78fb5ebfc5a568016bb6d95b83bd9ec209e0ae302f5994ab02c0/,urlhaus-api.abuse.ch,,exe,CoinMiner,,2026-10-01 17:06:23
f01bf0b0c97fcc756ed0ad436b4566edd4564f6506d6efedaa2acb2511d7bbdd,1e9f9a62de236001b6171a42b576a712,https://urlhaus-api.abuse.ch/v1/download/f01bf0b0c97fcc756ed0ad436b4566edd4564f6506d6efedaa2acb2511d7bbdd/,urlhaus-api.abuse.ch,,js,,,2026-10-01 17:05:55
ad9bc1759b9032a68fdeaf6c9ab518017fca15455fe1d3f94450db79a7edf2ee,102100139f17ae92f8f1b3e4ccdf9c27,https://urlhaus-api.abuse.ch/v1/download/ad9bc1759b9032a68fdeaf6c9ab518017fca15455fe1d3f94450db79a7edf2ee/,urlhaus-api.abuse.ch,,html,,,2026-10-01 17:03:54
12013662c71da69de977c04cd7021f13a70cf7bed4ca6c82acbc100464d4b0ef,eec5c6c219535fba3a0492ea8118b397,https://urlhaus-api.abuse.ch/v1/download/12013662c71da69de977c04cd7021f13a70cf7bed4ca6c82acbc100464d4b0ef/,urlhaus-api.abuse.ch,,elf,Mirai,,2026-10-01 17:03:14
aec1047f22ffdbda59389054913acd625f94b33ea25fbe1d53b0398769141463,ef6e041cd76577a0509280ee58e245c9,https://urlhaus-api.abuse.ch/v1/download/aec1047f22ffdbda59389054913acd625f94b33ea25fbe1d53b0398769141463/,urlhaus-api.abuse.ch,,ps1,,,2026-10-01 17:02:51
791163a42e52a568dc4dce2a39ddf338e41255d356e5e07bb3ce70399b01df39,e6801b72d0dea1216499d4b0e61b9ac0,https://urlhaus-api.abuse.ch/v1/download/791163a42e52a568dc4dce2a39ddf338e41255d356e5e07bb3ce70399b01df39/,urlhaus-api.abuse.ch,,js,,,2026-10-01 17:02:40
5309d07e9c116decca34265d82d9f3a30aa2ee2de6232902b40162613a666462,4a01a4a2b552c8c4a359ec8c487c6213,https://urlhaus-api.abuse.ch/v1/download/5309d07e9c116decca34265d82d9f3a30aa2ee2de6232902b40162613a666462/,urlhaus-api.abuse.ch,,html,,,2026-10-01 17:02:19
cb9f3d5178cb75055bcb30e6ea002020903b13a3d0d42e34147e9cabf1fd98a0,d0afa140b92604456d8d16dcdd2be7a9,https://urlhaus-api.abuse.ch/v1/download/cb9f3d5178cb75055bcb30e6ea002020903b13a3d0d42e34147e9cabf1fd98a0/,urlhaus-api.abuse.ch,,elf,Mirai,,2026-10-01 17:02:14
4293c1d8574dc87c58360d6bac3daa182f64f7785c9d41da5e0741d2b1817fc7,59ce0baba11893f90527fc951ac69912,https://urlhaus-api.abuse.ch/v1/download/4293c1d8574dc87c58360d6bac3daa182f64f7785c9d41da5e0741d2b1817fc7/,urlhaus-api.abuse.ch,,elf,Mozi,,2026-10-01 17:02:11
c672798dca67f796972b42ad0c89e25d589d2e70eb41892d26adbb6a79f63887,dbc520ea1518748fec9fcfcf29755c30,https://urlhaus-api.abuse.ch/v1/download/c672798dca67f796972b42ad0c89e25d589d2e70eb41892d26adbb6a79f63887/,urlhaus-api.abuse.ch,,elf,,,2026-10-01 17:02:11
12013662c71da69de977c04cd7021f13a70cf7bed4ca6c82acbc100464d4b0ef,eec5c6c219535fba3a0492ea8118b397,https://urlhaus-api.abuse.ch/v1/download/12013662c71da69de977c04cd7021f13a70cf7bed4ca6c82acbc100464d4b0ef/,urlhaus-api.abuse.ch,,elf,Mirai,,2026-10-01 17:02:11
1a084262654fcb33bd2e1fcb17b1e632f7eac77bffba91e35208b4e5330adf01,5ed284f590e29d29706e4226ab0dab4e,https://urlhaus-api.abuse.ch/v1/download/1a084262654fcb33bd2e1fcb17b1e632f7eac77bffba91e35208b4e5330adf01/,urlhaus-api.abuse.ch,,js,,,2026-10-01 17:00:13
b3064b97f5257d7bf7f72f663023d0afb8d81527f203557c9f03df229658e3ad,cffe00fad60fbe24bcc29b05c2ac415a,https://urlhaus-api.abuse.ch/v1/download/b3064b97f5257d7bf7f72f663023d0afb8d81527f203557c9f03df229658e3ad/,urlhaus-api.abuse.ch,,html,,,2026-10-01 16:59:56
3c7d735a61b8748c98480fa483f73b14436dfd7063f5f06a6c146e5341cc56c5,7bd27e899eea43d6b55115a8e0a7be7f,https://urlhaus-api.abuse.ch/v1/download/3c7d735a61b8748c98480fa483f73b14436dfd7063f5f06a6c146e5341cc56c5/,urlhaus-api.abuse.ch,,elf,Mirai,,2026-10-01 16:58:11
f866fcae6a7bd70de5d52d1c798c566e8ba4ae4319f475ccd4f22f08741efdd5,4dc7e3b7dc405619b013e869223625b9,https://urlhaus-api.abuse.ch/v1/download/f866fcae6a7bd70de5d52d1c798c566e8ba4ae4319f475ccd4f22f08741efdd5/,urlhaus-api.abuse.ch,,elf,Mirai,,2026-10-01 16:52:45
9f53d2e85680eb511d62f755eca46c3d636f4eabc7093ebe0679c627576615d1,dbed9157cf444310675c9914dd87f995,https://urlhaus-api.abuse.ch/v1/download/9f53d2e85680eb511d62f755eca46c3d636f4eabc7093ebe0679c627576615d1/,urlhaus-api.abuse.ch,,html,,,2026-10-01 16:52:18
b3e15a9a19d9a11ea9b27bbb83f8538adc769646b47ee7564ec389550b6be9f6,42ba39d314777fd5cb805296cf7fe3d7,https://urlhaus-api.abuse.ch/v1/download/b3e15a9a19d9a11ea9b27bbb83f8538adc769646b47ee7564ec389550b6be9f6/,urlhaus-api.abuse.ch,,html,,,2026-10-01 16:51:58
03a81d57375b585c68e0a2f543cd6b8a479c54a52ede98ecc7b0e6900042bb23,29428186423f317c5079e6661766df94,https://urlhaus-api.abuse.ch/v1/download/03a81d57375b585c68e0a2f543cd6b8a479c54a52ede98ecc7b0e6900042bb23/,urlhaus-api.abuse.ch,,elf,Mirai,,2026-10-01 16:49:09
9fbdde4b764adb57a1d488d2a47137733c5d51e6f2df745e66c9d4f684689b54,21903edcc17bafc9c4ffea888821e043,https://urlhaus-api.abuse.ch/v1/download/9fbdde4b764adb57a1d488d2a47137733c5d51e6f2df745e66c9d4f684689b54/,urlhaus-api.abuse.ch,,html,,,2026-10-01 16:48:57
10cc0195c30358796337ca54cc1e88807c0e60aa3f610d9f643ea9b6f24c3bf1,4a444dfcbbbf13834af9948250c3d70c,https://urlhaus-api.abuse.ch/v1/download/10cc0195c30358796337ca54cc1e88807c0e60aa3f610d9f643ea9b6f24c3bf1/,urlhaus-api.abuse.ch,,exe,CoinMiner,,2026-10-01 16:48:24
12013662c71da69de977c04cd7021f13a70cf7bed4ca6c82acbc100464d4b0ef,eec5c6c219535fba3a0492ea8118b397,https://urlhaus-api.abuse.ch/v1/download/12013662c71da69de977c04cd7021f13a70cf7bed4ca6c82acbc100464d4b0ef/,urlhaus-api.abuse.ch,,elf,Mirai,,2026-10-01 16:47:20
f6c97b1e2ed02578ca1066c8235ba4f991e645f89012406c639dbccc6582eec8,3849f30b51a5c49e8d1546960cc206c7,https://urlhaus-api.abuse.ch/v1/download/f6c97b1e2ed02578ca1066c8235ba4f991e645f89012406c639dbccc6582eec8/,urlhaus-api.abuse.ch,,elf,,,2026-10-01 16:47:14
12013662c71da69de977c04cd7021f13a70cf7bed4ca6c82acbc100464d4b0ef,eec5c6c219535fba3a0492ea8118b397,https://urlhaus-api.abuse.ch/v1/download/12013662c71da69de977c04cd7021f13a70cf7bed4ca6c82acbc100464d4b0ef/,urlhaus-api.abuse.ch,,elf,Mirai,,2026-10-01 16:47:14
91a4e8df2e2705a22a16fba9d64df51faf7c63dbae9abb786e268e2ccbb7d416,ae8e29878cdadefcd5a6ee498d6212f9,https://urlhaus-api.abuse.ch/v1/download/91a4e8df2e2705a22a16fba9d64df51faf7c63dbae9abb786e268e2ccbb7d416/,urlhaus-api.abuse.ch,,html,,,2026-10-01 16:46:14
12013662c71da69de977c04cd7021f13a70cf7bed4ca6c82acbc100464d4b0ef,eec5c6c219535fba3a0492ea8118b397,https://urlhaus-api.abuse.ch/v1/download/12013662c71da69de977c04cd7021f13a70cf7bed4ca6c82acbc100464d4b0ef/,urlhaus-api.abuse.ch,,elf,Mirai,,2026-10-01 16:46:14
4186baaad26ab6a3a904bac4dbfeea4285d13c7c6c586706dce07b377c134d6a,45d42c68713e5016a7c8643aa82bf930,https://urlhaus-api.abuse.ch/v1/download/4186baaad26ab6a3a904bac4dbfeea4285d13c7c6c586706dce07b377c134d6a/,urlhaus-api.abuse.ch,,html,,,2026-10-01 16:45:31
4d071698381d9449608fa018ce5bb268b91ca1f4ed748663647950b3704ed9a9,50c5e3869c469cfb736f7f39c26f3c11,https://urlhaus-api.abuse.ch/v1/download/4d071698381d9449608fa018ce5bb268b91ca1f4ed748663647950b3704ed9a9/,urlhaus-api.abuse.ch,,html,,,2026-10-01 16:44:50
a14c60ccde74d2aec28a44a3a01f192e76f2f6451229726adb97bf29dfa86036,046a2514e3083e19efc93b2294f47526,https://urlhaus-api.abuse.ch/v1/download/a14c60ccde74d2aec28a44a3a01f192e76f2f6451229726adb97bf29dfa86036/,urlhaus-api.abuse.ch,,js,,,2026-10-01 16:44:36
6c4fbc3a7d6ec9e91c173d35d09b1068693c1d86f944d7d32f63084ea09bb2e0,98092efa2254751bcf77d95cb5f718c9,https://urlhaus-api.abuse.ch/v1/download/6c4fbc3a7d6ec9e91c173d35d09b1068693c1d86f944d7d32f63084ea09bb2e0/,urlhaus-api.abuse.ch,,ps1,,,2026-10-01 16:44:36
9c98a4c94fdb0abc5f4f9394bda237c590b926de55702b30a7393558af43f669,33d26b3d15db51b41a35991e93689925,https://urlhaus-api.abuse.ch/v1/download/9c98a4c94fdb0abc5f4f9394bda237c590b926de55702b30a7393558af43f669/,urlhaus-api.abuse.ch,,html,,,2026-10-01 16:43:55
85356e32a1e79e54563258dfe72da683d1f02c50c03dabc86d400e39ca3ad7af,8fa317e9a3be93063aa4be48dcdc5708,https://urlhaus-api.abuse.ch/v1/download/85356e32a1e79e54563258dfe72da683d1f02c50c03dabc86d400e39ca3ad7af/,urlhaus-api.abuse.ch,,html,,,2026-10-01 16:43:40
8e45d91c75b83c56581207cbe4332975f2aa9ac479def01b9382646ce155daf8,da2784dec52b48985f7fa3f7b517f78b,https://urlhaus-api.abuse.ch/v1/download/8e45d91c75b83c56581207cbe4332975f2aa9ac479def01b9382646ce155daf8/,urlhaus-api.abuse.ch,,html,,,2026-10-01 16:43:29
2ba758584e7868ebdd7172811df766a901dbf4bfeb8976491ac0c2c75b396c25,c20df770719a6b4534d793b5bb45ab0b,https://urlhaus-api.abuse.ch/v1/download/2ba758584e7868ebdd7172811df766a901dbf4bfeb8976491ac0c2c75b396c25/,urlhaus-api.abuse.ch,,html,,,2026-10-01 16:43:13
73dfa1722caf0142bb7edba6ebeb1423bb92097a87f714909001dff87f14db46,1be19bfc658c3ff6881ca97c02561c27,https://urlhaus-api.abuse.ch/v1/download/73dfa1722caf0142bb7edba6ebeb1423bb92097a87f714909001dff87f14db46/,urlhaus-api.abuse.ch,,html,,,2026-10-01 16:42:39
6428e80a50a00d66ffd589127aad4b3be63ff1618794f486d56404ce21a227c0,855d29c845af581e6d789e98422eb581,https://urlhaus-api.abuse.ch/v1/download/6428e80a50a00d66ffd589127aad4b3be63ff1618794f486d56404ce21a227c0/,urlhaus-api.abuse.ch,,html,,,2026-10-01 16:41:31
6f24ff90706f9675e9aa8dbaab2e4fb82b92cb98ecdfa39bd3390acb18320f9c,09a11ac4c008249b8e86f5aa7a82a468,https://urlhaus-api.abuse.ch/v1/download/6f24ff90706f9675e9aa8dbaab2e4fb82b92cb98ecdfa39bd3390acb18320f9c/,urlhaus-api.abuse.ch,,txt,,,2026-10-01 16:41:17
594f9d80ed0c5e1117d0ad1fe22fbcb8dcb29381ab91fbd6ef527d7d68657a30,8f5821973332adae6e71c42d0c189bb8,https://urlhaus-api.abuse.ch/v1/download/594f9d80ed0c5e1117d0ad1fe22fbcb8dcb29381ab91fbd6ef527d7d68657a30/,urlhaus-api.abuse.ch,,html,,,2026-10-01 16:40:47
60f8065543dddca10cb44533941eff17bdff18ee8036ec20ac359308c193c2bc,d84974b844f0ffd47fa805a5b271c727,https://urlhaus-api.abuse.ch/v1/download/60f8065543dddca10cb44533941eff17bdff18ee8036ec20ac359308c193c2bc/,urlhaus-api.abuse.ch,,html,,,2026-10-01 16:39:05
6f24ff90706f9675e9aa8dbaab2e4fb82b92cb98ecdfa39bd3390acb18320f9c,09a11ac4c008249b8e86f5aa7a82a468,https://urlhaus-api.abuse.ch/v1/download/6f24ff90706f9675e9aa8dbaab2e4fb82b92cb98ecdfa39bd3390acb18320f9c/,urlhaus-api.abuse.ch,,txt,,,2026-10-01 16:33:16
050d4043af02c7cfaf00f257f28e8c8313f6f444c843def486fc2141d379da49,83bf51bd93b6db1b112f6ad8c45241b4,https://urlhaus-api.abuse.ch/v1/download/050d4043af02c7cfaf00f257f28e8c8313f6f444c843def486fc2141d379da49/,urlhaus-api.abuse.ch,,unknown,,,2026-10-01 16:33:16
5d8227929dd3b8e52ea16fdb77f7eb6ac676ea8ef06b5cb712f71cbdbadea753,eed8becc00384daf81dfdf69a20ca585,https://urlhaus-api.abuse.ch/v1/download/5d8227929dd3b8e52ea16fdb77f7eb6ac676ea8ef06b5cb712f71cbdbadea753/,urlhaus-api.abuse.ch,,txt,,,2026-10-01 16:33:16
12013662c71da69de977c04cd7021f13a70cf7bed4ca6c82acbc100464d4b0ef,eec5c6c219535fba3a0492ea8118b397,https://urlhaus-api.abuse.ch/v1/download/12013662c71da69de977c04cd7021f13a70cf7bed4ca6c82acbc100464d4b0ef/,urlhaus-api.abuse.ch,,elf,Mirai,,2026-10-01 16:32:09
f6c97b1e2ed02578ca1066c8235ba4f991e645f89012406c639dbccc6582eec8,3849f30b51a5c49e8d1546960cc206c7,https://urlhaus-api.abuse.ch/v1/download/f6c97b1e2ed02578ca1066c8235ba4f991e645f89012406c639dbccc6582eec8/,urlhaus-api.abuse.ch,,elf,,,2026-10-01 16:32:08
fda1838f3955ebc42da670a1819ea642cde092e2ab0fbed2dabafea83f9db433,5cb2bae3418db003865ed0d9935b65f0,https://urlhaus-api.abuse.ch/v1/download/fda1838f3955ebc42da670a1819ea642cde092e2ab0fbed2dabafea83f9db433/,urlhaus-api.abuse.ch,,txt,,,2026-10-01 16:31:26
4293c1d8574dc87c58360d6bac3daa182f64f7785c9d41da5e0741d2b1817fc7,59ce0baba11893f90527fc951ac69912,https://urlhaus-api.abuse.ch/v1/download/4293c1d8574dc87c58360d6bac3daa182f64f7785c9d41da5e0741d2b1817fc7/,urlhaus-api.abuse.ch,,elf,Mozi,,2026-10-01 16:31:19
c022101b45011d304fe6af9d8d60aa7ee65707a451ae358a175ee049fb29655a,dd8fbb3e334c46e093581d0db6eb7066,https://urlhaus-api.abuse.ch/v1/download/c022101b45011d304fe6af9d8d60aa7ee65707a451ae358a175ee049fb29655a/,urlhaus-api.abuse.ch,,unknown,,,2026-10-01 16:28:13
12013662c71da69de977c04cd7021f13a70cf7bed4ca6c82acbc100464d4b0ef,eec5c6c219535fba3a0492ea8118b397,https://urlhaus-api.abuse.ch/v1/download/12013662c71da69de977c04cd7021f13a70cf7bed4ca6c82acbc100464d4b0ef/,urlhaus-api.abuse.ch,,elf,Mirai,,2026-10-01 16:28:12
faa1f06d38f0fcca70e66fd32f9b81e2822f3b6e07861158659bb70e6148bae8,eb1cd394f0ec21c964ed44b34fef480e,https://urlhaus-api.abuse.ch/v1/download/faa1f06d38f0fcca70e66fd32f9b81e2822f3b6e07861158659bb70e6148bae8/,urlhaus-api.abuse.ch,,txt,,,2026-10-01 16:27:16
2f175ce6871dac008eb5f64b929bf76e22bbc358592cfc7a23e787ddfffbe074,62c8c71d795c2ee1d5ccd043e9340ac1,https://urlhaus-api.abuse.ch/v1/download/2f175ce6871dac008eb5f64b929bf76e22bbc358592cfc7a23e787ddfffbe074/,urlhaus-api.abuse.ch,,txt,,,2026-10-01 16:27:15
050d4043af02c7cfaf00f257f28e8c8313f6f444c843def486fc2141d379da49,83bf51bd93b6db1b112f6ad8c45241b4,https://urlhaus-api.abuse.ch/v1/download/050d4043af02c7cfaf00f257f28e8c8313f6f444c843def486fc2141d379da49/,urlhaus-api.abuse.ch,,unknown,,,2026-10-01 16:27:15
aba6806c623c0624d573a164146cf6863bd2bd6f34a84d26be77d48f8c60eb97,ed8de00396e7ac94680bd1cf252510d8,https://urlhaus-api.abuse.ch/v1/download/aba6806c623c0624d573a164146cf6863bd2bd6f34a84d26be77d48f8c60eb97/,urlhaus-api.abuse.ch,,exe,,,2026-10-01 16:21:22
f6c97b1e2ed02578ca1066c8235ba4f991e645f89012406c639dbccc6582eec8,3849f30b51a5c49e8d1546960cc206c7,https://urlhaus-api.abuse.ch/v1/download/f6c97b1e2ed02578ca1066c8235ba4f991e645f89012406c639dbccc6582eec8/,urlhaus-api.abuse.ch,,elf,,,2026-10-01 16:16:15
12013662c71da69de977c04cd7021f13a70cf7bed4ca6c82acbc100464d4b0ef,eec5c6c219535fba3a0492ea8118b397,https://urlhaus-api.abuse.ch/v1/download/12013662c71da69de977c04cd7021f13a70cf7bed4ca6c82acbc100464d4b0ef/,urlhaus-api.abuse.ch,,elf,Mirai,,2026-10-01 16:16:15
4bc0ac826ef78ff8759c128456fd3bf19e424da891c13033b26ad8724c01b750,40af0848794aa5c45f7c13c0b636b194,https://urlhaus-api.abuse.ch/v1/download/4bc0ac826ef78ff8759c128456fd3bf19e424da891c13033b26ad8724c01b750/,urlhaus-api.abuse.ch,,elf,Mirai,,2026-10-01 16:13:48
daa9d3a9de96261ede7b7e1a34d898b0e9f943b24528b9203106be42bba5a111,06c547edb7a29926a81f98f4690308a3,https://urlhaus-api.abuse.ch/v1/download/daa9d3a9de96261ede7b7e1a34d898b0e9f943b24528b9203106be42bba5a111/,urlhaus-api.abuse.ch,,unknown,,,2026-10-01 16:12:14
4c5eb9168cc7557f24202a358373cf8f2c46dab1a9c9a7eb7fbf732803bfe7cd,56020e54089246366cf37d1653075a4f,https://urlhaus-api.abuse.ch/v1/download/4c5eb9168cc7557f24202a358373cf8f2c46dab1a9c9a7eb7fbf732803bfe7cd/,urlhaus-api.abuse.ch,,unknown,,,2026-10-01 16:12:14
58761806d1578757719815514a30e72e4e4ec08a42dba63c297fd9c3b21cb0ad,6f08cc378dae2cd10de12b2d504f055d,https://urlhaus-api.abuse.ch/v1/download/58761806d1578757719815514a30e72e4e4ec08a42dba63c297fd9c3b21cb0ad/,urlhaus-api.abuse.ch,,txt,,,2026-10-01 16:12:13
4293c1d8574dc87c58360d6bac3daa182f64f7785c9d41da5e0741d2b1817fc7,59ce0baba11893f90527fc951ac69912,https://urlhaus-api.abuse.ch/v1/download/4293c1d8574dc87c58360d6bac3daa182f64f7785c9d41da5e0741d2b1817fc7/,urlhaus-api.abuse.ch,,elf,Mozi,,2026-10-01 16:10:23
241eec7a52364d7b8adeee70de4a77f7b0438f82c3efbed5536f243dd5c34177,02d40cd0930097d916f916a8f45f0869,https://urlhaus-api.abuse.ch/v1/download/241eec7a52364d7b8adeee70de4a77f7b0438f82c3efbed5536f243dd5c34177/,urlhaus-api.abuse.ch,,txt,,,2026-10-01 16:10:19
583396b555800c3bc1a3086867f9603fb5f2a73e133179cd01ba3c49fc3aa10a,ddfee452ce1c6015f551026d76688a6c,https://urlhaus-api.abuse.ch/v1/download/583396b555800c3bc1a3086867f9603fb5f2a73e133179cd01ba3c49fc3aa10a/,urlhaus-api.abuse.ch,,unknown,,,2026-10-01 16:10:15
1600ef401727839eea086cd5a4b81d95aaa8e8f055972315605281ed7d21899b,cbd207852403c7b422a4da00d4c7016d,https://urlhaus-api.abuse.ch/v1/download/1600ef401727839eea086cd5a4b81d95aaa8e8f055972315605281ed7d21899b/,urlhaus-api.abuse.ch,,unknown,,,2026-10-01 16:07:16
faa1f06d38f0fcca70e66fd32f9b81e2822f3b6e07861158659bb70e6148bae8,eb1cd394f0ec21c964ed44b34fef480e,https://urlhaus-api.abuse.ch/v1/download/faa1f06d38f0fcca70e66fd32f9b81e2822f3b6e07861158659bb70e6148bae8/,urlhaus-api.abuse.ch,,txt,,,2026-10-01 16:07:16
a13ddb97ee82a148212d020839b56fbe58d0bbdc124e43c259e6d6e2ae2cd45c,569e4e564855caa285cd25486cc2bb87,https://urlhaus-api.abuse.ch/v1/download/a13ddb97ee82a148212d020839b56fbe58d0bbdc124e43c259e6d6e2ae2cd45c/,urlhaus-api.abuse.ch,,unknown,,,2026-10-01 16:03:14
faa1f06d38f0fcca70e66fd32f9b81e2822f3b6e07861158659bb70e6148bae8,eb1cd394f0ec21c964ed44b34fef480e,https://urlhaus-api.abuse.ch/v1/download/faa1f06d38f0fcca70e66fd32f9b81e2822f3b6e07861158659bb70e6148bae8/,urlhaus-api.abuse.ch,,txt,,,2026-10-01 16:03:14
f6c97b1e2ed02578ca1066c8235ba4f991e645f89012406c639dbccc6582eec8,3849f30b51a5c49e8d1546960cc206c7,https://urlhaus-api.abuse.ch/v1/download/f6c97b1e2ed02578ca1066c8235ba4f991e645f89012406c639dbccc6582eec8/,urlhaus-api.abuse.ch,,elf,,,2026-10-01 16:02:15
4293c1d8574dc87c58360d6bac3daa182f64f7785c9d41da5e0741d2b1817fc7,59ce0baba11893f90527fc951ac69912,https://urlhaus-api.abuse.ch/v1/download/4293c1d8574dc87c58360d6bac3daa182f64f7785c9d41da5e0741d2b1817fc7/,urlhaus-api.abuse.ch,,elf,Mozi,,2026-10-01 16:00:28
558c0d98618b583bd5b2ebfe62da03f8222210bc6160aeb1800f65586edf42c1,3bb742c36d0125606536eb1036c95379,https://urlhaus-api.abuse.ch/v1/download/558c0d98618b583bd5b2ebfe62da03f8222210bc6160aeb1800f65586edf42c1/,urlhaus-api.abuse.ch,,html,,,2026-10-01 15:58:49
a07b557508d65a9d1ed80a9e7ccaee408aa93a26867efcb88055530c8986883e,9190f4812fe3c0a33b9cc26672e44020,https://urlhaus-api.abuse.ch/v1/download/a07b557508d65a9d1ed80a9e7ccaee408aa93a26867efcb88055530c8986883e/,urlhaus-api.abuse.ch,,exe,ConnectWise,,2026-10-01 15:53:16
8350c8c4bbc382c9899f18095fa9abf0f12f1779ac567e6c90b9fd0618c3c053,f9b26c03b294c0a05398462482860b27,https://urlhaus-api.abuse.ch/v1/download/8350c8c4bbc382c9899f18095fa9abf0f12f1779ac567e6c90b9fd0618c3c053/,urlhaus-api.abuse.ch,,exe,ConnectWise,,2026-10-01 15:53:13
354db5b237b7f06e8ec3b10831795f04e6fc3dc7baac6a94b64cd2caf10a3fc8,881bb1ac8a5f4f0be3c86867a331d269,https://urlhaus-api.abuse.ch/v1/download/354db5b237b7f06e8ec3b10831795f04e6fc3dc7baac6a94b64cd2caf10a3fc8/,urlhaus-api.abuse.ch,,exe,ConnectWise,,2026-10-01 15:52:16
18d256b404480a0f9320496069dd2eedb6c75dfaa789e9ec7a1818dc76c3b7da,5d16a60f33b76f526032193a51abbdd8,https://urlhaus-api.abuse.ch/v1/download/18d256b404480a0f9320496069dd2eedb6c75dfaa789e9ec7a1818dc76c3b7da/,urlhaus-api.abuse.ch,,exe,ConnectWise,,2026-10-01 15:52:12
b58bfc420812b42eee5e29400e4644c406126da05052878ddf6857644adbf245,e3f0772ccbae00a0126d5f576e8d0c70,https://urlhaus-api.abuse.ch/v1/download/b58bfc420812b42eee5e29400e4644c406126da05052878ddf6857644adbf245/,urlhaus-api.abuse.ch,,html,,,2026-10-01 15:52:12
673fb29509cbea5d01dfc232bf6258525b268aea621375d6eec01d88fb0b0d6c,68dad174baf9e7ccb8b18b2cf88108d4,https://urlhaus-api.abuse.ch/v1/download/673fb29509cbea5d01dfc232bf6258525b268aea621375d6eec01d88fb0b0d6c/,urlhaus-api.abuse.ch,,html,,,2026-10-01 15:51:25
8c302682725ef0ed55ea27e2256a671e937d167735cf9bedafb8d3fbe15f645a,bf9883f540dbdd60be3e411db2a034fd,https://urlhaus-api.abuse.ch/v1/download/8c302682725ef0ed55ea27e2256a671e937d167735cf9bedafb8d3fbe15f645a/,urlhaus-api.abuse.ch,,exe,,,2026-10-01 15:48:28
7a174f653381d7c791070a68d87249f1bad916d201664b31b440297230c6b726,ec1ddf8d28e51b9fddfc9f379ecf27c2,https://urlhaus-api.abuse.ch/v1/download/7a174f653381d7c791070a68d87249f1bad916d201664b31b440297230c6b726/,urlhaus-api.abuse.ch,,elf,Mirai,,2026-10-01 15:48:03
35a28614707a93129f795deea70773caa1e633b0ada7ed7515d10247a5603fd3,10ce934163eef2afca07edc5539a065f,https://urlhaus-api.abuse.ch/v1/download/35a28614707a93129f795deea70773caa1e633b0ada7ed7515d10247a5603fd3/,urlhaus-api.abuse.ch,,txt,XWorm,,2026-10-01 15:47:19
f6c97b1e2ed02578ca1066c8235ba4f991e645f89012406c639dbccc6582eec8,3849f30b51a5c49e8d1546960cc206c7,https://urlhaus-api.abuse.ch/v1/download/f6c97b1e2ed02578ca1066c8235ba4f991e645f89012406c639dbccc6582eec8/,urlhaus-api.abuse.ch,,elf,,,2026-10-01 15:47:18
12013662c71da69de977c04cd7021f13a70cf7bed4ca6c82acbc100464d4b0ef,eec5c6c219535fba3a0492ea8118b397,https://urlhaus-api.abuse.ch/v1/download/12013662c71da69de977c04cd7021f13a70cf7bed4ca6c82acbc100464d4b0ef/,urlhaus-api.abuse.ch,,elf,Mirai,,2026-10-01 15:47:14
b5cf68c7cb5bb2d21d60bf6654926f61566d95bfd7c9f9e182d032f1da5b4605,a73ddd6ec22462db955439f665cad4e6,https://urlhaus-api.abuse.ch/v1/download/b5cf68c7cb5bb2d21d60bf6654926f61566d95bfd7c9f9e182d032f1da5b4605/,urlhaus-api.abuse.ch,,elf,,,2026-10-01 15:47:13
12013662c71da69de977c04cd7021f13a70cf7bed4ca6c82acbc100464d4b0ef,eec5c6c219535fba3a0492ea8118b397,https://urlhaus-api.abuse.ch/v1/download/12013662c71da69de977c04cd7021f13a70cf7bed4ca6c82acbc100464d4b0ef/,urlhaus-api.abuse.ch,,elf,Mirai,,2026-10-01 15:47:13
9f3744da0daf75232b8cc162a2e6d849412ab070cfafa1f8c83254e1248c1f50,62f7d92b5f38fce6b39607d2e55c6df9,https://urlhaus-api.abuse.ch/v1/download/9f3744da0daf75232b8cc162a2e6d849412ab070cfafa1f8c83254e1248c1f50/,urlhaus-api.abuse.ch,,html,,,2026-10-01 15:45:41
feb320f6cc468dc3fe7aaccc1300d4fb9523c3c012365bee8e4288a61f01413c,0e41f6cfb1bcfe4a38915e4f15097b14,https://urlhaus-api.abuse.ch/v1/download/feb320f6cc468dc3fe7aaccc1300d4fb9523c3c012365bee8e4288a61f01413c/,urlhaus-api.abuse.ch,,elf,,,2026-10-01 15:45:36
1bf542710a78fed1582d6063f33e4f1c3ffc199b5b3de4f6b39391b830e479ab,dd4013f7343ac7d9ca38b22263632c4e,https://urlhaus-api.abuse.ch/v1/download/1bf542710a78fed1582d6063f33e4f1c3ffc199b5b3de4f6b39391b830e479ab/,urlhaus-api.abuse.ch,,html,,,2026-10-01 15:45:35
bbfb271fd8180667deb932aac93f32c6236649e7fff8660a5c05fa79fde64a3d,2012a8b4419b0197f6a65b63ddab6241,https://urlhaus-api.abuse.ch/v1/download/bbfb271fd8180667deb932aac93f32c6236649e7fff8660a5c05fa79fde64a3d/,urlhaus-api.abuse.ch,,html,,,2026-10-01 15:45:18
62b7e4cea0a09a4582c817f41e936b87fc18bbef101ae50452d6f45149b5fd3f,1e26f85ac4af1f05eec4fa517bed7630,https://urlhaus-api.abuse.ch/v1/download/62b7e4cea0a09a4582c817f41e936b87fc18bbef101ae50452d6f45149b5fd3f/,urlhaus-api.abuse.ch,,exe,CoinMiner,,2026-10-01 15:44:19
25febc80fba96da30c324d3847350e4f8517e77e2d64287c04a710e6785a706a,31c876f41f95a6da945e1f6c730adc8f,https://urlhaus-api.abuse.ch/v1/download/25febc80fba96da30c324d3847350e4f8517e77e2d64287c04a710e6785a706a/,urlhaus-api.abuse.ch,,js,,,2026-10-01 15:44:10
9ae981175d5e8cf979faf9c4e3e13b3b8270c52a707b3ffc3e6f53b37ea091d2,54db59a37268b4adcccb189b3d4be558,https://urlhaus-api.abuse.ch/v1/download/9ae981175d5e8cf979faf9c4e3e13b3b8270c52a707b3ffc3e6f53b37ea091d2/,urlhaus-api.abuse.ch,,elf,Mirai,,2026-10-01 15:44:00
346dc7f1e6c5449a0e81c044333f6d35f9b621f95db19082a2e1f04f73dcd5ae,216db721e1018d96706d3162e1d8e6b6,https://urlhaus-api.abuse.ch/v1/download/346dc7f1e6c5449a0e81c044333f6d35f9b621f95db19082a2e1f04f73dcd5ae/,urlhaus-api.abuse.ch,,html,,,2026-10-01 15:43:21
137a5e1ec4d738edf7f8ac9e8b376d658f9ab4598f4b201347e12e6675b267a4,847b43d306f7fe277cc5ae9cdbd257b4,https://urlhaus-api.abuse.ch/v1/download/137a5e1ec4d738edf7f8ac9e8b376d658f9ab4598f4b201347e12e6675b267a4/,urlhaus-api.abuse.ch,,html,,,2026-10-01 15:43:15
cd78cae05d19813523c57e091ceaee7e9860270e2babef92be615f5ba28f7746,f136ee42094dbd21945592cf014d19d0,https://urlhaus-api.abuse.ch/v1/download/cd78cae05d19813523c57e091ceaee7e9860270e2babef92be615f5ba28f7746/,urlhaus-api.abuse.ch,,elf,,,2026-10-01 15:42:25
e74d562e1dc4820d70fe962dff7f2b15d14d960b77e325f82fb753c40dccda21,4f5705647e43103c7a1d8f002e3f2acb,https://urlhaus-api.abuse.ch/v1/download/e74d562e1dc4820d70fe962dff7f2b15d14d960b77e325f82fb753c40dccda21/,urlhaus-api.abuse.ch,,txt,AsyncRAT,,2026-10-01 15:42:12
cfad1789aaa37b6f26a6a00796faea8918b7d2df6863e8596870e5fcbb9534fc,be81ebcfe912591b7cbd6fb65d681af9,https://urlhaus-api.abuse.ch/v1/download/cfad1789aaa37b6f26a6a00796faea8918b7d2df6863e8596870e5fcbb9534fc/,urlhaus-api.abuse.ch,,elf,,,2026-10-01 15:41:17
59a463d1610d03625f803d11ba91b9380e636f1830e103039681ad18edb7b1ca,950621326a798cba52f139978dabea94,https://urlhaus-api.abuse.ch/v1/download/59a463d1610d03625f803d11ba91b9380e636f1830e103039681ad18edb7b1ca/,urlhaus-api.abuse.ch,,elf,,,2026-10-01 15:40:54
b05207cd56093187b20117a69ade68ff0eeac92cf55286df2c80180f2d9a7c57,4f75b0d2f2a18f67c48b65f05e21fab0,https://urlhaus-api.abuse.ch/v1/download/b05207cd56093187b20117a69ade68ff0eeac92cf55286df2c80180f2d9a7c57/,urlhaus-api.abuse.ch,,elf,Mirai,,2026-10-01 15:40:41
a1bc4418f6901e1ca3e52bf0a0264e4cf904752216236945f9e5fa796753d4ff,3769b2cbff6da58a8507880877ba4d17,https://urlhaus-api.abuse.ch/v1/download/a1bc4418f6901e1ca3e52bf0a0264e4cf904752216236945f9e5fa796753d4ff/,urlhaus-api.abuse.ch,,elf,Mirai,,2026-10-01 15:40:24
c95e945045ad4472f26e4cdf264ea3712d8157daa4fed1fe0d5ccbb57707ff8d,5a4d8737109d7d480230509d27a42552,https://urlhaus-api.abuse.ch/v1/download/c95e945045ad4472f26e4cdf264ea3712d8157daa4fed1fe0d5ccbb57707ff8d/,urlhaus-api.abuse.ch,,elf,,,2026-10-01 15:40:06
8da5f4c6379cc6575bc9fd90b0d7833a5ddb69f7db5e971d51d40f5613bcdfcc,ff23089ed5eb42fdebcca385d5069548,https://urlhaus-api.abuse.ch/v1/download/8da5f4c6379cc6575bc9fd90b0d7833a5ddb69f7db5e971d51d40f5613bcdfcc/,urlhaus-api.abuse.ch,,elf,Mirai,,2026-10-01 15:38:59
a9155bf9b451565967c8e6617c19ef8fdd1132eb9e7c6326df7b9f2f6370776b,b977cd55d9cde22ca19f803d2b611483,https://urlhaus-api.abuse.ch/v1/download/a9155bf9b451565967c8e6617c19ef8fdd1132eb9e7c6326df7b9f2f6370776b/,urlhaus-api.abuse.ch,,elf,Mirai,,2026-10-01 15:38:08
8e96960c91be31f22abec93b1c1a472bc5eefc8c7ca4b9f3fbd05135450da167,bcc228fc91127dd81d17ae6b32787056,https://urlhaus-api.abuse.ch/v1/download/8e96960c91be31f22abec93b1c1a472bc5eefc8c7ca4b9f3fbd05135450da167/,urlhaus-api.abuse.ch,,elf,Mirai,,2026-10-01 15:35:57
6dfa8ec35d89f4f56831deea3d1a84861192eef772149a055b35e28a3de7548c,7a8ab06769d2f236460cac1f6ab337f1,https://urlhaus-api.abuse.ch/v1/download/6dfa8ec35d89f4f56831deea3d1a84861192eef772149a055b35e28a3de7548c/,urlhaus-api.abuse.ch,,html,,,2026-10-01 15:35:42
e18e5bdac88f1f075f39ef056ca823313f7614b638aa239ec0f538a3a4770eac,62af92898d7140a00df100ddfd6a9b83,https://urlhaus-api.abuse.ch/v1/download/e18e5bdac88f1f075f39ef056ca823313f7614b638aa239ec0f538a3a4770eac/,urlhaus-api.abuse.ch,,html,,,2026-10-01 15:34:20
8c54f60dcda7e913f32acc07568b2b761e7d4e8cbeec229b9d2777066b426e14,5b9e54f1a9cfa8fb5f58631d1b84c3cd,https://urlhaus-api.abuse.ch/v1/download/8c54f60dcda7e913f32acc07568b2b761e7d4e8cbeec229b9d2777066b426e14/,urlhaus-api.abuse.ch,,elf,Mirai,,2026-10-01 15:33:57
6b24b0904f00f7f021624f3cc00f6ef356a382544c55a0c6cb03bc2752e3bb71,0ccf4da5746f8c00222d1ca8235ab725,https://urlhaus-api.abuse.ch/v1/download/6b24b0904f00f7f021624f3cc00f6ef356a382544c55a0c6cb03bc2752e3bb71/,urlhaus-api.abuse.ch,,ps1,,,2026-10-01 15:33:14
12013662c71da69de977c04cd7021f13a70cf7bed4ca6c82acbc100464d4b0ef,eec5c6c219535fba3a0492ea8118b397,https://urlhaus-api.abuse.ch/v1/download/12013662c71da69de977c04cd7021f13a70cf7bed4ca6c82acbc100464d4b0ef/,urlhaus-api.abuse.ch,,elf,Mirai,,2026-10-01 15:32:12
3fdd7d7fa2d1462969074a8b187df1afec27a8f7a936de2ec40724e8f070692d,f1c4e90a1017d0a1cbb01fe308cb16b3,https://urlhaus-api.abuse.ch/v1/download/3fdd7d7fa2d1462969074a8b187df1afec27a8f7a936de2ec40724e8f070692d/,urlhaus-api.abuse.ch,,elf,Mirai,,2026-10-01 15:32:10
a0a4a14bb54cab24ed85a67e81ad9d530fb75e4b7d4b5795684ae950c5a93a79,72cad243d5a7de68689b49b22c408a30,https://urlhaus-api.abuse.ch/v1/download/a0a4a14bb54cab24ed85a67e81ad9d530fb75e4b7d4b5795684ae950c5a93a79/,urlhaus-api.abuse.ch,,elf,,,2026-10-01 15:31:37
4293c1d8574dc87c58360d6bac3daa182f64f7785c9d41da5e0741d2b1817fc7,59ce0baba11893f90527fc951ac69912,https://urlhaus-api.abuse.ch/v1/download/4293c1d8574dc87c58360d6bac3daa182f64f7785c9d41da5e0741d2b1817fc7/,urlhaus-api.abuse.ch,,elf,Mozi,,2026-10-01 15:31:25
f6c97b1e2ed02578ca1066c8235ba4f991e645f89012406c639dbccc6582eec8,3849f30b51a5c49e8d1546960cc206c7,https://urlhaus-api.abuse.ch/v1/download/f6c97b1e2ed02578ca1066c8235ba4f991e645f89012406c639dbccc6582eec8/,urlhaus-api.abuse.ch,,elf,,,2026-10-01 15:31:23
dc83023bce9ad69a4865cf013f4d92f57c33d216c872311781dbb985da60e57c,ae08891946ef9f025b6bb27334837243,https://urlhaus-api.abuse.ch/v1/download/dc83023bce9ad69a4865cf013f4d92f57c33d216c872311781dbb985da60e57c/,urlhaus-api.abuse.ch,,unknown,,,2026-10-01 15:28:30
aa17ea69626b98e2b911e39b4c3fdd2963f8c40d8f58f69d0a70509b89f6e7e6,ff5ea3943e0262e6d5cdf5f666174dd1,https://urlhaus-api.abuse.ch/v1/download/aa17ea69626b98e2b911e39b4c3fdd2963f8c40d8f58f69d0a70509b89f6e7e6/,urlhaus-api.abuse.ch,,elf,Mirai,,2026-10-01 15:28:28
7797e700a74ca41601172c378579982cfad65259317abdb8fbdcb5d4d9d55673,60629f830dbc0184f1434ad6fd64f6d7,https://urlhaus-api.abuse.ch/v1/download/7797e700a74ca41601172c378579982cfad65259317abdb8fbdcb5d4d9d55673/,urlhaus-api.abuse.ch,,elf,,,2026-10-01 15:27:42
f6c97b1e2ed02578ca1066c8235ba4f991e645f89012406c639dbccc6582eec8,3849f30b51a5c49e8d1546960cc206c7,https://urlhaus-api.abuse.ch/v1/download/f6c97b1e2ed02578ca1066c8235ba4f991e645f89012406c639dbccc6582eec8/,urlhaus-api.abuse.ch,,elf,,,2026-10-01 15:27:39
4eb5604970be618d44da461ef0fc843eeaa62a240e83e86a3868f87cba1fde4f,d7f34c9ecb8e42457678d563288d9f7e,https://urlhaus-api.abuse.ch/v1/download/4eb5604970be618d44da461ef0fc843eeaa62a240e83e86a3868f87cba1fde4f/,urlhaus-api.abuse.ch,,exe,,,2026-10-01 15:26:13
f3d25faec68f6cf2a4b7f12f586706887a6c72d1d6e4290c502c99bc89679377,492007b33b189452c3d43cba311d1a05,https://urlhaus-api.abuse.ch/v1/download/f3d25faec68f6cf2a4b7f12f586706887a6c72d1d6e4290c502c99bc89679377/,urlhaus-api.abuse.ch,,html,,,2026-10-01 15:23:36
430d25c2f70eed039bdd492c89d9c3c41f5b544457a54417e9be0767d4cd3be7,78196b628e9c252ac6aaf3b23a7195d3,https://urlhaus-api.abuse.ch/v1/download/430d25c2f70eed039bdd492c89d9c3c41f5b544457a54417e9be0767d4cd3be7/,urlhaus-api.abuse.ch,,html,,,2026-10-01 15:21:51
3df3a62c695c3f64e136d0c7ed1a2b27e2502911307468e35839a1d0dd181929,042b2e82b2bf76b7180335c343432691,https://urlhaus-api.abuse.ch/v1/download/3df3a62c695c3f64e136d0c7ed1a2b27e2502911307468e35839a1d0dd181929/,urlhaus-api.abuse.ch,,html,,,2026-10-01 15:21:28
b8d4641c6090fe07a0b14c09f2e57384a051dbf621406375c9a78c92f41e5953,e0b73dff0980990fde9699b66a8cb0bc,https://urlhaus-api.abuse.ch/v1/download/b8d4641c6090fe07a0b14c09f2e57384a051dbf621406375c9a78c92f41e5953/,urlhaus-api.abuse.ch,,txt,,,2026-10-01 15:20:45
a5b40d58f388618d27af28355282629cf54f3d3cd69a1020846c36d1186a9a3e,3f8ff8cddd7e0b0ea9f928d782c3f47f,https://urlhaus-api.abuse.ch/v1/download/a5b40d58f388618d27af28355282629cf54f3d3cd69a1020846c36d1186a9a3e/,urlhaus-api.abuse.ch,,elf,Mirai,,2026-10-01 15:20:21
b3ba65730980f45d3681edbe47aaab7f9e6afe116fd2d7e1108ea70d338a3f7b,476119aab460ee79ffda1211483c612f,https://urlhaus-api.abuse.ch/v1/download/b3ba65730980f45d3681edbe47aaab7f9e6afe116fd2d7e1108ea70d338a3f7b/,urlhaus-api.abuse.ch,,js,,,2026-10-01 15:19:58
6f5ac28130a03271154d0b88267d835bb4ccbbf7a3009111d2d5c78d7043aac8,640b3db07ec3ae235cc2418b5620c35e,https://urlhaus-api.abuse.ch/v1/download/6f5ac28130a03271154d0b88267d835bb4ccbbf7a3009111d2d5c78d7043aac8/,urlhaus-api.abuse.ch,,elf,Mirai,,2026-10-01 15:19:02
0273d3705b043809cb63e3f09f2b776a2a5d66e5b0afc85baaa2ee455a718b67,4c84ab7046ba510f93274a06e4136550,https://urlhaus-api.abuse.ch/v1/download/0273d3705b043809cb63e3f09f2b776a2a5d66e5b0afc85baaa2ee455a718b67/,urlhaus-api.abuse.ch,,elf,Gafgyt,,2026-10-01 15:18:49
07d8a5dfb6a4acc0b616f23a6b0f347b45a609269e05f1349c7bb83847d9d3ae,fe1e0232ad1247be247465a804a0c476,https://urlhaus-api.abuse.ch/v1/download/07d8a5dfb6a4acc0b616f23a6b0f347b45a609269e05f1349c7bb83847d9d3ae/,urlhaus-api.abuse.ch,,elf,,,2026-10-01 15:18:35
4293c1d8574dc87c58360d6bac3daa182f64f7785c9d41da5e0741d2b1817fc7,59ce0baba11893f90527fc951ac69912,https://urlhaus-api.abuse.ch/v1/download/4293c1d8574dc87c58360d6bac3daa182f64f7785c9d41da5e0741d2b1817fc7/,urlhaus-api.abuse.ch,,elf,Mozi,,2026-10-01 15:17:11
bc62edde99bc7786bf8291ac7134adf0519a91ea9ed3c9a6441a3d36931f98aa,90c5fb32228f641504b3f7da2baaf64b,https://urlhaus-api.abuse.ch/v1/download/bc62edde99bc7786bf8291ac7134adf0519a91ea9ed3c9a6441a3d36931f98aa/,urlhaus-api.abuse.ch,,elf,Mirai,,2026-10-01 15:16:46
35a28614707a93129f795deea70773caa1e633b0ada7ed7515d10247a5603fd3,10ce934163eef2afca07edc5539a065f,https://urlhaus-api.abuse.ch/v1/download/35a28614707a93129f795deea70773caa1e633b0ada7ed7515d10247a5603fd3/,urlhaus-api.abuse.ch,,txt,XWorm,,2026-10-01 15:16:43
7ddae90c1b963523d6b4266b29896f45a8b4c1d1737505ac330af3b333efcff4,35f28d02fd203b64a63740b59ae0a834,https://urlhaus-api.abuse.ch/v1/download/7ddae90c1b963523d6b4266b29896f45a8b4c1d1737505ac330af3b333efcff4/,urlhaus-api.abuse.ch,,elf,,,2026-10-01 15:16:07
db0e394239ce80f83fa0fadce8b465cfa19055060aa8d006c0419160b7b1c581,ba81f955584a28f54a443c3a7e094172,https://urlhaus-api.abuse.ch/v1/download/db0e394239ce80f83fa0fadce8b465cfa19055060aa8d006c0419160b7b1c581/,urlhaus-api.abuse.ch,,html,,,2026-10-01 15:15:52
515bbb64a753764eacb1c7645f7bbf0639c374439a78279bffcbc07b49732fd7,8572e7d7fbca1a0b4496a8c14e7f5564,https://urlhaus-api.abuse.ch/v1/download/515bbb64a753764eacb1c7645f7bbf0639c374439a78279bffcbc07b49732fd7/,urlhaus-api.abuse.ch,,exe,CoinMiner,,2026-10-01 15:14:00
a19dd5421e4ef75309fccf7c51c89fdb5b789990cb1266af470c33f2fc99f388,5852034cf95baf7bb694c062f39012e7,https://urlhaus-api.abuse.ch/v1/download/a19dd5421e4ef75309fccf7c51c89fdb5b789990cb1266af470c33f2fc99f388/,urlhaus-api.abuse.ch,,html,,,2026-10-01 15:13:54
0b210aa601f12bc1f75ce3fec740c5c1e60d2598733b54d74f1d3efd38d04c19,73332aa8f0fcfaca87b1399b08c34c81,https://urlhaus-api.abuse.ch/v1/download/0b210aa601f12bc1f75ce3fec740c5c1e60d2598733b54d74f1d3efd38d04c19/,urlhaus-api.abuse.ch,,elf,Mirai,,2026-10-01 15:10:41
98824fc2c0ae479bd5ab6a9960d33a846793d44ca9e03e4478672c6f6c5ef857,44d82cc65e31e308a143a067921b4f75,https://urlhaus-api.abuse.ch/v1/download/98824fc2c0ae479bd5ab6a9960d33a846793d44ca9e03e4478672c6f6c5ef857/,urlhaus-api.abuse.ch,,html,,,2026-10-01 15:10:24
d019fe66127bdefb53b8f8b2430f7dc48c87be712fa99bb9a05f40f8fafb258b,38227ab18a80c84638347c18939eac23,https://urlhaus-api.abuse.ch/v1/download/d019fe66127bdefb53b8f8b2430f7dc48c87be712fa99bb9a05f40f8fafb258b/,urlhaus-api.abuse.ch,,elf,Mirai,,2026-10-01 15:10:09
ddbeb5acf1e28afc53df8ba4c6a7acb854f2e544ee11ab7655f6634db406dcd7,2800ccb01c7c70f2def70535cf69dc6d,https://urlhaus-api.abuse.ch/v1/download/ddbeb5acf1e28afc53df8ba4c6a7acb854f2e544ee11ab7655f6634db406dcd7/,urlhaus-api.abuse.ch,,elf,,,2026-10-01 15:09:18
9e24d868b40fa8597d246e7301174e381bfc897569ca5ba6eba873366bd1ceed,9a5056b2416e73e1c5c93b68346d67a1,https://urlhaus-api.abuse.ch/v1/download/9e24d868b40fa8597d246e7301174e381bfc897569ca5ba6eba873366bd1ceed/,urlhaus-api.abuse.ch,,html,,,2026-10-01 15:08:26
31a8fbf6915cc96f111c039accc966c54cc63adbb59e94e1e19e5bd5fd4d62d5,f547ea8c4ebabe4f8de4185cc6aeefd9,https://urlhaus-api.abuse.ch/v1/download/31a8fbf6915cc96f111c039accc966c54cc63adbb59e94e1e19e5bd5fd4d62d5/,urlhaus-api.abuse.ch,,elf,Mirai,,2026-10-01 15:08:25
97390d12061def47dc266b830444509c0abdd3717fd8ef3cca3198a0f7d2f493,a20843b76a60397bc8f85c4134a6e576,https://urlhaus-api.abuse.ch/v1/download/97390d12061def47dc266b830444509c0abdd3717fd8ef3cca3198a0f7d2f493/,urlhaus-api.abuse.ch,,ps1,,,2026-10-01 15:08:24
eeafc43bb1ff4f056d0e5e8c40b6b0561889c430a27ada2e87b5f8b57df9c1ab,c9e7088596b0b9553ff92fe59dac50bd,https://urlhaus-api.abuse.ch/v1/download/eeafc43bb1ff4f056d0e5e8c40b6b0561889c430a27ada2e87b5f8b57df9c1ab/,urlhaus-api.abuse.ch,,elf,,,2026-10-01 15:08:04
f6c97b1e2ed02578ca1066c8235ba4f991e645f89012406c639dbccc6582eec8,3849f30b51a5c49e8d1546960cc206c7,https://urlhaus-api.abuse.ch/v1/download/f6c97b1e2ed02578ca1066c8235ba4f991e645f89012406c639dbccc6582eec8/,urlhaus-api.abuse.ch,,elf,,,2026-10-01 15:07:38
4b6c666541570fb0bfacb9ac023f8785ab07cbec8bce0f9103340956ea889a5f,937967287cf65111ee3235cce41a4b1c,https://urlhaus-api.abuse.ch/v1/download/4b6c666541570fb0bfacb9ac023f8785ab07cbec8bce0f9103340956ea889a5f/,urlhaus-api.abuse.ch,,html,,,2026-10-01 15:07:37
12013662c71da69de977c04cd7021f13a70cf7bed4ca6c82acbc100464d4b0ef,eec5c6c219535fba3a0492ea8118b397,https://urlhaus-api.abuse.ch/v1/download/12013662c71da69de977c04cd7021f13a70cf7bed4ca6c82acbc100464d4b0ef/,urlhaus-api.abuse.ch,,elf,Mirai,,2026-10-01 15:07:26
e7e0842fa7b6a15d504d768ebe57f4e55eba40368f339dc0378ff4bf434d3bc9,c342599f1a0349cb31ba109c0f844993,https://urlhaus-api.abuse.ch/v1/download/e7e0842fa7b6a15d504d768ebe57f4e55eba40368f339dc0378ff4bf434d3bc9/,urlhaus-api.abuse.ch,,elf,,,2026-10-01 15:07:18
10fd50287959e7d816787babd4095cfdfd602ecb9fdb24e96c7947824ab39cd4,9094144ff3627eb02f0760adcab49059,https://urlhaus-api.abuse.ch/v1/download/10fd50287959e7d816787babd4095cfdfd602ecb9fdb24e96c7947824ab39cd4/,urlhaus-api.abuse.ch,,html,,,2026-10-01 15:07:16
e8c5b487ae2df9ef6b422fbc601d64cc0e4a7fbeed89fc75eba387199890566e,999ddd0ed1eb23226cb3e8e89ab42509,https://urlhaus-api.abuse.ch/v1/download/e8c5b487ae2df9ef6b422fbc601d64cc0e4a7fbeed89fc75eba387199890566e/,urlhaus-api.abuse.ch,,elf,,,2026-10-01 15:06:55
112d6464096fe66a358c45d4edfd193348858a4a8b29c523942a9e84223a172e,5c58d4829bc9eb28fd063a6b2a2a10ff,https://urlhaus-api.abuse.ch/v1/download/112d6464096fe66a358c45d4edfd193348858a4a8b29c523942a9e84223a172e/,urlhaus-api.abuse.ch,,elf,Mirai,,2026-10-01 15:06:48
87a52c46f1cd13cebba5d45c6a793f96b311514fd41ba70051bb3fb1c1dd6bbb,969b08e15fddacefa6bb67a94dba64a9,https://urlhaus-api.abuse.ch/v1/download/87a52c46f1cd13cebba5d45c6a793f96b311514fd41ba70051bb3fb1c1dd6bbb/,urlhaus-api.abuse.ch,,exe,GCleaner,,2026-10-01 15:06:30
4293c1d8574dc87c58360d6bac3daa182f64f7785c9d41da5e0741d2b1817fc7,59ce0baba11893f90527fc951ac69912,https://urlhaus-api.abuse.ch/v1/download/4293c1d8574dc87c58360d6bac3daa182f64f7785c9d41da5e0741d2b1817fc7/,urlhaus-api.abuse.ch,,elf,Mozi,,2026-10-01 15:06:19
f15e29d4626cb3d88f0fee02c9920846da933bf82ee8a9183af45616a044f583,2485f584434426137c4a7c9331febd59,https://urlhaus-api.abuse.ch/v1/download/f15e29d4626cb3d88f0fee02c9920846da933bf82ee8a9183af45616a044f583/,urlhaus-api.abuse.ch,,html,,,2026-10-01 15:05:54
08ddc5bf053199f50fa98401386a668d2cdbfc97e9e9ead5cff151cdf9c4d603,8be18f2188ef6215d98e935cc28c26fc,https://urlhaus-api.abuse.ch/v1/download/08ddc5bf053199f50fa98401386a668d2cdbfc97e9e9ead5cff151cdf9c4d603/,urlhaus-api.abuse.ch,,html,,,2026-10-01 15:05:49
1417470886b23fe79a76d8015a6ef15ed4b8507507f6332598035ce66b40278e,10b321f62f85a026a23987f9b29b01c7,https://urlhaus-api.abuse.ch/v1/download/1417470886b23fe79a76d8015a6ef15ed4b8507507f6332598035ce66b40278e/,urlhaus-api.abuse.ch,,elf,Mirai,,2026-10-01 15:05:23
a9d16826f61c94c7b4e208361accc1db34d5db307410abff0b212edf1de9343b,fd32f5c37207ef6de57dbe72b2b9a579,https://urlhaus-api.abuse.ch/v1/download/a9d16826f61c94c7b4e208361accc1db34d5db307410abff0b212edf1de9343b/,urlhaus-api.abuse.ch,,elf,,,2026-10-01 15:03:41
8596ace8ab291a117bd05297dab13a67efc27becc41a8d01357e281bec8418d0,96ab3fe0610f731f1cb18f01a7a6eefb,https://urlhaus-api.abuse.ch/v1/download/8596ace8ab291a117bd05297dab13a67efc27becc41a8d01357e281bec8418d0/,urlhaus-api.abuse.ch,,elf,,,2026-10-01 15:02:43
a1bc4418f6901e1ca3e52bf0a0264e4cf904752216236945f9e5fa796753d4ff,3769b2cbff6da58a8507880877ba4d17,https://urlhaus-api.abuse.ch/v1/download/a1bc4418f6901e1ca3e52bf0a0264e4cf904752216236945f9e5fa796753d4ff/,urlhaus-api.abuse.ch,,elf,Mirai,,2026-10-01 15:02:38
12013662c71da69de977c04cd7021f13a70cf7bed4ca6c82acbc100464d4b0ef,eec5c6c219535fba3a0492ea8118b397,https://urlhaus-api.abuse.ch/v1/download/12013662c71da69de977c04cd7021f13a70cf7bed4ca6c82acbc100464d4b0ef/,urlhaus-api.abuse.ch,,elf,Mirai,,2026-10-01 15:02:23
4293c1d8574dc87c58360d6bac3daa182f64f7785c9d41da5e0741d2b1817fc7,59ce0baba11893f90527fc951ac69912,https://urlhaus-api.abuse.ch/v1/download/4293c1d8574dc87c58360d6bac3daa182f64f7785c9d41da5e0741d2b1817fc7/,urlhaus-api.abuse.ch,,elf,Mozi,,2026-10-01 15:02:13
4293c1d8574dc87c58360d6bac3daa182f64f7785c9d41da5e0741d2b1817fc7,59ce0baba11893f90527fc951ac69912,https://urlhaus-api.abuse.ch/v1/download/4293c1d8574dc87c58360d6bac3daa182f64f7785c9d41da5e0741d2b1817fc7/,urlhaus-api.abuse.ch,,elf,Mozi,,2026-10-01 15:02:11
b5cf68c7cb5bb2d21d60bf6654926f61566d95bfd7c9f9e182d032f1da5b4605,a73ddd6ec22462db955439f665cad4e6,https://urlhaus-api.abuse.ch/v1/download/b5cf68c7cb5bb2d21d60bf6654926f61566d95bfd7c9f9e182d032f1da5b4605/,urlhaus-api.abuse.ch,,elf,,,2026-10-01 15:02:11
12013662c71da69de977c04cd7021f13a70cf7bed4ca6c82acbc100464d4b0ef,eec5c6c219535fba3a0492ea8118b397,https://urlhaus-api.abuse.ch/v1/download/12013662c71da69de977c04cd7021f13a70cf7bed4ca6c82acbc100464d4b0ef/,urlhaus-api.abuse.ch,,elf,Mirai,,2026-10-01 15:02:11
d3d239bb726ca69776921e75361f0ca6531c436c8c9488e3c61fa0d812ee0819,a2c4289149239233bbdf3399377e1f1b,https://urlhaus-api.abuse.ch/v1/download/d3d239bb726ca69776921e75361f0ca6531c436c8c9488e3c61fa0d812ee0819/,urlhaus-api.abuse.ch,,elf,Mirai,,2026-10-01 15:01:42
a6b1f5c754cc3f335e277882cfcb0ed71c20eb777eda85783db8f6cb4c4e6bdb,090cb44f67096c4b2ea43284f85e29b0,https://urlhaus-api.abuse.ch/v1/download/a6b1f5c754cc3f335e277882cfcb0ed71c20eb777eda85783db8f6cb4c4e6bdb/,urlhaus-api.abuse.ch,,elf,,,2026-10-01 15:01:15
00f5de06331af458bd09e680f5e82403d19fb364fba6f023496558f5999f35f4,17e88c7c24f92db2a7e9a25e88b6be77,https://urlhaus-api.abuse.ch/v1/download/00f5de06331af458bd09e680f5e82403d19fb364fba6f023496558f5999f35f4/,urlhaus-api.abuse.ch,,html,,,2026-10-01 15:00:48
a33fcc308937d87ed6288e896115c8c55d89e6be080b929101dc945498418706,b05d94930a46f045fb0ebcec49412ae2,https://urlhaus-api.abuse.ch/v1/download/a33fcc308937d87ed6288e896115c8c55d89e6be080b929101dc945498418706/,urlhaus-api.abuse.ch,,elf,,,2026-10-01 14:59:19
d019fe66127bdefb53b8f8b2430f7dc48c87be712fa99bb9a05f40f8fafb258b,38227ab18a80c84638347c18939eac23,https://urlhaus-api.abuse.ch/v1/download/d019fe66127bdefb53b8f8b2430f7dc48c87be712fa99bb9a05f40f8fafb258b/,urlhaus-api.abuse.ch,,elf,Mirai,,2026-10-01 14:58:08
dd17c449f41cb1d60d9049a78baf8058b9fcbb54cef43ab593cc2bee50d516c8,83ba5e7d6d68c32575d5585221ee3103,https://urlhaus-api.abuse.ch/v1/download/dd17c449f41cb1d60d9049a78baf8058b9fcbb54cef43ab593cc2bee50d516c8/,urlhaus-api.abuse.ch,,html,,,2026-10-01 14:58:08
0687251c51af962d48007140676daa5dfd43cf056f8026f6e2d1ea567a050b40,c4a753d6871121e8122745b57fc8662c,https://urlhaus-api.abuse.ch/v1/download/0687251c51af962d48007140676daa5dfd43cf056f8026f6e2d1ea567a050b40/,urlhaus-api.abuse.ch,,js,,,2026-10-01 14:57:37
62cb28f2aef74922b6935f34183ee8379cbd1655e67a13303521665e12b41593,b69b60f1873ad5ac05a486a01384445d,https://urlhaus-api.abuse.ch/v1/download/62cb28f2aef74922b6935f34183ee8379cbd1655e67a13303521665e12b41593/,urlhaus-api.abuse.ch,,html,,,2026-10-01 14:57:26
2464b4ef4d95ed605329fb87dde5ef20230926c0571dd47bd427af045c01c0f0,90d64a0ea54c3bd5e7d65c8be382b575,https://urlhaus-api.abuse.ch/v1/download/2464b4ef4d95ed605329fb87dde5ef20230926c0571dd47bd427af045c01c0f0/,urlhaus-api.abuse.ch,,elf,Mirai,,2026-10-01 14:57:24
f0a78d395474a2db85e3de4d7e51569d1e913a5092732713a04d3d9b04983916,dba7f9ed54f7be788d6938bac16add9f,https://urlhaus-api.abuse.ch/v1/download/f0a78d395474a2db85e3de4d7e51569d1e913a5092732713a04d3d9b04983916/,urlhaus-api.abuse.ch,,html,,,2026-10-01 14:56:59
8cf83b42b2a75cc5f40d47e98600b6d0a18775608364d11ad4ca1293c68f4c7c,8af4899b02a430d4481d896c5553bb4c,https://urlhaus-api.abuse.ch/v1/download/8cf83b42b2a75cc5f40d47e98600b6d0a18775608364d11ad4ca1293c68f4c7c/,urlhaus-api.abuse.ch,,elf,,,2026-10-01 14:56:36
4deeac043347f7e7631dce4e678dc9c207582321596417ef6d0d28abc855efa2,72e792c31a8a170599210adadbf178d7,https://urlhaus-api.abuse.ch/v1/download/4deeac043347f7e7631dce4e678dc9c207582321596417ef6d0d28abc855efa2/,urlhaus-api.abuse.ch,,html,,,2026-10-01 14:56:21
aeef3b0d2afc808f02294080433537208c9c56946baeb94533b89555c67fe7d0,9745764f7740b9e1ecb372cdc39b988c,https://urlhaus-api.abuse.ch/v1/download/aeef3b0d2afc808f02294080433537208c9c56946baeb94533b89555c67fe7d0/,urlhaus-api.abuse.ch,,html,,,2026-10-01 14:55:41
197881c5cfdadceab7dd3741a0fb08622b3bd18532f1c5e76ee2c5020666f162,5a6f112de81a3e8bf93b92f9c6c6dca6,https://urlhaus-api.abuse.ch/v1/download/197881c5cfdadceab7dd3741a0fb08622b3bd18532f1c5e76ee2c5020666f162/,urlhaus-api.abuse.ch,,js,,,2026-10-01 14:54:40
18a2634a8011f6df044d0a626e12f13d3fe159db7c64670fadc40995bd0a634e,736340dff5226b42b2018d91159ebade,https://urlhaus-api.abuse.ch/v1/download/18a2634a8011f6df044d0a626e12f13d3fe159db7c64670fadc40995bd0a634e/,urlhaus-api.abuse.ch,,elf,Mirai,,2026-10-01 14:54:35
8fab2d7ab3adbda74f0a5d5d678aac488d704344494a6e344b3c5331a73bbec6,4538c3d16a01e00960b396d46271b3bc,https://urlhaus-api.abuse.ch/v1/download/8fab2d7ab3adbda74f0a5d5d678aac488d704344494a6e344b3c5331a73bbec6/,urlhaus-api.abuse.ch,,html,,,2026-10-01 14:53:47
da3f0a648d390679c291b09f71315fb0d3407c7dc2f0b74967a93ecd1841b71f,21d58e23e37c501c565baa0c21fb225f,https://urlhaus-api.abuse.ch/v1/download/da3f0a648d390679c291b09f71315fb0d3407c7dc2f0b74967a93ecd1841b71f/,urlhaus-api.abuse.ch,,html,,,2026-10-01 14:53:40
9cb2019fe444feea3d3127b1c43d62e6418942e0868a76862aed46b85a215fa0,e21479639d3954801fad4f295c873891,https://urlhaus-api.abuse.ch/v1/download/9cb2019fe444feea3d3127b1c43d62e6418942e0868a76862aed46b85a215fa0/,urlhaus-api.abuse.ch,,elf,Mirai,,2026-10-01 14:53:34
f6c97b1e2ed02578ca1066c8235ba4f991e645f89012406c639dbccc6582eec8,3849f30b51a5c49e8d1546960cc206c7,https://urlhaus-api.abuse.ch/v1/download/f6c97b1e2ed02578ca1066c8235ba4f991e645f89012406c639dbccc6582eec8/,urlhaus-api.abuse.ch,,elf,,,2026-10-01 14:53:26
9ab5ac47c2042d48c073cecf3e3781167e2863c1c4840d4be6c0e81036ad80f8,aab7576af942bd028f26adc970d00e22,https://urlhaus-api.abuse.ch/v1/download/9ab5ac47c2042d48c073cecf3e3781167e2863c1c4840d4be6c0e81036ad80f8/,urlhaus-api.abuse.ch,,elf,,,2026-10-01 14:53:26
9caad13ae137c6e82ae28866abf3d2a8f0f1ae5f6ce8b185a3a454b9b3f10ced,804ae5c92dff7a8d437a97b02dc26771,https://urlhaus-api.abuse.ch/v1/download/9caad13ae137c6e82ae28866abf3d2a8f0f1ae5f6ce8b185a3a454b9b3f10ced/,urlhaus-api.abuse.ch,,elf,,,2026-10-01 14:53:13
7b3d4d6a8c04e409b5a97d000faadbd0170ee9f82dcd52d6d5852e57a5d5439c,03cb4f478a708137362f243742ce8ee0,https://urlhaus-api.abuse.ch/v1/download/7b3d4d6a8c04e409b5a97d000faadbd0170ee9f82dcd52d6d5852e57a5d5439c/,urlhaus-api.abuse.ch,,elf,Mirai,,2026-10-01 14:52:43
03a81d57375b585c68e0a2f543cd6b8a479c54a52ede98ecc7b0e6900042bb23,29428186423f317c5079e6661766df94,https://urlhaus-api.abuse.ch/v1/download/03a81d57375b585c68e0a2f543cd6b8a479c54a52ede98ecc7b0e6900042bb23/,urlhaus-api.abuse.ch,,elf,Mirai,,2026-10-01 14:52:11
d4a3f1758175763608436a3c49634a8581f78925d6714ad3f221209a812ac7c9,553088b44209bbe2e0999e94eba54f26,https://urlhaus-api.abuse.ch/v1/download/d4a3f1758175763608436a3c49634a8581f78925d6714ad3f221209a812ac7c9/,urlhaus-api.abuse.ch,,elf,,,2026-10-01 14:51:23
0d92ef90b6c5e42176f5996cd5233b052ed60bb1762ccf7c47883af4ddf864f2,edf799ab9217e999ec5cbe12beb3cbd9,https://urlhaus-api.abuse.ch/v1/download/0d92ef90b6c5e42176f5996cd5233b052ed60bb1762ccf7c47883af4ddf864f2/,urlhaus-api.abuse.ch,,js,,,2026-10-01 14:50:34
b90770140744f3a9d91567f564746ddb7bac18fe4b4cfec00ff5eee744bec3c3,f739247fe906ab92d71ee9ffaa0b7bc1,https://urlhaus-api.abuse.ch/v1/download/b90770140744f3a9d91567f564746ddb7bac18fe4b4cfec00ff5eee744bec3c3/,urlhaus-api.abuse.ch,,html,,,2026-10-01 14:50:03
6cb1a561a1ad4488f4a031684b8fa88b55af56071c6626452aae7cbcec2f7d04,1254535581cf26e7c73f02cf057deb24,https://urlhaus-api.abuse.ch/v1/download/6cb1a561a1ad4488f4a031684b8fa88b55af56071c6626452aae7cbcec2f7d04/,urlhaus-api.abuse.ch,,exe,CoinMiner,,2026-10-01 14:49:59
33c5933dd4f6a819956561e67ceae1bae84c86d3c7e6c3936634346beb99c733,27cb5df932e0359ffe1cae0c42375531,https://urlhaus-api.abuse.ch/v1/download/33c5933dd4f6a819956561e67ceae1bae84c86d3c7e6c3936634346beb99c733/,urlhaus-api.abuse.ch,,elf,,,2026-10-01 14:49:56
3534eafba6ca259618bde3692f7dd0f2b2d66cb746e8d4750805cb14802b1a17,c2ee98c3ab973c0fcc6d0375215e784a,https://urlhaus-api.abuse.ch/v1/download/3534eafba6ca259618bde3692f7dd0f2b2d66cb746e8d4750805cb14802b1a17/,urlhaus-api.abuse.ch,,html,,,2026-10-01 14:49:40
c45c3b9d40fb91eba3af49dc3c31dd5664ff0f3a2043d43a751092361060bfad,aa75d546594f014d29ac227893423ea4,https://urlhaus-api.abuse.ch/v1/download/c45c3b9d40fb91eba3af49dc3c31dd5664ff0f3a2043d43a751092361060bfad/,urlhaus-api.abuse.ch,,ps1,VIPKeylogger,,2026-10-01 14:49:18
bb0ae3b1ad361529bd2b8a6b5523cadebae95c82fa0ea8cb9206963ef597f40b,b8bc53fba7c908e5f0f4c65ad74efcb0,https://urlhaus-api.abuse.ch/v1/download/bb0ae3b1ad361529bd2b8a6b5523cadebae95c82fa0ea8cb9206963ef597f40b/,urlhaus-api.abuse.ch,,elf,Mirai,,2026-10-01 14:49:03
a9155bf9b451565967c8e6617c19ef8fdd1132eb9e7c6326df7b9f2f6370776b,b977cd55d9cde22ca19f803d2b611483,https://urlhaus-api.abuse.ch/v1/download/a9155bf9b451565967c8e6617c19ef8fdd1132eb9e7c6326df7b9f2f6370776b/,urlhaus-api.abuse.ch,,elf,Mirai,,2026-10-01 14:48:53
e604d43d716a508381e6cc83a5dfb7efa0f469e2d8417fdf912c5d1067f9c992,a85c8f855a70ee1c6b48ce866a5e586f,https://urlhaus-api.abuse.ch/v1/download/e604d43d716a508381e6cc83a5dfb7efa0f469e2d8417fdf912c5d1067f9c992/,urlhaus-api.abuse.ch,,exe,,,2026-10-01 14:48:13
f15e29d4626cb3d88f0fee02c9920846da933bf82ee8a9183af45616a044f583,2485f584434426137c4a7c9331febd59,https://urlhaus-api.abuse.ch/v1/download/f15e29d4626cb3d88f0fee02c9920846da933bf82ee8a9183af45616a044f583/,urlhaus-api.abuse.ch,,html,,,2026-10-01 14:48:08
12013662c71da69de977c04cd7021f13a70cf7bed4ca6c82acbc100464d4b0ef,eec5c6c219535fba3a0492ea8118b397,https://urlhaus-api.abuse.ch/v1/download/12013662c71da69de977c04cd7021f13a70cf7bed4ca6c82acbc100464d4b0ef/,urlhaus-api.abuse.ch,,elf,Mirai,,2026-10-01 14:47:58
4bc0ac826ef78ff8759c128456fd3bf19e424da891c13033b26ad8724c01b750,40af0848794aa5c45f7c13c0b636b194,https://urlhaus-api.abuse.ch/v1/download/4bc0ac826ef78ff8759c128456fd3bf19e424da891c13033b26ad8724c01b750/,urlhaus-api.abuse.ch,,elf,Mirai,,2026-10-01 14:47:34
f3a0f6882005ef81c8c3c396f18971165429f2a21cbdec54738d0d186ccf12d3,827db2f7769f470729c7a3c234e4c303,https://urlhaus-api.abuse.ch/v1/download/f3a0f6882005ef81c8c3c396f18971165429f2a21cbdec54738d0d186ccf12d3/,urlhaus-api.abuse.ch,,html,,,2026-10-01 14:47:30
1f2cb956dcb5487578832d728688e61f375e4d2a9db259533b38b17df20781a3,e59009441d25801f1609d6caa730ba6b,https://urlhaus-api.abuse.ch/v1/download/1f2cb956dcb5487578832d728688e61f375e4d2a9db259533b38b17df20781a3/,urlhaus-api.abuse.ch,,html,,,2026-10-01 14:47:20
12013662c71da69de977c04cd7021f13a70cf7bed4ca6c82acbc100464d4b0ef,eec5c6c219535fba3a0492ea8118b397,https://urlhaus-api.abuse.ch/v1/download/12013662c71da69de977c04cd7021f13a70cf7bed4ca6c82acbc100464d4b0ef/,urlhaus-api.abuse.ch,,elf,Mirai,,2026-10-01 14:47:16
302819a3568a56fcbbfce3649328c18e900267dcc11c2fdf1c61d0318eb831c6,1ecb275af4ab1c07832203432e851f2e,https://urlhaus-api.abuse.ch/v1/download/302819a3568a56fcbbfce3649328c18e900267dcc11c2fdf1c61d0318eb831c6/,urlhaus-api.abuse.ch,,elf,,,2026-10-01 14:47:13
f6c97b1e2ed02578ca1066c8235ba4f991e645f89012406c639dbccc6582eec8,3849f30b51a5c49e8d1546960cc206c7,https://urlhaus-api.abuse.ch/v1/download/f6c97b1e2ed02578ca1066c8235ba4f991e645f89012406c639dbccc6582eec8/,urlhaus-api.abuse.ch,,elf,,,2026-10-01 14:47:11
1c84d0836e3646b61fed52495b852242636e7b2b58dbebc126ec349db2ec0e79,fb1262f74ef2c165ae718298d5726e65,https://urlhaus-api.abuse.ch/v1/download/1c84d0836e3646b61fed52495b852242636e7b2b58dbebc126ec349db2ec0e79/,urlhaus-api.abuse.ch,,ps1,,,2026-10-01 14:46:40
d019fe66127bdefb53b8f8b2430f7dc48c87be712fa99bb9a05f40f8fafb258b,38227ab18a80c84638347c18939eac23,https://urlhaus-api.abuse.ch/v1/download/d019fe66127bdefb53b8f8b2430f7dc48c87be712fa99bb9a05f40f8fafb258b/,urlhaus-api.abuse.ch,,elf,Mirai,,2026-10-01 14:45:50
e928ce1b2af082248f35078e398a811c9ce3fe8302368e1bcb3a40f91a5e3a88,4c46766e736746f15347fa8239fbc9ed,https://urlhaus-api.abuse.ch/v1/download/e928ce1b2af082248f35078e398a811c9ce3fe8302368e1bcb3a40f91a5e3a88/,urlhaus-api.abuse.ch,,elf,,,2026-10-01 14:45:09
eaba75bc59e72a8d4ebf62a284d3a6f80ee4bb244c8f311c8981367d8a828905,0ea0bcc0cfe756b0fee0e655fbf84a55,https://urlhaus-api.abuse.ch/v1/download/eaba75bc59e72a8d4ebf62a284d3a6f80ee4bb244c8f311c8981367d8a828905/,urlhaus-api.abuse.ch,,elf,,,2026-10-01 14:44:42
bc3705798f0e0f6c5caf2f25b25044c18bac64e8bf1743ec2cfa4705888d36c1,bf6639ec788ffc78dc47081a2346b840,https://urlhaus-api.abuse.ch/v1/download/bc3705798f0e0f6c5caf2f25b25044c18bac64e8bf1743ec2cfa4705888d36c1/,urlhaus-api.abuse.ch,,html,,,2026-10-01 14:44:14
db8d32de91f2a2213cda7aeb5b8f464db0d2840963ef5d5e18d2c64a53c6e3e6,29159e5857511d3a592f4a1d4314950e,https://urlhaus-api.abuse.ch/v1/download/db8d32de91f2a2213cda7aeb5b8f464db0d2840963ef5d5e18d2c64a53c6e3e6/,urlhaus-api.abuse.ch,,html,,,2026-10-01 14:42:55
4293c1d8574dc87c58360d6bac3daa182f64f7785c9d41da5e0741d2b1817fc7,59ce0baba11893f90527fc951ac69912,https://urlhaus-api.abuse.ch/v1/download/4293c1d8574dc87c58360d6bac3daa182f64f7785c9d41da5e0741d2b1817fc7/,urlhaus-api.abuse.ch,,elf,Mozi,,2026-10-01 14:42:19
c8f0a0008f65dc11371e67a95d6f648b9a8454c7ecc3edabd202f44740890f90,4aa34632bb5e84070c40d8c98634ccf1,https://urlhaus-api.abuse.ch/v1/download/c8f0a0008f65dc11371e67a95d6f648b9a8454c7ecc3edabd202f44740890f90/,urlhaus-api.abuse.ch,,html,,,2026-10-01 14:42:09
fd8712d7e332f6e2974131788a2b23ddce1e11fb5cde91e5edb6801a68857e22,e80a75954c278efb17ddb8872ce7560b,https://urlhaus-api.abuse.ch/v1/download/fd8712d7e332f6e2974131788a2b23ddce1e11fb5cde91e5edb6801a68857e22/,urlhaus-api.abuse.ch,,elf,,,2026-10-01 14:40:33
0c6ce1ffa961bc63190c5820718cb3a83bd7018e22b9e4b6bc15025914abcc55,a6251087eba6b6ea97bd45b05ee33764,https://urlhaus-api.abuse.ch/v1/download/0c6ce1ffa961bc63190c5820718cb3a83bd7018e22b9e4b6bc15025914abcc55/,urlhaus-api.abuse.ch,,html,,,2026-10-01 14:40:25
7beaec4fd8822f269d6a0e54f24700e3522b552df35fae534c356b8d7c72d1a3,b8721c890f6f94107b27eb4672ae1204,https://urlhaus-api.abuse.ch/v1/download/7beaec4fd8822f269d6a0e54f24700e3522b552df35fae534c356b8d7c72d1a3/,urlhaus-api.abuse.ch,,html,,,2026-10-01 14:40:22
4773873dcd1bcf818c9f9750c4c601e30e571815badb8fe2a4856db989312b3e,64264713dfe0278b6b4bafc23d22b296,https://urlhaus-api.abuse.ch/v1/download/4773873dcd1bcf818c9f9750c4c601e30e571815badb8fe2a4856db989312b3e/,urlhaus-api.abuse.ch,,elf,,,2026-10-01 14:38:37
328f1adb852544c59aab783925266278154cd9c4cb28a3e78bb051b8e13649d3,62b9fd80d25afc4ede2f483b25798245,https://urlhaus-api.abuse.ch/v1/download/328f1adb852544c59aab783925266278154cd9c4cb28a3e78bb051b8e13649d3/,urlhaus-api.abuse.ch,,html,,,2026-10-01 14:38:36
cb9f3d5178cb75055bcb30e6ea002020903b13a3d0d42e34147e9cabf1fd98a0,d0afa140b92604456d8d16dcdd2be7a9,https://urlhaus-api.abuse.ch/v1/download/cb9f3d5178cb75055bcb30e6ea002020903b13a3d0d42e34147e9cabf1fd98a0/,urlhaus-api.abuse.ch,,elf,Mirai,,2026-10-01 14:38:29
a743806caf6bc8b7bd42ac45890b5259af91068ab0f1062e717c00a9a5d3c7d4,4b13e1e6a28b2ae8a3c4baeb2e3ee473,https://urlhaus-api.abuse.ch/v1/download/a743806caf6bc8b7bd42ac45890b5259af91068ab0f1062e717c00a9a5d3c7d4/,urlhaus-api.abuse.ch,,elf,Mirai,,2026-10-01 14:38:27
d5efe4247a1867432177efa224f9b3a48228dee659f29e043b8727dc2a88678b,639cd51a334bf88b2c1b64bb6068c841,https://urlhaus-api.abuse.ch/v1/download/d5efe4247a1867432177efa224f9b3a48228dee659f29e043b8727dc2a88678b/,urlhaus-api.abuse.ch,,html,,,2026-10-01 14:37:45
688901fa63d14fe912d8a204d22575fa8aaa1589af0b44ae5b3d05e9e655e540,426c7fd5c7b1fbdf6e85d4100a0b65dd,https://urlhaus-api.abuse.ch/v1/download/688901fa63d14fe912d8a204d22575fa8aaa1589af0b44ae5b3d05e9e655e540/,urlhaus-api.abuse.ch,,elf,Mirai,,2026-10-01 14:37:37
790a55c929ccdce6d34b811301121fe7ebf2a35b2fddbe8736bc582b23b91a15,cd7138d72aa0a82e26faa5bf63f143b9,https://urlhaus-api.abuse.ch/v1/download/790a55c929ccdce6d34b811301121fe7ebf2a35b2fddbe8736bc582b23b91a15/,urlhaus-api.abuse.ch,,exe,SalatStealer,,2026-10-01 14:37:23
52f4578a9716bf956507713b2fc74fb954eb6fe7fe27b6cee25297d0ed86883d,059f789c693a7e3a5d0d1a1449f98350,https://urlhaus-api.abuse.ch/v1/download/52f4578a9716bf956507713b2fc74fb954eb6fe7fe27b6cee25297d0ed86883d/,urlhaus-api.abuse.ch,,json,,,2026-10-01 14:37:22
5d61318855afabcdaf521e60feae3f62965f3af0204308018a98a2cde5c7687d,01c09691a973592cf260deff11287de2,https://urlhaus-api.abuse.ch/v1/download/5d61318855afabcdaf521e60feae3f62965f3af0204308018a98a2cde5c7687d/,urlhaus-api.abuse.ch,,html,,,2026-10-01 14:36:59
1cde82534dcc3507fe1e9fb4165ee539252a2eec11e832c626777d93be77d291,04201b3d3e388819ec68918fafaa4399,https://urlhaus-api.abuse.ch/v1/download/1cde82534dcc3507fe1e9fb4165ee539252a2eec11e832c626777d93be77d291/,urlhaus-api.abuse.ch,,html,,,2026-10-01 14:36:58
366a1589ef1afb6a73b072956bc0d0f237d05903a604a9bc49845e6706b31aff,240b07b3544cc7afebc43320ec9eb13f,https://urlhaus-api.abuse.ch/v1/download/366a1589ef1afb6a73b072956bc0d0f237d05903a604a9bc49845e6706b31aff/,urlhaus-api.abuse.ch,,elf,,,2026-10-01 14:35:59
c2246563b2f7806e6d032d6c85bb44d7369499055aa6b5bc890ffc27668c30f7,3ffd5b440d249ca49f6d4724e4c77ea5,https://urlhaus-api.abuse.ch/v1/download/c2246563b2f7806e6d032d6c85bb44d7369499055aa6b5bc890ffc27668c30f7/,urlhaus-api.abuse.ch,,elf,Mirai,,2026-10-01 14:33:53
3034de9bff5024653dca1a13f875100e015bb1ccb5b825a9dcf60a4c7bff1c25,2f5ae0a88e8be1d39c77ce576a73a5a4,https://urlhaus-api.abuse.ch/v1/download/3034de9bff5024653dca1a13f875100e015bb1ccb5b825a9dcf60a4c7bff1c25/,urlhaus-api.abuse.ch,,elf,,,2026-10-01 14:33:07
,,http://115.50.36.197:55637/i,115.50.36.197,online,,,,2026-10-02 12:02:12 UTC
,,http://61.53.89.126:38372/i,61.53.89.126,online,,,Mozi,2026-10-02 12:02:12 UTC
,,http://42.227.145.212:40145/i,42.227.145.212,online,,,,2026-10-02 11:47:14 UTC
,,http://115.58.86.96:52093/bin.sh,115.58.86.96,online,,,,2026-10-02 11:33:13 UTC
,,http://186.149.204.12:49065/i,186.149.204.12,online,,,Mozi,2026-10-02 11:32:13 UTC
,,http://125.45.137.39:43385/i,125.45.137.39,online,,,Mozi,2026-10-02 11:32:11 UTC
,,http://61.53.89.126:38372/bin.sh,61.53.89.126,online,,,Mozi,2026-10-02 11:32:11 UTC
,,http://222.127.73.23:35721/i,222.127.73.23,online,,,mirai,2026-10-02 11:32:11 UTC
,,http://8.216.48.50/s/l3.sh,8.216.48.50,offline,,,ascii|bash|sh|ua-wget,2026-10-02 11:31:25 UTC
,,http://61.52.84.197:54479/bin.sh,61.52.84.197,online,,,32-bit|elf|mips|Mozi,2026-10-02 11:18:26 UTC
,,http://182.127.69.67:46810/i,182.127.69.67,online,,,Mozi,2026-10-02 11:16:17 UTC
,,http://122.138.231.222:52011/i,122.138.231.222,online,,,mirai,2026-10-02 11:16:16 UTC
,,http://186.149.204.12:49065/bin.sh,186.149.204.12,online,,,Mozi,2026-10-02 11:02:15 UTC
,,http://45.5.88.205:53640/i,45.5.88.205,online,,,mirai,2026-10-02 11:02:14 UTC
,,http://113.230.23.232:53820/bin.sh,113.230.23.232,online,,,,2026-10-02 11:02:13 UTC
,,http://123.11.36.82:53208/bin.sh,123.11.36.82,online,,,Mozi,2026-10-02 11:02:13 UTC
,,http://120.28.137.240:47125/i,120.28.137.240,online,,,mirai,2026-10-02 11:02:13 UTC
,,http://27.210.169.183:53019/i,27.210.169.183,online,,,mirai,2026-10-02 11:02:13 UTC
,,http://123.14.56.200:53073/bin.sh,123.14.56.200,online,,,Mozi,2026-10-02 11:02:13 UTC
,,http://122.138.231.222:52011/bin.sh,122.138.231.222,online,,,mirai,2026-10-02 10:47:14 UTC
,,http://182.127.123.209:36544/i,182.127.123.209,online,,,Mozi,2026-10-02 10:47:13 UTC
,,http://120.28.137.240:47125/bin.sh,120.28.137.240,online,,,mirai,2026-10-02 10:47:13 UTC
,,http://182.119.0.102:50824/bin.sh,182.119.0.102,online,,,Mozi,2026-10-02 10:47:13 UTC
,,http://27.206.198.146:35866/i,27.206.198.146,online,,,32-bit|elf|mips|Mozi,2026-10-02 10:44:31 UTC
,,http://42.228.124.50:32883/bin.sh,42.228.124.50,online,,,Mozi,2026-10-02 10:32:13 UTC
,,http://115.56.157.170:51884/i,115.56.157.170,online,,,,2026-10-02 10:32:13 UTC
,,http://115.56.157.170:51884/bin.sh,115.56.157.170,online,,,,2026-10-02 10:32:13 UTC
,,http://36.70.98.162:38996/i,36.70.98.162,online,,,mirai,2026-10-02 10:17:26 UTC
,,http://27.206.198.146:35866/bin.sh,27.206.198.146,online,,,32-bit|elf|mips|Mozi,2026-10-02 10:17:22 UTC
,,http://153.117.53.24:41313/i,153.117.53.24,online,,,Mozi,2026-10-02 10:17:09 UTC
,,http://42.225.202.233:42911/i,42.225.202.233,online,,,,2026-10-02 10:17:09 UTC
,,http://108.168.10.70:38308/i,108.168.10.70,online,,,,2026-10-02 10:17:09 UTC
,,http://154.23.2.62:54919/i,154.23.2.62,online,,,Mozi,2026-10-02 10:16:19 UTC
,,http://115.62.25.225:33277/bin.sh,115.62.25.225,online,,,32-bit|arm|elf|mirai|Mozi,2026-10-02 10:13:20 UTC
,,http://108.168.10.70:38308/bin.sh,108.168.10.70,online,,,,2026-10-02 10:04:13 UTC
,,http://39.90.151.154:40485/i,39.90.151.154,online,,,Mozi,2026-10-02 10:04:12 UTC
,,http://8.219.215.66:6364/linux,8.219.215.66,online,,,,2026-10-02 10:03:39 UTC
,,http://169.58.68.50:9555/linux,169.58.68.50,online,,,,2026-10-02 10:00:20 UTC
,,http://8.163.15.89:7214/linux,8.163.15.89,online,,,,2026-10-02 10:00:20 UTC
,,http://96.62.71.5:8080/bots,96.62.71.5,offline,,,,2026-10-02 10:00:16 UTC
,,http://103.210.144.11/jireyrsdnf/li,103.210.144.11,offline,,,,2026-10-02 10:00:16 UTC
,,http://176.65.139.157/telnet2.sh,176.65.139.157,offline,,,,2026-10-02 10:00:15 UTC
,,http://79.165.94.220:45052/i,79.165.94.220,online,,,,2026-10-02 09:47:14 UTC
,,http://112.225.78.108:53589/i,112.225.78.108,offline,,,mirai,2026-10-02 09:47:14 UTC
,,http://113.237.104.128:52331/i,113.237.104.128,online,,,,2026-10-02 09:47:14 UTC
,,http://113.230.23.232:53820/i,113.230.23.232,online,,,,2026-10-02 09:47:14 UTC
,,http://112.225.78.108:53589/bin.sh,112.225.78.108,online,,,mirai,2026-10-02 09:32:34 UTC
,,https://pixeldrain.com/api/file/UNcsXkRT,pixeldrain.com,offline,,,,2026-10-02 09:25:21 UTC
,,http://115.57.234.59:57586/bin.sh,115.57.234.59,offline,,,Mozi,2026-10-02 09:16:17 UTC
,,http://115.57.234.59:57586/i,115.57.234.59,offline,,,Mozi,2026-10-02 09:16:17 UTC
,,http://42.235.44.190:41710/bin.sh,42.235.44.190,online,,,Mozi,2026-10-02 09:16:16 UTC
,,http://154.223.128.222:41756/i,154.223.128.222,online,,,mirai,2026-10-02 09:02:13 UTC
,,http://27.150.252.7:39073/i,27.150.252.7,online,,,mirai,2026-10-02 09:02:13 UTC
,,http://105.186.111.168:49221/i,105.186.111.168,online,,,mirai,2026-10-02 09:02:12 UTC
,,http://117.131.92.150:36075/bin.sh,117.131.92.150,online,,,mirai,2026-10-02 09:02:12 UTC
,,http://119.116.36.24:50141/bin.sh,119.116.36.24,online,,,,2026-10-02 08:47:24 UTC
,,http://170.84.133.235:54607/bin.sh,170.84.133.235,online,,,mirai,2026-10-02 08:46:15 UTC
,,http://170.84.133.235:54607/i,170.84.133.235,online,,,mirai,2026-10-02 08:46:15 UTC
,,http://123.12.87.29:33616/i,123.12.87.29,online,,,Mozi,2026-10-02 08:32:11 UTC
,,http://193.163.187.224:41355/i,193.163.187.224,online,,,mirai,2026-10-02 08:31:19 UTC
,,http://130.12.209.166:33401/i,130.12.209.166,online,,,mirai,2026-10-02 08:31:19 UTC
,,http://115.55.143.235:60801/bin.sh,115.55.143.235,online,,,Mozi,2026-10-02 08:31:18 UTC
,,http://196.189.101.82:50620/i,196.189.101.82,offline,,,mirai,2026-10-02 08:17:11 UTC
,,http://182.240.202.183:56323/i,182.240.202.183,online,,,mirai,2026-10-02 08:16:56 UTC
,,http://120.28.252.64:41657/i,120.28.252.64,online,,,mirai,2026-10-02 08:16:37 UTC
,,http://123.11.36.82:53208/i,123.11.36.82,online,,,Mozi,2026-10-02 08:16:14 UTC
,,http://36.26.150.10:52899/i,36.26.150.10,online,,,mirai,2026-10-02 08:02:14 UTC
,,http://123.12.87.29:33616/bin.sh,123.12.87.29,online,,,Mozi,2026-10-02 08:02:13 UTC
,,http://112.245.78.173:36767/i,112.245.78.173,online,,,mirai,2026-10-02 08:02:12 UTC
,,http://36.26.150.10:52899/bin.sh,36.26.150.10,online,,,mirai,2026-10-02 07:47:27 UTC
,,http://120.28.252.64:41657/bin.sh,120.28.252.64,online,,,mirai,2026-10-02 07:47:15 UTC
,,http://27.152.53.206:34777/bin.sh,27.152.53.206,online,,,mirai,2026-10-02 07:47:14 UTC
,,http://41.216.226.164:51974/i,41.216.226.164,online,,,Mozi,2026-10-02 07:47:13 UTC
,,http://182.127.123.209:36544/bin.sh,182.127.123.209,online,,,Mozi,2026-10-02 07:47:12 UTC
,,http://178.176.107.122:50630/i,178.176.107.122,online,,,,2026-10-02 07:47:12 UTC
,,http://179.49.213.85:40059/i,179.49.213.85,online,,,mirai,2026-10-02 07:47:12 UTC
,,http://103.31.103.204:55084/bin.sh,103.31.103.204,online,,,32-bit|elf|mips|Mozi,2026-10-02 07:41:17 UTC
,,http://182.127.160.130:34533/i,182.127.160.130,online,,,,2026-10-02 07:32:15 UTC
,,http://112.245.78.173:36767/bin.sh,112.245.78.173,online,,,mirai,2026-10-02 07:32:13 UTC
,,http://182.119.0.102:50824/i,182.119.0.102,online,,,Mozi,2026-10-02 07:32:13 UTC
,,http://112.248.161.201:45159/bin.sh,112.248.161.201,online,,,Mozi,2026-10-02 07:16:14 UTC
,,http://115.50.22.252:51347/i,115.50.22.252,online,,,mirai,2026-10-02 07:16:14 UTC
,,http://181.79.85.94:4562/i,181.79.85.94,online,,,Mozi,2026-10-02 07:16:14 UTC
,,http://190.92.96.7:39887/bin.sh,190.92.96.7,online,,,mirai,2026-10-02 07:02:13 UTC
,,http://196.190.105.170:60281/bin.sh,196.190.105.170,online,,,mirai,2026-10-02 07:02:11 UTC
,,http://115.50.22.252:51347/bin.sh,115.50.22.252,online,,,32-bit|arm|elf|mirai|Mozi,2026-10-02 06:58:16 UTC
,,https://ik.imagekit.io/k1gn1jh9t/dIhimbS.txt,ik.imagekit.io,online,,,rev-base64-loader|xworm,2026-10-02 06:48:14 UTC
,,https://pub-e33c72ad3ac74028914da0187313eeb3.r2.dev/NetWorxPro_signed.msi,pub-e33c72ad3ac74028914da0187313eeb3.r2.dev,online,,,Arechclient2|msi,2026-10-02 06:48:13 UTC
,,http://60.188.197.62:41585/i,60.188.197.62,online,,,mirai,2026-10-02 06:47:12 UTC
,,http://178.176.107.122:50630/bin.sh,178.176.107.122,online,,,,2026-10-02 06:47:09 UTC
,,http://182.117.69.141:39508/i,182.117.69.141,online,,,Mozi,2026-10-02 06:47:09 UTC
,,http://59.96.141.130:41429/i,59.96.141.130,offline,,,,2026-10-02 06:47:09 UTC
,,http://107.172.235.223/60/img_205615.png,107.172.235.223,online,,,rat|RemcosRAT|stego,2026-10-02 06:45:14 UTC
,,http://107.172.235.223/60/wegivenbestthings.js,107.172.235.223,offline,,,ascii|js|rat|RemcosRAT,2026-10-02 06:45:14 UTC
,,http://107.172.235.223/60/hhn.hta,107.172.235.223,online,,,hta|rat|RemcosRAT,2026-10-02 06:45:13 UTC
,,http://123.14.56.200:53073/i,123.14.56.200,online,,,32-bit|elf|mips|Mozi,2026-10-02 06:38:31 UTC
,,https://chrome.browserdownloads.ru/downloads/ru/YChromeSetup.exe,chrome.browserdownloads.ru,offline,,,exe,2026-10-02 06:36:58 UTC
,,http://195.178.110.48:8099/xmrig-x64.tar.gz,195.178.110.48,offline,,,docker|elf|redis|xmrig,2026-10-02 06:36:41 UTC
,,http://216.126.86.82:60213/Mozi.m,216.126.86.82,offline,,,,2026-10-02 06:36:37 UTC
,,https://polksvo.vercel.app/?download=1,polksvo.vercel.app,online,,,apk |mamont,2026-10-02 06:36:24 UTC
,,https://pomorutecvo.vercel.app/?download=1,pomorutecvo.vercel.app,online,,,apk |mamont,2026-10-02 06:36:24 UTC
,,http://45.198.224.34/bb,45.198.224.34,online,,,cowrie|honeypot,2026-10-02 06:36:22 UTC
,,https://tmpfiles.org/dl/1790921720.87bd996efc2584f6/wGAdep6P9UOc/nanocore.exe,tmpfiles.org,offline,,,AsyncRAT|exe,2026-10-02 06:36:22 UTC
,,https://tmpfiles.org/dl/1790921964.cc1fb986876287ec/w6Aney6JrUq8/nanocore.js,tmpfiles.org,offline,,,AsyncRAT|js|malware,2026-10-02 06:36:22 UTC
,,http://165.22.18.19:8889/gh0st148,165.22.18.19,offline,,,beacon|redis,2026-10-02 06:36:21 UTC
,,https://stratos-delta.com/f/ujkfbdvkl5i2ezacchx7ia/6b4aghms,stratos-delta.com,offline,,,ClickFix|Foxveil|macOS,2026-10-02 06:36:21 UTC
,,https://raw.githubusercontent.com/niehgns/clients/main/goobaclient-1.21.11.jar,raw.githubusercontent.com,online,,,jar|minecraft|MittkeeDropper|SilentNet|stealer,2026-10-02 06:35:43 UTC
,,https://raw.githubusercontent.com/niehgns/clients1/main/zyronclient-1.21.11.jar,raw.githubusercontent.com,online,,,jar|minecraft|MittkeeDropper|SilentNet|stealer,2026-10-02 06:35:42 UTC
,,https://downloader.exeexe.workers.dev/a1b2c3,downloader.exeexe.workers.dev,offline,,,shadowproject|stealer,2026-10-02 06:35:42 UTC
,,https://downloader.exeexe.workers.dev/u4i7o1,downloader.exeexe.workers.dev,offline,,,PythonStealer|shadowproject|stealer,2026-10-02 06:35:42 UTC
,,https://downloader.exeexe.workers.dev/n7m3q6,downloader.exeexe.workers.dev,offline,,,shadowproject|stealer,2026-10-02 06:35:41 UTC
,,https://downloader.exeexe.workers.dev/r2t5y8,downloader.exeexe.workers.dev,offline,,,shadowproject|stealer,2026-10-02 06:35:40 UTC
,,http://59.96.140.80:52685/Mozi.m,59.96.140.80,offline,,,elf|iot|Mozi,2026-10-02 06:35:36 UTC
,,https://raw.githubusercontent.com/niehgns/clients2/main/67client-1.21.11.jar,raw.githubusercontent.com,online,,,jar|minecraft|MittkeeDropper|SilentNet|stealer,2026-10-02 06:35:33 UTC
,,https://downloader.exeexe.workers.dev/l8z2x5,downloader.exeexe.workers.dev,offline,,,shadowproject|stealer,2026-10-02 06:35:32 UTC
,,https://downloader.exeexe.workers.dev/q7w8e9,downloader.exeexe.workers.dev,offline,,,shadowproject|stealer,2026-10-02 06:35:32 UTC
,,https://downloader.exeexe.workers.dev/z8y7w6,downloader.exeexe.workers.dev,offline,,,shadowproject|stealer,2026-10-02 06:35:32 UTC
,,https://raw.githubusercontent.com/niehgns/clients2/main/kryptonclient-1.21.11.jar,raw.githubusercontent.com,online,,,jar|minecraft|MittkeeDropper|SilentNet|stealer,2026-10-02 06:35:30 UTC
,,https://downloader.exeexe.workers.dev/h1j4k7,downloader.exeexe.workers.dev,offline,,,shadowproject|stealer,2026-10-02 06:35:30 UTC
,,https://raw.githubusercontent.com/niehgns/clients2/main/4eclient-1.21.11.jar,raw.githubusercontent.com,online,,,jar|minecraft|MittkeeDropper|SilentNet|stealer,2026-10-02 06:35:29 UTC
,,http://42.238.248.174:47417/Mozi.m,42.238.248.174,online,,,42-238-248-174|cowrie|elf|honeypot|Mozi,2026-10-02 06:35:28 UTC
,,https://raw.githubusercontent.com/niehgns/clients2/main/radiumclient-1.21.11.jar,raw.githubusercontent.com,online,,,jar|minecraft|MittkeeDropper|SilentNet|stealer,2026-10-02 06:35:27 UTC
,,https://raw.githubusercontent.com/niehgns/clients2/main/xenonclient-1.21.11.jar,raw.githubusercontent.com,online,,,jar|minecraft|MittkeeDropper|SilentNet|stealer,2026-10-02 06:35:27 UTC
,,https://raw.githubusercontent.com/niehgns/clients2/main/frostclient-1.21.11.jar,raw.githubusercontent.com,online,,,jar|minecraft|MittkeeDropper|SilentNet|stealer,2026-10-02 06:35:27 UTC
,,https://raw.githubusercontent.com/niehgns/clients1/main/dqrkisclient-1.21.11.jar,raw.githubusercontent.com,online,,,jar|minecraft|MittkeeDropper|SilentNet|stealer,2026-10-02 06:35:23 UTC
,,https://raw.githubusercontent.com/niehgns/clients/main/fakepayclient-1.21.11.jar,raw.githubusercontent.com,online,,,jar|minecraft|MittkeeDropper|SilentNet|stealer,2026-10-02 06:35:18 UTC
,,https://prestige-client.live/downloads/PrestigeSetup_pw1337.zip,prestige-client.live,online,,,rustystealer,2026-10-02 06:35:18 UTC
,,https://stratos-delta.com/curl/925zai5h/ygpst74xbzykss9mw.dat,stratos-delta.com,offline,,,ClickFix|Foxveil|macOS,2026-10-02 06:35:12 UTC
,,http://185.213.240.64/hiddenbin/Space.x86,185.213.240.64,online,,,mirai|wraith,2026-10-02 06:35:12 UTC
,,http://185.213.240.64/hiddenbin/Space.arc,185.213.240.64,online,,,mirai|wraith,2026-10-02 06:35:12 UTC
,,http://185.213.240.64/hiddenbin/Space.i686,185.213.240.64,online,,,mirai|wraith,2026-10-02 06:35:12 UTC
,,http://185.213.240.64/hiddenbin/Space.x86_64,185.213.240.64,online,,,mirai|wraith,2026-10-02 06:35:12 UTC
,,http://185.213.240.64/1.sh,185.213.240.64,online,,,mirai|script,2026-10-02 06:35:12 UTC
,,http://91.92.242.236/files-129312398/files/file_90d99a8ae6973888.exe,91.92.242.236,offline,,,c2-monitor-auto|dropped-by-amadey,2026-10-02 06:35:11 UTC
,,http://113.221.96.223:34810/bin.sh,113.221.96.223,offline,,,mirai,2026-10-02 06:31:18 UTC
,,http://59.96.141.130:41429/bin.sh,59.96.141.130,offline,,,,2026-10-02 06:31:18 UTC
,,http://222.141.105.132:54124/bin.sh,222.141.105.132,online,,,,2026-10-02 06:31:17 UTC
,,http://115.49.209.223:59964/bin.sh,115.49.209.223,online,,,Mozi,2026-10-02 06:31:17 UTC
,,http://27.215.212.68:56602/i,27.215.212.68,online,,,Mozi,2026-10-02 06:31:17 UTC
,,http://182.117.69.141:39508/bin.sh,182.117.69.141,online,,,Mozi,2026-10-02 06:31:16 UTC
,,http://222.127.76.16:41262/i,222.127.76.16,online,,,mirai,2026-10-02 06:17:13 UTC
,,http://105.224.242.90:47973/bin.sh,105.224.242.90,online,,,32-bit|arm|elf|mirai|Mozi,2026-10-02 06:16:22 UTC
,,http://5.11.180.251:35561/i,5.11.180.251,online,,,,2026-10-02 06:02:16 UTC
,,http://42.229.223.43:58467/i,42.229.223.43,online,,,Mozi,2026-10-02 06:02:13 UTC
,,http://61.52.185.101:48782/bin.sh,61.52.185.101,online,,,Mozi,2026-10-02 06:02:13 UTC
,,http://42.56.204.252:48363/bin.sh,42.56.204.252,offline,,,,2026-10-02 06:02:13 UTC
,,http://61.179.88.81:59819/bin.sh,61.179.88.81,online,,,Mozi,2026-10-02 06:02:13 UTC
,,http://185.213.240.64/hiddenbin/Space.ppc,185.213.240.64,online,,,elf|mirai|ua-wget,2026-10-02 05:55:25 UTC
,,http://185.213.240.64/hiddenbin/Space.arm7,185.213.240.64,online,,,elf|mirai|ua-wget,2026-10-02 05:55:25 UTC
,,http://185.213.240.64/hiddenbin/Space.arm5,185.213.240.64,online,,,elf|mirai|ua-wget,2026-10-02 05:55:24 UTC
,,http://185.213.240.64/hiddenbin/Space.sh4,185.213.240.64,online,,,elf|mirai|ua-wget,2026-10-02 05:55:24 UTC
,,http://185.213.240.64/hiddenbin/Space.arm6,185.213.240.64,online,,,elf|mirai|ua-wget,2026-10-02 05:55:24 UTC
,,http://185.213.240.64/hiddenbin/Space.mips,185.213.240.64,online,,,elf|mirai|ua-wget,2026-10-02 05:55:24 UTC
,,http://185.213.240.64/hiddenbin/Space.arm,185.213.240.64,online,,,elf|mirai|ua-wget,2026-10-02 05:55:24 UTC
,,http://185.213.240.64/hiddenbin/Space.sparc,185.213.240.64,offline,,,elf|ua-wget,2026-10-02 05:55:23 UTC
,,http://185.213.240.64/hiddenbin/Space.mips64,185.213.240.64,offline,,,elf|ua-wget,2026-10-02 05:55:23 UTC
,,http://185.213.240.64/hiddenbin/Space.mpsl,185.213.240.64,online,,,elf|mirai|ua-wget,2026-10-02 05:55:23 UTC
,,http://185.213.240.64/hiddenbin/Space.m68k,185.213.240.64,online,,,elf|mirai|ua-wget,2026-10-02 05:55:22 UTC
,,http://123.12.97.73:54508/bin.sh,123.12.97.73,online,,,Mozi,2026-10-02 05:47:12 UTC
,,http://101.59.79.119:43520/i,101.59.79.119,online,,,mirai,2026-10-02 05:47:12 UTC
,,http://36.77.229.236:53632/i,36.77.229.236,online,,,mirai,2026-10-02 05:46:25 UTC
,,http://59.180.145.247:55956/i,59.180.145.247,offline,,,32-bit|elf|mips|Mozi,2026-10-02 05:38:47 UTC
,,http://114.228.123.114:51491/i,114.228.123.114,online,,,mirai,2026-10-02 05:32:13 UTC
,,http://119.116.33.203:58231/i,119.116.33.203,offline,,,,2026-10-02 05:32:12 UTC
,,http://61.53.120.245:34134/i,61.53.120.245,offline,,,Mozi,2026-10-02 05:32:12 UTC
,,http://105.224.5.162:42637/bin.sh,105.224.5.162,online,,,mirai,2026-10-02 05:32:12 UTC
,,http://31.4.254.241:49417/bin.sh,31.4.254.241,online,,,,2026-10-02 05:17:27 UTC
,,http://117.131.92.150:36075/i,117.131.92.150,online,,,mirai,2026-10-02 05:17:13 UTC
,,http://42.237.63.135:43965/i,42.237.63.135,online,,,Mozi,2026-10-02 05:17:13 UTC
,,http://115.50.7.28:59792/bin.sh,115.50.7.28,online,,,Mozi,2026-10-02 05:17:12 UTC
,,http://210.97.100.192:58715/i,210.97.100.192,online,,,,2026-10-02 05:17:12 UTC
,,http://182.122.242.126:59890/i,182.122.242.126,online,,,Mozi,2026-10-02 05:02:11 UTC
,,http://182.122.110.235:45263/i,182.122.110.235,online,,,mirai,2026-10-02 04:47:27 UTC
,,http://125.46.196.22:49028/i,125.46.196.22,offline,,,Mozi,2026-10-02 04:32:13 UTC
,,http://182.113.37.203:57732/bin.sh,182.113.37.203,online,,,,2026-10-02 04:32:12 UTC
,,http://190.92.96.7:39887/i,190.92.96.7,online,,,mirai,2026-10-02 04:31:16 UTC
,,http://219.156.119.126:37129/i,219.156.119.126,online,,,mirai,2026-10-02 04:31:14 UTC
,,http://123.189.141.223:40664/i,123.189.141.223,online,,,,2026-10-02 04:31:14 UTC
,,http://115.58.86.96:52093/i,115.58.86.96,online,,,,2026-10-02 04:31:14 UTC
,,http://123.189.141.223:40664/bin.sh,123.189.141.223,offline,,,,2026-10-02 04:31:14 UTC
,,http://222.141.105.132:54124/i,222.141.105.132,online,,,,2026-10-02 04:17:14 UTC
,,http://182.119.126.236:39384/i,182.119.126.236,offline,,,Mozi,2026-10-02 04:17:14 UTC
,,http://182.119.126.236:39384/bin.sh,182.119.126.236,offline,,,Mozi,2026-10-02 04:17:14 UTC
,,http://182.119.58.161:53866/bin.sh,182.119.58.161,online,,,Mozi,2026-10-02 04:17:13 UTC
,,http://218.61.103.229:44959/bin.sh,218.61.103.229,online,,,,2026-10-02 04:02:24 UTC
,,http://125.45.137.39:43385/bin.sh,125.45.137.39,online,,,Mozi,2026-10-02 04:02:11 UTC
,,http://115.52.237.97:37931/i,115.52.237.97,online,,,mirai,2026-10-02 04:02:11 UTC
,,http://120.28.200.35:33570/i,120.28.200.35,offline,,,mirai,2026-10-02 04:02:11 UTC
,,http://115.56.156.34:42802/bin.sh,115.56.156.34,online,,,Mozi,2026-10-02 04:02:10 UTC
,,http://176.77.46.141:53458/i,176.77.46.141,online,,,32-bit|elf|mips|Mozi,2026-10-02 04:01:26 UTC
,,http://196.191.233.24:59831/i,196.191.233.24,offline,,,,2026-10-02 03:47:24 UTC
,,http://105.225.107.62:47773/i,105.225.107.62,online,,,mirai,2026-10-02 03:47:12 UTC
,,http://42.86.54.109:43824/i,42.86.54.109,online,,,,2026-10-02 03:47:12 UTC
,,http://1.61.216.113:46379/i,1.61.216.113,online,,,mirai,2026-10-02 03:47:12 UTC
,,http://182.112.31.29:60594/i,182.112.31.29,online,,,Mozi,2026-10-02 03:47:12 UTC
,,http://36.69.82.105:52929/i,36.69.82.105,online,,,mirai,2026-10-02 03:32:24 UTC
,,http://176.77.46.141:53458/bin.sh,176.77.46.141,online,,,32-bit|elf|mips|Mozi,2026-10-02 03:32:20 UTC
,,http://105.225.107.62:47773/bin.sh,105.225.107.62,online,,,mirai,2026-10-02 03:32:14 UTC
,,http://119.99.164.18:42673/i,119.99.164.18,online,,,mirai,2026-10-02 03:32:14 UTC
,,http://219.157.253.88:45074/bin.sh,219.157.253.88,online,,,Mozi,2026-10-02 03:32:14 UTC
,,http://125.24.163.158:43947/i,125.24.163.158,offline,,,mirai,2026-10-02 03:32:14 UTC
,,http://115.53.34.254:60869/bin.sh,115.53.34.254,offline,,,,2026-10-02 03:17:13 UTC
,,http://42.235.44.190:41710/i,42.235.44.190,online,,,Mozi,2026-10-02 03:17:13 UTC
,,http://59.97.254.55:45850/i,59.97.254.55,offline,,,Mozi,2026-10-02 03:17:12 UTC
,,http://182.120.93.84:44860/bin.sh,182.120.93.84,online,,,Mozi,2026-10-02 03:03:11 UTC
,,http://182.117.77.104:41756/i,182.117.77.104,offline,,,Mozi,2026-10-02 03:02:13 UTC
,,http://27.210.169.183:53019/bin.sh,27.210.169.183,online,,,mirai,2026-10-02 03:02:13 UTC
,,http://31.4.254.241:49417/i,31.4.254.241,online,,,,2026-10-02 02:32:36 UTC
,,http://45.232.72.245:57845/i,45.232.72.245,online,,,mirai,2026-10-02 02:31:16 UTC
,,http://39.90.151.154:40485/bin.sh,39.90.151.154,offline,,,Mozi,2026-10-02 02:31:16 UTC
,,http://119.185.241.237:45071/i,119.185.241.237,online,,,Mozi,2026-10-02 02:31:16 UTC
,,http://105.186.214.211:36127/i,105.186.214.211,offline,,,mirai,2026-10-02 02:31:16 UTC
,,http://196.189.35.226:57013/i,196.189.35.226,offline,,,mirai,2026-10-02 02:31:15 UTC
,,http://123.12.97.73:54508/i,123.12.97.73,online,,,Mozi,2026-10-02 02:28:10 UTC
,,http://109.235.7.1:49706/i,109.235.7.1,online,,,32-bit|elf|mips|Mozi,2026-10-02 02:27:30 UTC
,,http://115.55.23.171:47870/i,115.55.23.171,online,,,Mozi,2026-10-02 02:17:17 UTC
,,http://113.231.116.128:55031/i,113.231.116.128,online,,,elf,2026-10-02 02:03:17 UTC
,,http://59.180.169.243:35570/bin.sh,59.180.169.243,online,,,Mozi,2026-10-02 02:02:24 UTC
,,http://125.42.202.219:48195/i,125.42.202.219,offline,,,mirai,2026-10-02 02:02:11 UTC
,,http://2.182.177.208:60409/i,2.182.177.208,online,,,Mozi,2026-10-02 02:01:11 UTC
,,http://196.189.197.131:34862/i,196.189.197.131,offline,,,mirai,2026-10-02 02:01:10 UTC
,,http://38.48.60.100:55192/bin.sh,38.48.60.100,online,,,,2026-10-02 02:01:10 UTC
,,http://175.165.84.219:34761/i,175.165.84.219,online,,,,2026-10-02 01:47:26 UTC
,,http://110.136.40.247:33480/bin.sh,110.136.40.247,online,,,mirai,2026-10-02 01:47:12 UTC
,,http://210.208.110.172:50601/bin.sh,210.208.110.172,online,,,32-bit|arm|elf|mirai|Mozi,2026-10-02 01:36:12 UTC
,,http://118.120.174.73:47984/i,118.120.174.73,online,,,mirai,2026-10-02 01:31:15 UTC
,,http://109.235.7.1:49706/bin.sh,109.235.7.1,online,,,32-bit|elf|mips|Mozi,2026-10-02 01:25:21 UTC
,,http://117.26.225.197:36974/i,117.26.225.197,online,,,mirai,2026-10-02 01:17:15 UTC
,,http://116.138.109.113:57675/bin.sh,116.138.109.113,online,,,,2026-10-02 01:17:13 UTC
,,http://93.157.253.209:46323/i,93.157.253.209,online,,,,2026-10-02 01:17:12 UTC
,,http://185.9.139.117:46572/i,185.9.139.117,online,,,mirai,2026-10-02 01:17:12 UTC
,,http://93.157.253.209:46323/bin.sh,93.157.253.209,online,,,,2026-10-02 01:17:12 UTC
,,http://196.189.198.173:56505/i,196.189.198.173,offline,,,mirai,2026-10-02 01:17:12 UTC
,,http://42.225.202.233:42911/bin.sh,42.225.202.233,online,,,,2026-10-02 01:17:12 UTC
,,http://113.221.46.208:58353/bin.sh,113.221.46.208,online,,,mirai,2026-10-02 01:16:12 UTC
,,http://182.126.198.239:50319/bin.sh,182.126.198.239,online,,,mirai,2026-10-02 01:02:12 UTC
,,http://221.14.183.183:57600/bin.sh,221.14.183.183,online,,,Mozi,2026-10-02 01:02:12 UTC
,,http://38.46.31.127:41849/i,38.46.31.127,online,,,mirai,2026-10-02 01:02:12 UTC
,,http://125.40.49.75:45103/i,125.40.49.75,online,,,Mozi,2026-10-02 00:47:11 UTC
,,http://175.150.205.198:60248/i,175.150.205.198,online,,,,2026-10-02 00:47:10 UTC
,,http://42.226.70.133:39212/bin.sh,42.226.70.133,online,,,Mozi,2026-10-02 00:47:10 UTC
,,http://38.46.31.127:41849/bin.sh,38.46.31.127,online,,,mirai,2026-10-02 00:32:13 UTC
,,http://138.204.196.254:46428/bin.sh,138.204.196.254,online,,,mirai,2026-10-02 00:32:13 UTC
,,http://222.127.53.189:40982/i,222.127.53.189,offline,,,mirai,2026-10-02 00:17:42 UTC
,,http://59.180.145.77:49007/bin.sh,59.180.145.77,offline,,,Mozi,2026-10-02 00:17:40 UTC
,,http://175.150.205.198:60248/bin.sh,175.150.205.198,online,,,,2026-10-02 00:17:17 UTC
,,http://61.52.185.101:48782/i,61.52.185.101,online,,,Mozi,2026-10-02 00:17:16 UTC
,,http://218.16.164.123:41915/i,218.16.164.123,online,,,mirai,2026-10-02 00:01:16 UTC
,,http://125.41.225.209:50263/i,125.41.225.209,offline,,,,2026-10-02 00:01:15 UTC
,,http://113.254.36.153:50445/i,113.254.36.153,online,,,,2026-10-02 00:01:15 UTC
,,http://115.61.117.136:50368/i,115.61.117.136,online,,,,2026-10-01 23:46:11 UTC
,,http://115.49.209.223:59964/i,115.49.209.223,online,,,Mozi,2026-10-01 23:33:14 UTC
,,http://61.53.157.233:42044/i,61.53.157.233,offline,,,Mozi,2026-10-01 23:33:13 UTC
,,http://112.242.231.62:59223/i,112.242.231.62,online,,,Mozi,2026-10-01 23:32:28 UTC
,,http://196.191.231.12:52906/i,196.191.231.12,online,,,mirai,2026-10-01 23:32:13 UTC
,,http://219.157.134.110:56057/bin.sh,219.157.134.110,offline,,,Mozi,2026-10-01 23:32:11 UTC
,,http://112.122.69.198:40759/i,112.122.69.198,offline,,,mirai,2026-10-01 23:32:11 UTC
,,http://115.55.217.255:56903/bin.sh,115.55.217.255,online,,,Mozi,2026-10-01 23:32:11 UTC
,,http://60.23.220.27:43041/bin.sh,60.23.220.27,online,,,,2026-10-01 23:17:20 UTC
,,http://115.51.97.51:50588/i,115.51.97.51,offline,,,Mozi,2026-10-01 23:17:15 UTC
,,http://182.119.51.115:56538/i,182.119.51.115,online,,,Mozi,2026-10-01 23:17:15 UTC
,,http://42.224.144.176:49868/bin.sh,42.224.144.176,offline,,,Mozi,2026-10-01 23:17:15 UTC
,,http://120.28.194.204:39344/i,120.28.194.204,offline,,,mirai,2026-10-01 23:17:14 UTC
,,http://103.249.199.5:53780/i,103.249.199.5,offline,,,mirai,2026-10-01 23:16:15 UTC
,,http://112.237.51.216:33695/bin.sh,112.237.51.216,online,,,32-bit|arm|elf|mirai|Mozi,2026-10-01 23:13:28 UTC
,,http://222.246.40.20:48748/i,222.246.40.20,online,,,mirai,2026-10-01 23:02:13 UTC
,,http://60.23.233.153:49553/i,60.23.233.153,online,,,,2026-10-01 23:02:12 UTC
,,http://61.53.157.233:42044/bin.sh,61.53.157.233,offline,,,Mozi,2026-10-01 23:02:12 UTC
,,http://117.209.124.23:55672/i,117.209.124.23,offline,,,Mozi,2026-10-01 23:02:12 UTC
,,http://117.209.124.23:55672/bin.sh,117.209.124.23,offline,,,Mozi,2026-10-01 23:02:12 UTC
,,http://112.122.69.198:40759/bin.sh,112.122.69.198,offline,,,mirai,2026-10-01 23:02:12 UTC
,,http://110.186.231.117:35755/i,110.186.231.117,online,,,mirai,2026-10-01 22:47:15 UTC
,,http://105.224.242.90:47973/i,105.224.242.90,online,,,mirai,2026-10-01 22:47:15 UTC
,,http://125.41.240.155:47349/i,125.41.240.155,online,,,Mozi,2026-10-01 22:47:14 UTC
,,http://125.41.240.155:47349/bin.sh,125.41.240.155,online,,,Mozi,2026-10-01 22:32:11 UTC
,,http://119.115.166.198:48650/i,119.115.166.198,offline,,,,2026-10-01 22:32:11 UTC
,,http://94.183.174.75/bins/morte.m68k,94.183.174.75,offline,,,elf|ua-wget,2026-10-01 22:27:16 UTC
,,http://94.183.174.75/bins/morte.mips,94.183.174.75,offline,,,elf|ua-wget,2026-10-01 22:27:16 UTC
,,http://94.183.174.75/bins/morte.arm7,94.183.174.75,offline,,,elf|ua-wget,2026-10-01 22:27:16 UTC
,,http://94.183.174.75/bins/morte.spc,94.183.174.75,offline,,,elf|ua-wget,2026-10-01 22:27:16 UTC
,,http://94.183.174.75/bins/morte.arm6,94.183.174.75,offline,,,elf|ua-wget,2026-10-01 22:27:16 UTC
,,http://94.183.174.75/bins/morte.arc,94.183.174.75,offline,,,elf|ua-wget,2026-10-01 22:27:16 UTC
,,http://94.183.174.75/bins/morte.mpsl,94.183.174.75,offline,,,elf|ua-wget,2026-10-01 22:27:16 UTC
,,http://94.183.174.75/bins/morte.sh4,94.183.174.75,offline,,,elf|ua-wget,2026-10-01 22:27:16 UTC
,,http://94.183.174.75/systemcl/arc,94.183.174.75,offline,,,elf|ua-wget,2026-10-01 22:27:16 UTC
,,http://94.183.174.75/bins/morte.arm5,94.183.174.75,offline,,,elf|ua-wget,2026-10-01 22:27:16 UTC
,,http://115.48.149.107:56381/bin.sh,115.48.149.107,online,,,32-bit|elf|mips|Mozi,2026-10-01 22:24:18 UTC
,,http://116.207.221.240:59439/i,116.207.221.240,online,,,mirai,2026-10-01 22:17:16 UTC
,,http://123.129.133.230:47233/i,123.129.133.230,offline,,,Mozi,2026-10-01 22:17:15 UTC
,,http://120.28.195.161:40606/i,120.28.195.161,offline,,,mirai,2026-10-01 22:17:15 UTC
,,http://105.224.28.127:46639/i,105.224.28.127,online,,,mirai,2026-10-01 22:17:15 UTC
,,http://105.224.5.162:42637/i,105.224.5.162,online,,,mirai,2026-10-01 22:17:15 UTC
,,http://116.138.106.171:59522/i,116.138.106.171,offline,,,,2026-10-01 22:17:14 UTC
,,http://222.142.220.150:54414/bin.sh,222.142.220.150,online,,,Mozi,2026-10-01 22:17:14 UTC
,,http://176.65.148.112/bins/Hilix.x86,176.65.148.112,online,,,elf|mirai,2026-10-01 22:14:14 UTC
,,http://176.65.148.112/bins/Hilix.arm5,176.65.148.112,offline,,,elf|mirai,2026-10-01 22:14:14 UTC
,,http://176.65.148.112/bins/Hilix.mpsl,176.65.148.112,online,,,elf|mirai,2026-10-01 22:14:14 UTC
,,http://176.65.148.112/bins/Hilix.ppc,176.65.148.112,offline,,,elf|mirai,2026-10-01 22:14:14 UTC
,,http://176.65.148.112/bins/Hilix.mips,176.65.148.112,offline,,,elf|mirai,2026-10-01 22:14:14 UTC
,,http://176.65.148.112/bins/Hilix.m68k,176.65.148.112,online,,,elf|mirai,2026-10-01 22:14:14 UTC
,,http://176.65.148.112/bins/Hilix.sh4,176.65.148.112,online,,,elf|mirai,2026-10-01 22:13:30 UTC
,,http://176.65.148.112/bins/Hilix.arm6,176.65.148.112,offline,,,elf|mirai,2026-10-01 22:13:30 UTC
,,http://176.65.148.112/bins/Hilix.arm,176.65.148.112,online,,,elf|mirai,2026-10-01 22:13:30 UTC
,,http://176.65.148.112/bins/Hilix.arm7,176.65.148.112,online,,,elf|mirai,2026-10-01 22:13:30 UTC
,,http://124.135.36.37:47890/i,124.135.36.37,online,,,Mozi,2026-10-01 22:02:11 UTC
,,http://124.135.36.37:47890/bin.sh,124.135.36.37,online,,,Mozi,2026-10-01 22:02:11 UTC
,,http://115.48.149.107:56381/i,115.48.149.107,online,,,,2026-10-01 22:02:10 UTC
,,http://119.187.235.240:39789/bin.sh,119.187.235.240,online,,,Mozi,2026-10-01 21:48:12 UTC
,,http://116.138.106.171:59522/bin.sh,116.138.106.171,offline,,,,2026-10-01 21:47:14 UTC
,,http://183.35.50.177:40190/i,183.35.50.177,offline,,,mirai,2026-10-01 21:47:14 UTC
,,http://123.129.133.230:47233/bin.sh,123.129.133.230,offline,,,Mozi,2026-10-01 21:47:14 UTC
,,http://60.23.168.43:37885/i,60.23.168.43,online,,,,2026-10-01 21:47:14 UTC
,,http://123.10.143.179:51663/i,123.10.143.179,online,,,Mozi,2026-10-01 21:47:14 UTC
,,http://60.17.79.255:41691/bin.sh,60.17.79.255,online,,,,2026-10-01 21:47:14 UTC
,,http://60.17.79.255:41691/i,60.17.79.255,online,,,,2026-10-01 21:47:14 UTC
,,http://120.28.199.24:54015/i,120.28.199.24,offline,,,mirai,2026-10-01 21:47:13 UTC
,,http://182.126.94.236:55843/i,182.126.94.236,offline,,,Mozi,2026-10-01 21:47:13 UTC
,,http://182.127.123.222:33282/i,182.127.123.222,online,,,Mozi,2026-10-01 21:46:12 UTC
,,http://190.109.228.110:56122/bin.sh,190.109.228.110,online,,,mirai,2026-10-01 21:32:11 UTC
,,http://115.58.91.2:54820/bin.sh,115.58.91.2,offline,,,Mozi,2026-10-01 21:32:10 UTC
,,http://42.57.203.4:57127/i,42.57.203.4,online,,,,2026-10-01 21:32:10 UTC
,,http://222.140.182.183:49632/i,222.140.182.183,online,,,,2026-10-01 21:32:10 UTC
,,http://109.165.53.128:41927/i,109.165.53.128,online,,,mirai,2026-10-01 21:32:09 UTC
,,http://42.237.252.225:53425/i,42.237.252.225,online,,,mirai,2026-10-01 21:17:12 UTC
,,http://109.165.53.128:41927/bin.sh,109.165.53.128,online,,,mirai,2026-10-01 21:17:12 UTC
,,http://60.18.1.146:39352/bin.sh,60.18.1.146,online,,,,2026-10-01 21:17:11 UTC
,,http://182.127.123.222:33282/bin.sh,182.127.123.222,online,,,Mozi,2026-10-01 21:17:11 UTC
,,http://60.23.232.134:40004/bin.sh,60.23.232.134,offline,,,,2026-10-01 21:17:11 UTC
,,http://196.190.69.149:40737/i,196.190.69.149,offline,,,,2026-10-01 21:02:26 UTC
,,http://123.189.177.133:48431/i,123.189.177.133,online,,,,2026-10-01 21:02:15 UTC
,,http://182.117.15.101:47642/i,182.117.15.101,offline,,,,2026-10-01 21:02:15 UTC
,,http://182.127.82.17:60203/i,182.127.82.17,online,,,Mozi,2026-10-01 21:02:14 UTC
,,http://221.225.253.118:47327/bin.sh,221.225.253.118,online,,,32-bit|arm|elf|mirai|Mozi,2026-10-01 20:49:22 UTC
,,http://42.237.252.225:53425/bin.sh,42.237.252.225,online,,,mirai,2026-10-01 20:47:25 UTC
,,http://60.18.1.146:39352/i,60.18.1.146,online,,,,2026-10-01 20:47:13 UTC
,,http://125.44.217.153:51472/i,125.44.217.153,offline,,,Mozi,2026-10-01 20:47:12 UTC
,,http://42.230.219.48:36307/bin.sh,42.230.219.48,online,,,Mozi,2026-10-01 20:47:12 UTC
,,http://115.42.71.239:36612/bin.sh,115.42.71.239,online,,,Mozi,2026-10-01 20:47:12 UTC
,,http://175.30.91.176:38588/i,175.30.91.176,online,,,mirai,2026-10-01 20:47:12 UTC
,,http://182.127.82.17:60203/bin.sh,182.127.82.17,online,,,Mozi,2026-10-01 20:33:10 UTC
,,http://112.248.161.201:45159/i,112.248.161.201,online,,,Mozi,2026-10-01 20:32:36 UTC
,,http://222.140.208.8:33116/i,222.140.208.8,offline,,,32-bit|elf|mips|Mozi,2026-10-01 20:32:28 UTC
,,http://119.187.235.240:39789/i,119.187.235.240,online,,,Mozi,2026-10-01 20:32:25 UTC
,,http://105.184.34.53:40057/i,105.184.34.53,offline,,,mirai,2026-10-01 20:32:18 UTC
,,http://182.120.93.84:44860/i,182.120.93.84,online,,,Mozi,2026-10-01 20:32:18 UTC
,,http://116.138.235.185:37309/i,116.138.235.185,online,,,,2026-10-01 20:32:17 UTC
,,http://182.126.113.232:40409/bin.sh,182.126.113.232,offline,,,Mozi,2026-10-01 20:32:17 UTC
,,http://175.173.85.81:49158/bin.sh,175.173.85.81,offline,,,,2026-10-01 20:17:13 UTC
,,http://125.44.217.153:51472/bin.sh,125.44.217.153,offline,,,Mozi,2026-10-01 20:17:13 UTC
,,http://27.207.187.125:46979/i,27.207.187.125,offline,,,Mozi,2026-10-01 20:01:15 UTC
,,http://105.186.240.247:38999/i,105.186.240.247,offline,,,mirai,2026-10-01 20:01:15 UTC
,,http://115.56.146.196:37038/bin.sh,115.56.146.196,online,,,mirai,2026-10-01 20:01:15 UTC
,,http://201.110.61.47:38216/i,201.110.61.47,offline,,,mirai,2026-10-01 20:01:15 UTC
,,http://115.57.183.7:47813/i,115.57.183.7,online,,,Mozi,2026-10-01 19:47:13 UTC
,,http://122.241.89.11:35340/bin.sh,122.241.89.11,online,,,mirai,2026-10-01 19:47:11 UTC
,,http://115.60.252.127:37457/i,115.60.252.127,online,,,,2026-10-01 19:47:10 UTC
,,http://125.43.4.58:34827/bin.sh,125.43.4.58,online,,,32-bit|arm|elf|mirai|Mozi,2026-10-01 19:42:32 UTC
,,http://201.110.61.47:38216/bin.sh,201.110.61.47,offline,,,32-bit|arm|elf|mirai|Mozi,2026-10-01 19:34:21 UTC
,,http://105.186.240.247:38999/bin.sh,105.186.240.247,offline,,,mirai,2026-10-01 19:32:14 UTC
,,http://125.41.222.58:39181/i,125.41.222.58,online,,,Mozi,2026-10-01 19:32:13 UTC
,,http://182.126.198.239:50319/i,182.126.198.239,online,,,mirai,2026-10-01 19:32:13 UTC
,,http://119.99.91.121:46578/bin.sh,119.99.91.121,online,,,32-bit|arm|elf|mirai|Mozi,2026-10-01 19:31:17 UTC
,,http://27.18.91.152:40493/bin.sh,27.18.91.152,online,,,32-bit|arm|elf|mirai|Mozi,2026-10-01 19:17:20 UTC
,,http://125.41.222.58:39181/bin.sh,125.41.222.58,online,,,Mozi,2026-10-01 19:16:18 UTC
,,http://59.96.136.239:39277/bin.sh,59.96.136.239,offline,,,Mozi,2026-10-01 19:16:18 UTC
,,http://59.96.143.49:50302/i,59.96.143.49,offline,,,,2026-10-01 19:16:18 UTC
,,http://59.96.136.239:39277/i,59.96.136.239,offline,,,Mozi,2026-10-01 19:16:18 UTC
,,http://36.70.64.64:42007/i,36.70.64.64,online,,,mirai,2026-10-01 19:02:19 UTC
,,http://27.216.70.148:36395/bin.sh,27.216.70.148,offline,,,Mozi,2026-10-01 19:02:14 UTC
,,http://27.216.70.148:36395/i,27.216.70.148,offline,,,Mozi,2026-10-01 19:02:14 UTC
,,http://125.41.211.84:50692/i,125.41.211.84,offline,,,Mozi,2026-10-01 19:02:14 UTC
,,http://222.127.251.169:51350/i,222.127.251.169,offline,,,mirai,2026-10-01 19:02:13 UTC
,,http://115.60.252.127:37457/bin.sh,115.60.252.127,online,,,,2026-10-01 18:47:14 UTC
,,http://222.140.159.237:38669/bin.sh,222.140.159.237,online,,,Mozi,2026-10-01 18:32:14 UTC
,,http://60.23.235.155:39254/i,60.23.235.155,online,,,,2026-10-01 18:32:13 UTC
,,http://182.127.31.149:43127/i,182.127.31.149,online,,,32-bit|elf|mips|Mozi,2026-10-01 18:21:15 UTC
,,http://123.4.245.79:59572/bin.sh,123.4.245.79,online,,,Mozi,2026-10-01 18:18:18 UTC
,,http://61.52.84.197:54479/i,61.52.84.197,online,,,Mozi,2026-10-01 18:17:11 UTC
,,http://58.47.111.33:42894/i,58.47.111.33,offline,,,mirai,2026-10-01 18:17:10 UTC
,,http://125.41.247.56:43423/bin.sh,125.41.247.56,online,,,Mozi,2026-10-01 18:17:10 UTC
,,http://123.12.41.218:41157/bin.sh,123.12.41.218,online,,,Mozi,2026-10-01 18:17:10 UTC
,,http://91.137.217.64:55199/i,91.137.217.64,online,,,,2026-10-01 18:16:17 UTC
,,http://118.120.174.73:47984/bin.sh,118.120.174.73,online,,,mirai,2026-10-01 18:15:15 UTC
,,http://105.184.94.10:40511/i,105.184.94.10,offline,,,32-bit|arm|elf|mirai|Mozi,2026-10-01 18:03:27 UTC
,,http://123.12.41.218:41157/i,123.12.41.218,online,,,Mozi,2026-10-01 18:02:14 UTC
,,http://115.204.48.240:48839/bin.sh,115.204.48.240,online,,,mirai,2026-10-01 18:02:14 UTC
,,http://60.23.235.155:39254/bin.sh,60.23.235.155,online,,,,2026-10-01 18:02:13 UTC
,,http://119.116.35.244:58903/i,119.116.35.244,offline,,,,2026-10-01 18:02:13 UTC
,,http://116.138.235.185:37309/bin.sh,116.138.235.185,online,,,,2026-10-01 18:02:13 UTC
,,http://105.184.94.10:40511/bin.sh,105.184.94.10,offline,,,32-bit|arm|elf|mirai|Mozi,2026-10-01 18:00:21 UTC
,,http://182.127.31.149:43127/bin.sh,182.127.31.149,online,,,32-bit|elf|mips|Mozi,2026-10-01 17:56:21 UTC
,,http://105.224.47.70:38811/bin.sh,105.224.47.70,offline,,,32-bit|arm|elf|mirai|Mozi,2026-10-01 17:56:17 UTC
,,http://42.5.9.216:40499/i,42.5.9.216,online,,,,2026-10-01 17:47:25 UTC
,,http://123.188.65.117:35245/i,123.188.65.117,online,,,,2026-10-01 17:46:24 UTC
,,http://58.47.111.33:42894/bin.sh,58.47.111.33,offline,,,mirai,2026-10-01 17:46:18 UTC
,,http://105.186.171.99:53371/i,105.186.171.99,online,,,mirai,2026-10-01 17:46:16 UTC
,,http://42.5.9.216:40499/bin.sh,42.5.9.216,online,,,,2026-10-01 17:17:28 UTC
,,http://115.62.145.147:34979/i,115.62.145.147,offline,,,Mozi,2026-10-01 17:17:16 UTC
,,http://91.137.217.64:55199/bin.sh,91.137.217.64,online,,,,2026-10-01 17:17:15 UTC
,,http://105.186.171.99:53371/bin.sh,105.186.171.99,online,,,mirai,2026-10-01 17:17:15 UTC
,,http://182.126.94.236:55843/bin.sh,182.126.94.236,online,,,Mozi,2026-10-01 17:17:14 UTC
,,http://182.118.242.94:46786/bin.sh,182.118.242.94,online,,,Mozi,2026-10-01 17:17:14 UTC
,,http://124.234.207.2:42088/i,124.234.207.2,offline,,,mirai,2026-10-01 17:03:15 UTC
,,http://42.226.70.133:39212/i,42.226.70.133,online,,,Mozi,2026-10-01 17:02:16 UTC
,,http://101.74.154.151:38806/i,101.74.154.151,online,,,,2026-10-01 17:02:12 UTC
,,http://222.127.251.163:56550/i,222.127.251.163,online,,,mirai,2026-10-01 17:02:11 UTC
,,http://222.127.71.141:55776/i,222.127.71.141,online,,,mirai,2026-10-01 16:47:21 UTC
,,http://42.52.74.62:37833/bin.sh,42.52.74.62,offline,,,,2026-10-01 16:47:15 UTC
,,http://175.165.83.134:48152/bin.sh,175.165.83.134,online,,,,2026-10-01 16:47:14 UTC
,,http://222.127.71.141:55776/bin.sh,222.127.71.141,offline,,,mirai,2026-10-01 16:47:14 UTC
,,http://138.204.196.254:46428/i,138.204.196.254,online,,,mirai,2026-10-01 16:47:14 UTC
,,http://193.187.101.227:44688/bin.sh,193.187.101.227,offline,,,mirai,2026-10-01 16:46:15 UTC
,,http://216.9.224.48/300/emFpjmk.txt,216.9.224.48,online,,,rev-base64-loader,2026-10-01 16:41:17 UTC
,,http://217.60.76.249:8080/1.jpg,217.60.76.249,online,,,,2026-10-01 16:33:17 UTC
,,http://216.9.224.48/300/rdIdrif.txt,216.9.224.48,online,,,rev-base64-loader,2026-10-01 16:33:16 UTC
,,http://216.9.224.48/300/hkIfmgm.txt,216.9.224.48,online,,,rev-base64-loader,2026-10-01 16:33:16 UTC
,,http://222.127.251.163:56550/bin.sh,222.127.251.163,online,,,mirai,2026-10-01 16:32:10 UTC
,,http://119.109.233.246:51234/bin.sh,119.109.233.246,online,,,,2026-10-01 16:32:09 UTC
,,https://drive.google.com/uc?export=download&id=1jXrdMfxhmKBcp62-YNEfaeBIgdmWw-xr,drive.google.com,online,,,ascii|Encoded|GuLoader,2026-10-01 16:31:27 UTC
,,http://112.248.107.150:52723/i,112.248.107.150,offline,,,Mozi,2026-10-01 16:31:20 UTC
,,http://204.44.69.243/95/img_051422.png,204.44.69.243,online,,,PhantomStealer|stego,2026-10-01 16:28:13 UTC
,,http://220.177.11.230:54471/Mozi.m,220.177.11.230,online,,,mirai,2026-10-01 16:28:12 UTC
,,https://rough-truth-e072.publicftpresend.workers.dev/jbkotwo,rough-truth-e072.publicftpresend.workers.dev,offline,,,ascii|Encoded|PhantomStealer,2026-10-01 16:27:17 UTC
,,https://tutpaste.com/raw/CPviFs,tutpaste.com,offline,,,ascii|PhantomStealer,2026-10-01 16:27:16 UTC
,,http://198.23.177.220/img/1.jpg,198.23.177.220,online,,,PhantomStealer|stego,2026-10-01 16:27:16 UTC
,,http://107.172.209.126/img/3.jpg2,107.172.209.126,offline,,,PhantomStealer|stego,2026-10-01 16:27:11 UTC
,,https://144.172.85.64/h,144.172.85.64,offline,,,144-172-85-64|exe|ua-wget,2026-10-01 16:21:25 UTC
,,https://hjha.ao/news1/secured_stub.ps1,hjha.ao,offline,,,ascii|Formbook|opendir|powershell|ps1,2026-10-01 16:21:17 UTC
,,http://113.238.160.135:59424/i,113.238.160.135,offline,,,,2026-10-01 16:16:28 UTC
,,http://120.84.218.167:43117/bin.sh,120.84.218.167,online,,,mirai,2026-10-01 16:16:16 UTC
,,https://hjha.ao/new/secured_stub.ps1,hjha.ao,offline,,,ascii|opendir|powershell|ps1,2026-10-01 16:16:16 UTC
,,http://175.148.158.47:58832/i,175.148.158.47,offline,,,,2026-10-01 16:16:16 UTC
,,https://ficus.in/img/img_205551.png,ficus.in,offline,,,rat|RemcosRAT|stego,2026-10-01 16:12:15 UTC
,,https://ficus.in/img/img_210244.png,ficus.in,offline,,,rat|RemcosRAT|stego,2026-10-01 16:12:15 UTC
,,http://maciejbi.hosting24.pl/006sK41x,maciejbi.hosting24.pl,offline,,,ascii|rat|RemcosRAT,2026-10-01 16:12:13 UTC
,,http://115.57.252.5:47288/i,115.57.252.5,online,,,32-bit|elf|mips|Mozi,2026-10-01 16:10:29 UTC
,,http://maciejbi.hosting24.pl/e847Sl1P,maciejbi.hosting24.pl,offline,,,ascii|powershell|ps1|rat|RemcosRAT,2026-10-01 16:10:20 UTC
,,https://maciejbi.hosting24.pl/img_120657.png,maciejbi.hosting24.pl,offline,,,rat|RemcosRAT|stego,2026-10-01 16:10:17 UTC
,,https://rough-truth-e072.publicftpresend.workers.dev/iwouioimn,rough-truth-e072.publicftpresend.workers.dev,offline,,,ascii|Encoded|xworm,2026-10-01 16:07:17 UTC
,,https://pub-ce02802067934e0eb072f69bf6427bf6.r2.dev/king.png,pub-ce02802067934e0eb072f69bf6427bf6.r2.dev,online,,,stego|xworm,2026-10-01 16:07:17 UTC
,,https://rough-truth-e072.publicftpresend.workers.dev/svozdar,rough-truth-e072.publicftpresend.workers.dev,offline,,,ascii|Encoded|xworm,2026-10-01 16:03:15 UTC
,,https://pub-ce02802067934e0eb072f69bf6427bf6.r2.dev/FX2.png,pub-ce02802067934e0eb072f69bf6427bf6.r2.dev,online,,,stego|xworm,2026-10-01 16:03:15 UTC
,,http://113.238.160.135:59424/bin.sh,113.238.160.135,offline,,,,2026-10-01 16:02:16 UTC
,,http://115.55.143.235:60801/i,115.55.143.235,online,,,32-bit|elf|mips|Mozi,2026-10-01 16:00:30 UTC
,,https://144.172.102.119/Bin/ScreenConnect.ClientSetup.exe,144.172.102.119,offline,,,144-172-102-119|connectwise|exe|ua-wget,2026-10-01 15:53:16 UTC
,,https://144.172.102.119/bin/support.client.exe,144.172.102.119,offline,,,144-172-102-119|connectwise|exe|ua-wget,2026-10-01 15:53:14 UTC
,,https://144.172.108.214/Bin/ScreenConnect.ClientSetup.exe,144.172.108.214,offline,,,144-172-108-214|connectwise|exe|ua-wget,2026-10-01 15:52:16 UTC
,,https://144.172.108.214/bin/support.client.exe,144.172.108.214,offline,,,144-172-108-214|connectwise|exe|ua-wget,2026-10-01 15:52:12 UTC
,,https://www.correa.ind.br/wp-includes/Text/bnguyj1/qbg1plo/ytlfv1i/cc/securedd_stub.ps1,www.correa.ind.br,offline,,,ascii|Formbook|powershell|ps1,2026-10-01 15:50:26 UTC
,,http://185.239.57.147:4188/i,185.239.57.147,online,,,,2026-10-01 15:47:19 UTC
,,http://105.186.111.168:49221/bin.sh,105.186.111.168,online,,,mirai,2026-10-01 15:47:15 UTC
,,http://222.142.201.74:52734/i,222.142.201.74,offline,,,,2026-10-01 15:47:15 UTC
,,http://45.248.33.200:43180/bin.sh,45.248.33.200,offline,,,mirai,2026-10-01 15:47:14 UTC
,,http://151.242.30.165/s.ps1,151.242.30.165,online,,,151-242-30-165|powershell|ua-wget,2026-10-01 15:33:18 UTC
,,http://120.28.162.208:40404/i,120.28.162.208,online,,,mirai,2026-10-01 15:32:13 UTC
,,http://41.216.226.127:51974/i,41.216.226.127,offline,,,Mozi,2026-10-01 15:31:25 UTC
,,http://42.7.243.36:60898/i,42.7.243.36,online,,,,2026-10-01 15:31:24 UTC
,,http://103.203.210.102:47655/bin.sh,103.203.210.102,online,,,Mozi,2026-10-01 15:17:12 UTC
,,http://59.97.252.89:59683/i,59.97.252.89,offline,,,Mozi,2026-10-01 15:17:12 UTC
,,http://182.117.15.66:43039/bin.sh,182.117.15.66,offline,,,Mozi,2026-10-01 15:17:11 UTC
,,http://87130921-60-20220830152356.webstarterz.com/new/secured_stub.ps1,87130921-60-20220830152356.webstarterz.com,online,,,ascii|opendir|powershell|ps1,2026-10-01 15:11:16 UTC
,,http://87130921-60-20220830152356.webstarterz.com/secured_stub.ps1,87130921-60-20220830152356.webstarterz.com,online,,,ascii|Formbook|powershell|ps1,2026-10-01 15:11:15 UTC
,,http://87130921-60-20220830152356.webstarterz.com/vic/crypted.ps1,87130921-60-20220830152356.webstarterz.com,offline,,,ascii|opendir|powershell|ps1,2026-10-01 15:11:15 UTC
,,http://210.208.111.36:39653/bin.sh,210.208.111.36,online,,,elf|mirai,2026-10-01 15:07:27 UTC
,,http://120.28.162.208:40404/bin.sh,120.28.162.208,online,,,mirai,2026-10-01 15:02:23 UTC
,,http://41.216.226.127:51974/bin.sh,41.216.226.127,offline,,,Mozi,2026-10-01 15:02:14 UTC
,,http://221.15.14.212:44328/i,221.15.14.212,online,,,Mozi,2026-10-01 15:02:12 UTC
,,http://115.49.74.44:34062/i,115.49.74.44,online,,,,2026-10-01 15:02:12 UTC
,,http://27.220.125.104:55409/i,27.220.125.104,online,,,mirai,2026-10-01 15:02:12 UTC
,,http://182.124.1.174:34803/i,182.124.1.174,online,,,Mozi,2026-10-01 15:02:11 UTC
,,https://nsci.space/mmmasabikkk/secured_stub.ps1,nsci.space,offline,,,ascii|powershell|ps1|VIPKeylogger,2026-10-01 15:01:18 UTC
,,https://ikechux.publicvm.com/ppprrrinnccee30/secured_stub.ps1,ikechux.publicvm.com,offline,,,ascii|opendir|powershell|ps1,2026-10-01 15:00:21 UTC
,,https://ikechux.publicvm.com/prinnce/secured_stub.ps1,ikechux.publicvm.com,offline,,,ascii|opendir|powershell|ps1,2026-10-01 15:00:18 UTC
,,https://ikechux.publicvm.com/ogaprinncee29/secured_stub.ps1,ikechux.publicvm.com,offline,,,ascii|opendir|powershell|ps1,2026-10-01 15:00:16 UTC
,,https://ikechux.publicvm.com/mrprinnce28/secured_stub.ps1,ikechux.publicvm.com,offline,,,ascii|opendir|powershell|ps1,2026-10-01 15:00:15 UTC
,,https://ikechux.publicvm.com/chiefprince/secured_stub.ps1,ikechux.publicvm.com,offline,,,ascii|opendir|powershell|ps1,2026-10-01 15:00:15 UTC
,,https://ikechux.publicvm.com/prince30/secured_stub.ps1,ikechux.publicvm.com,offline,,,ascii|opendir|powershell|ps1,2026-10-01 15:00:14 UTC
,,https://ikechux.publicvm.com/prince1/secured_stub.ps1,ikechux.publicvm.com,offline,,,ascii|opendir|powershell|ps1|VIPKeylogger,2026-10-01 14:59:22 UTC
,,http://5.167.213.113:24590/bin.sh,5.167.213.113,offline,,,32-bit|elf|mips|Mozi,2026-10-01 14:53:27 UTC
,,http://217.217.97.96/imgruninc/secured_stub.ps1,217.217.97.96,offline,,,ascii|MassLogger|powershell|ps1|VIPKeylogger,2026-10-01 14:49:20 UTC
,,http://66.212.168.217:54499/i,66.212.168.217,online,,,mirai,2026-10-01 14:47:59 UTC
,,http://190.109.228.110:56122/i,190.109.228.110,online,,,mirai,2026-10-01 14:47:19 UTC
,,http://92.63.181.175:34097/i,92.63.181.175,offline,,,,2026-10-01 14:47:12 UTC
,,http://175.165.87.193:51203/i,175.165.87.193,online,,,,2026-10-01 14:47:11 UTC
,,http://182.117.15.66:43039/i,182.117.15.66,offline,,,32-bit|elf|mips|Mozi,2026-10-01 14:42:20 UTC
,,https://localfiles.live/download_raw/zggkJd3KnVdogmmO/java.exe,localfiles.live,offline,,,exe|SalatStealer,2026-10-01 14:37:24 UTC
,,http://119.185.241.237:45071/bin.sh,119.185.241.237,online,,,Mozi,2026-10-01 14:32:14 UTC
,,http://221.15.14.212:44328/bin.sh,221.15.14.212,online,,,Mozi,2026-10-01 14:31:25 UTC
,,http://182.124.1.174:34803/bin.sh,182.124.1.174,online,,,Mozi,2026-10-01 14:31:25 UTC
,,http://101.108.76.181:42756/bin.sh,101.108.76.181,offline,,,mirai,2026-10-01 14:31:25 UTC
,,http://36.64.184.26:34377/bin.sh,36.64.184.26,offline,,,mirai,2026-10-01 14:31:24 UTC
,,https://pub-fcf9a4a0a9f54d8b8240c682f65e12f9.r2.dev/tropvast.vbs,pub-fcf9a4a0a9f54d8b8240c682f65e12f9.r2.dev,offline,,,AgentTesla|ascii|vbs,2026-10-01 14:28:16 UTC
,,https://pub-a327f9d03def4b07b51dba5303fc3620.r2.dev/ojubam.png,pub-a327f9d03def4b07b51dba5303fc3620.r2.dev,offline,,,AgentTesla,2026-10-01 14:28:14 UTC
,,http://39.40.180.142:52050/i,39.40.180.142,offline,,,Mozi,2026-10-01 14:17:25 UTC
,,http://113.238.160.168:53883/i,113.238.160.168,online,,,,2026-10-01 14:16:16 UTC
,,http://59.97.249.51:60039/i,59.97.249.51,online,,,Mozi,2026-10-01 14:16:16 UTC
,,http://59.97.249.51:60039/bin.sh,59.97.249.51,online,,,Mozi,2026-10-01 14:16:16 UTC
,,http://59.97.248.142:41281/i,59.97.248.142,offline,,,Mozi,2026-10-01 14:02:16 UTC
,,http://125.40.54.184:33534/i,125.40.54.184,online,,,,2026-10-01 14:02:14 UTC
,,http://217.60.195.19/bin/manta.sh4,217.60.195.19,online,,,217-60-195-19|elf|mirai|ua-wget,2026-10-01 13:50:20 UTC
,,http://217.60.195.19/bin/manta.arc,217.60.195.19,online,,,217-60-195-19|elf|mirai|ua-wget,2026-10-01 13:50:20 UTC
,,http://217.60.195.19/bin/manta.m68k,217.60.195.19,online,,,217-60-195-19|elf|mirai|ua-wget,2026-10-01 13:50:20 UTC
,,http://217.60.195.19/bin/manta.mips,217.60.195.19,online,,,217-60-195-19|elf|mirai|ua-wget,2026-10-01 13:49:22 UTC
,,http://217.60.195.19/bin/manta.i686,217.60.195.19,online,,,217-60-195-19|elf|mirai|ua-wget,2026-10-01 13:49:22 UTC
,,http://c2.teamzeroday.net/bin/manta.ppc,c2.teamzeroday.net,online,,,c2-teamzeroday-net|elf|mirai|ua-wget,2026-10-01 13:48:34 UTC
,,http://c2.teamzeroday.net/bin/manta.armv7l,c2.teamzeroday.net,online,,,c2-teamzeroday-net|elf|mirai|ua-wget,2026-10-01 13:48:34 UTC
,,http://c2.teamzeroday.net/bin/manta.arc,c2.teamzeroday.net,online,,,c2-teamzeroday-net|elf|mirai|ua-wget,2026-10-01 13:48:34 UTC
,,http://c2.teamzeroday.net/bin/manta.sh4,c2.teamzeroday.net,online,,,c2-teamzeroday-net|elf|mirai|ua-wget,2026-10-01 13:48:30 UTC
,,http://c2.teamzeroday.net/bin/manta.m68k,c2.teamzeroday.net,online,,,c2-teamzeroday-net|elf|mirai|ua-wget,2026-10-01 13:48:30 UTC
,,http://c2.teamzeroday.net/bin/manta.mipsel,c2.teamzeroday.net,online,,,c2-teamzeroday-net|elf|mirai|ua-wget,2026-10-01 13:48:29 UTC
,,http://c2.teamzeroday.net/bin/manta.aarch64,c2.teamzeroday.net,online,,,c2-teamzeroday-net|elf|mirai|ua-wget,2026-10-01 13:48:20 UTC
,,http://c2.teamzeroday.net/bin/manta.mips,c2.teamzeroday.net,online,,,c2-teamzeroday-net|elf|mirai|ua-wget,2026-10-01 13:48:18 UTC
,,http://c2.teamzeroday.net/bin/manta.i686,c2.teamzeroday.net,online,,,c2-teamzeroday-net|elf|mirai|ua-wget,2026-10-01 13:48:18 UTC
,,http://c2.teamzeroday.net/bin/manta.x86_64,c2.teamzeroday.net,online,,,c2-teamzeroday-net|elf|mirai|ua-wget,2026-10-01 13:48:17 UTC
,,http://217.60.195.19/bin/manta.mipsel,217.60.195.19,online,,,217-60-195-19|elf|mirai|ua-wget,2026-10-01 13:48:15 UTC
,,http://217.60.195.19/bin/manta.armv7l,217.60.195.19,online,,,217-60-195-19|elf|mirai|ua-wget,2026-10-01 13:48:15 UTC
,,http://217.60.195.19/bin/manta.x86_64,217.60.195.19,online,,,217-60-195-19|elf|mirai|ua-wget,2026-10-01 13:48:15 UTC
,,http://217.60.195.19/bin/manta.armv6l,217.60.195.19,online,,,217-60-195-19|elf|mirai|ua-wget,2026-10-01 13:48:15 UTC
,,http://217.60.195.19/bin/manta.aarch64,217.60.195.19,online,,,217-60-195-19|elf|mirai|ua-wget,2026-10-01 13:48:15 UTC
,,http://217.60.195.19/bin/manta.ppc,217.60.195.19,online,,,217-60-195-19|elf|mirai|ua-wget,2026-10-01 13:48:15 UTC
,,http://c2.teamzeroday.net/bin/manta.armv6l,c2.teamzeroday.net,online,,,c2-teamzeroday-net|elf|mirai|ua-wget,2026-10-01 13:48:15 UTC
,,http://175.165.85.220:39794/i,175.165.85.220,online,,,,2026-10-01 13:47:24 UTC
,,http://39.40.180.142:52050/bin.sh,39.40.180.142,offline,,,Mozi,2026-10-01 13:47:13 UTC
,,http://222.140.208.8:33116/bin.sh,222.140.208.8,offline,,,Mozi,2026-10-01 13:47:11 UTC
,,http://119.179.248.208:43170/bin.sh,119.179.248.208,offline,,,elf|Mozi,2026-10-01 13:34:26 UTC
,,http://94.154.43.100/eclipse/bin/eclipse.apk,94.154.43.100,offline,,,adb|apk ,2026-10-01 13:34:24 UTC
,,http://91.92.242.236/files-129312398/files/file_243e9ba790e9d781.exe,91.92.242.236,offline,,,c2-monitor-auto|dropped-by-amadey,2026-10-01 13:34:09 UTC
,,http://178.16.53.91/sh,178.16.53.91,offline,,,178-16-53-91|sh|ua-wget,2026-10-01 13:33:19 UTC
,,http://120.28.194.204:39344/bin.sh,120.28.194.204,online,,,mirai,2026-10-01 13:33:13 UTC
,,http://125.40.54.184:33534/bin.sh,125.40.54.184,online,,,,2026-10-01 13:32:13 UTC
,,http://180.115.160.144:58849/i,180.115.160.144,offline,,,mirai,2026-10-01 13:31:34 UTC
,,http://42.54.103.36:43136/bin.sh,42.54.103.36,online,,,,2026-10-01 13:17:26 UTC
,,http://61.53.152.20:46489/bin.sh,61.53.152.20,offline,,,Mozi,2026-10-01 13:17:14 UTC
,,http://60.23.237.178:53274/i,60.23.237.178,online,,,,2026-10-01 13:17:12 UTC
,,http://185.166.153.194/clip.exe,185.166.153.194,offline,,,6k|dropped-by-Stealc,2026-10-01 13:16:14 UTC
,,http://119.179.248.208:43170/i,119.179.248.208,offline,,,elf|Mozi,2026-10-01 13:09:17 UTC
,,http://176.65.139.242/.Smpsl,176.65.139.242,online,,,176-65-139-242|elf|mirai|ua-wget,2026-10-01 13:08:09 UTC
,,http://176.65.139.242/.Sarm5,176.65.139.242,online,,,176-65-139-242|elf|mirai|ua-wget,2026-10-01 13:08:09 UTC
,,http://119.165.235.139:57919/bin.sh,119.165.235.139,online,,,32-bit|arm|elf|mirai|Mozi,2026-10-01 13:07:22 UTC
,,http://176.65.139.242/.Sarm7,176.65.139.242,online,,,176-65-139-242|elf|mirai|ua-wget,2026-10-01 13:07:22 UTC
,,http://176.65.139.242/.Sx86_64,176.65.139.242,online,,,176-65-139-242|elf|mirai|ua-wget,2026-10-01 13:07:22 UTC
,,http://176.65.139.242/.Sm68k,176.65.139.242,online,,,176-65-139-242|elf|mirai|ua-wget,2026-10-01 13:07:22 UTC
,,http://176.65.139.242/.Smips,176.65.139.242,online,,,176-65-139-242|elf|mirai|ua-wget,2026-10-01 13:07:22 UTC
,,http://176.65.139.242/.Sx86,176.65.139.242,online,,,176-65-139-242|elf|mirai|ua-wget,2026-10-01 13:07:22 UTC
,,http://176.65.139.242/.Sppc,176.65.139.242,online,,,176-65-139-242|elf|mirai|ua-wget,2026-10-01 13:07:22 UTC
,,http://176.65.139.132/x86_64,176.65.139.132,online,,,176-65-139-132|elf|mirai|ua-wget,2026-10-01 13:07:22 UTC
,,http://176.65.139.242/.Sspc,176.65.139.242,online,,,176-65-139-242|elf|mirai|ua-wget,2026-10-01 13:06:22 UTC
,,http://176.65.139.242/wget.sh,176.65.139.242,online,,,176-65-139-242|mirai|sh|ua-wget,2026-10-01 13:06:22 UTC
,,http://176.65.139.242/.Sarm6,176.65.139.242,online,,,176-65-139-242|elf|mirai|ua-wget,2026-10-01 13:06:22 UTC
,,http://176.65.139.242/.Sarm4,176.65.139.242,offline,,,176-65-139-242|ua-wget,2026-10-01 13:06:08 UTC
,,http://94.154.43.30/realtek,94.154.43.30,offline,,,94-154-43-30|sh|ua-wget,2026-10-01 13:02:18 UTC
,,http://94.154.43.84/mips,94.154.43.84,offline,,,94-154-43-84|elf|mirai|ua-wget,2026-10-01 12:59:25 UTC
,,http://222.142.209.215:57875/i,222.142.209.215,online,,,Mozi,2026-10-01 12:47:12 UTC
,,http://115.55.217.255:56903/i,115.55.217.255,online,,,Mozi,2026-10-01 12:47:10 UTC
,,http://42.54.144.76:56600/bin.sh,42.54.144.76,online,,,,2026-10-01 12:47:09 UTC
,,http://138.204.196.244:38811/i,138.204.196.244,offline,,,mirai,2026-10-01 12:47:09 UTC
,,http://60.23.237.178:53274/bin.sh,60.23.237.178,online,,,,2026-10-01 12:47:09 UTC
,,http://116.10.133.88:48435/i,116.10.133.88,online,,,mirai,2026-10-01 12:39:10 UTC
,,https://203.202.232.203/Bin/ScreenConnect.ClientSetup.exe,203.202.232.203,online,,,203-202-232-203|connectwise|exe|ua-wget,2026-10-01 12:38:14 UTC
,,https://203.202.232.203/bin/support.client.exe,203.202.232.203,online,,,203-202-232-203|connectwise|exe|ua-wget,2026-10-01 12:38:13 UTC
,,http://119.185.243.231:43251/i,119.185.243.231,online,,,32-bit|elf|mips|Mozi,2026-10-01 12:36:18 UTC
,,http://45.198.224.131/kushnet.ppc,45.198.224.131,online,,,45-198-224-131|elf|mirai|ua-wget,2026-10-01 12:34:27 UTC
,,http://45.198.224.131/kushnet.arm4l,45.198.224.131,online,,,45-198-224-131|elf|mirai|ua-wget,2026-10-01 12:34:27 UTC
,,http://45.198.224.131/kushnet.arm6,45.198.224.131,online,,,45-198-224-131|elf|mirai|ua-wget,2026-10-01 12:34:27 UTC
,,http://45.198.224.131/kushnet.arm5,45.198.224.131,online,,,45-198-224-131|elf|mirai|ua-wget,2026-10-01 12:34:27 UTC
,,http://45.198.224.131/kushnet.m68k,45.198.224.131,online,,,45-198-224-131|elf|mirai|ua-wget,2026-10-01 12:34:27 UTC
,,http://45.198.224.131/kushnet.arm7,45.198.224.131,online,,,45-198-224-131|elf|mirai|ua-wget,2026-10-01 12:34:27 UTC
,,http://45.198.224.131/kushnet.ppc440,45.198.224.131,online,,,45-198-224-131|elf|mirai|ua-wget,2026-10-01 12:34:16 UTC
,,http://45.198.224.131/kushnet.arm4tl,45.198.224.131,online,,,45-198-224-131|elf|mirai|ua-wget,2026-10-01 12:34:16 UTC
,,http://45.198.224.131/kushnet.mips,45.198.224.131,online,,,45-198-224-131|elf|mirai|ua-wget,2026-10-01 12:34:16 UTC
,,http://45.198.224.131/kushnet.sh4,45.198.224.131,online,,,45-198-224-131|elf|mirai|ua-wget,2026-10-01 12:34:16 UTC
,,https://89.106.83.205/Bin/ScreenConnect.ClientSetup.exe,89.106.83.205,offline,,,89-106-83-205|connectwise|exe|ua-wget,2026-10-01 12:32:26 UTC
,,https://89.106.83.205/bin/support.client.exe,89.106.83.205,offline,,,89-106-83-205|connectwise|exe|ua-wget,2026-10-01 12:32:26 UTC
,,http://123.13.85.38:59187/i,123.13.85.38,online,,,,2026-10-01 12:32:14 UTC
,,http://222.139.44.130:39813/bin.sh,222.139.44.130,online,,,Mozi,2026-10-01 12:32:13 UTC
,,http://185.141.233.178:40458/bin.sh,185.141.233.178,offline,,,,2026-10-01 12:32:12 UTC
,,https://89.106.83.180/Bin/ScreenConnect.ClientSetup.exe,89.106.83.180,offline,,,89-106-83-180|connectwise|exe|ua-wget,2026-10-01 12:31:11 UTC
,,https://89.106.83.180/bin/support.client.exe,89.106.83.180,offline,,,89-106-83-180|connectwise|exe|ua-wget,2026-10-01 12:31:10 UTC
,,https://89.106.83.29/bin/support.client.exe,89.106.83.29,offline,,,89-106-83-29|connectwise|exe|ua-wget,2026-10-01 12:28:14 UTC
,,https://89.106.83.29/Bin/ScreenConnect.ClientSetup.exe,89.106.83.29,offline,,,89-106-83-29|connectwise|exe|ua-wget,2026-10-01 12:28:14 UTC
,,http://115.42.71.239:36612/i,115.42.71.239,online,,,32-bit|elf|mips|Mozi,2026-10-01 12:23:18 UTC
,,https://23.146.242.246/Bin/ScreenConnect.ClientSetup.exe,23.146.242.246,online,,,23-146-242-246|connectwise|exe|ua-wget,2026-10-01 12:19:16 UTC
,,https://23.146.242.246/bin/support.client.exe,23.146.242.246,online,,,23-146-242-246|connectwise|exe|ua-wget,2026-10-01 12:19:14 UTC
,,http://219.156.102.23:59562/bin.sh,219.156.102.23,offline,,,Mozi,2026-10-01 12:17:10 UTC
,,http://221.15.171.23:45897/bin.sh,221.15.171.23,online,,,Mozi,2026-10-01 12:17:10 UTC
,,http://42.180.248.244:60748/i,42.180.248.244,offline,,,,2026-10-01 12:17:09 UTC
,,http://80.94.92.128/systemd,80.94.92.128,online,,,80-94-92-128|elf|mirai|ua-wget,2026-10-01 12:16:29 UTC
,,http://116.76.206.254:56638/bin.sh,116.76.206.254,online,,,Mozi,2026-10-01 12:16:12 UTC
,,https://23.172.112.215/bin/support.client.exe,23.172.112.215,online,,,23-172-112-215|connectwise|exe|ua-wget,2026-10-01 12:14:17 UTC
,,http://116.10.133.88:48435/bin.sh,116.10.133.88,online,,,mirai,2026-10-01 12:13:25 UTC
,,http://23.146.242.101/Bin/ScreenConnect.ClientSetup.exe,23.146.242.101,online,,,23-146-242-101|connectwise|exe|ua-wget,2026-10-01 12:13:12 UTC
,,http://23.146.242.101/bin/support.client.exe,23.146.242.101,online,,,23-146-242-101|connectwise|exe|ua-wget,2026-10-01 12:13:11 UTC
,,http://119.185.243.231:43251/bin.sh,119.185.243.231,online,,,32-bit|elf|mips|Mozi,2026-10-01 12:11:23 UTC
,,http://45.153.34.245/mpsl,45.153.34.245,offline,,,45-153-34-245|elf|mirai|ua-wget,2026-10-01 12:10:34 UTC
,,http://45.153.34.245/dlr.arm7,45.153.34.245,offline,,,45-153-34-245|elf|mirai|ua-wget,2026-10-01 12:10:31 UTC
,,http://45.153.34.245/mips,45.153.34.245,offline,,,45-153-34-245|elf|mirai|ua-wget,2026-10-01 12:10:31 UTC
,,http://45.153.34.245/x86,45.153.34.245,offline,,,45-153-34-245|elf|mirai|ua-wget,2026-10-01 12:10:19 UTC
,,http://45.153.34.245/arm7,45.153.34.245,offline,,,45-153-34-245|elf|mirai|ua-wget,2026-10-01 12:10:19 UTC
,,http://45.135.194.95/bin/support.client.exe,45.135.194.95,offline,,,45-135-194-95|connectwise|exe|ua-wget,2026-10-01 12:10:15 UTC
,,http://45.135.194.95/Bin/ScreenConnect.ClientSetup.exe,45.135.194.95,offline,,,45-135-194-95|connectwise|exe|ua-wget,2026-10-01 12:09:11 UTC
,,https://144.172.118.213/Bin/ScreenConnect.ClientSetup.exe,144.172.118.213,offline,,,144-172-118-213|connectwise|exe|ua-wget,2026-10-01 12:07:13 UTC
,,https://144.172.118.213/bin/support.client.exe,144.172.118.213,offline,,,144-172-118-213|connectwise|exe|ua-wget,2026-10-01 12:07:12 UTC
,,https://172.86.88.189/Bin/ScreenConnect.ClientSetup.exe,172.86.88.189,offline,,,172-86-88-189|connectwise|exe|ua-wget,2026-10-01 12:05:17 UTC
,,https://172.86.88.189/bin/support.client.exe,172.86.88.189,offline,,,172-86-88-189|connectwise|exe|ua-wget,2026-10-01 12:05:15 UTC
,,http://115.55.5.10:60327/i,115.55.5.10,offline,,,Mozi,2026-10-01 12:02:11 UTC
,,http://105.184.51.38:44563/i,105.184.51.38,offline,,,mirai,2026-10-01 12:02:11 UTC
,,http://59.97.251.249:58738/bin.sh,59.97.251.249,offline,,,Mozi,2026-10-01 12:02:11 UTC
,,http://221.14.183.183:57600/i,221.14.183.183,online,,,Mozi,2026-10-01 12:02:11 UTC
,,http://143.20.185.213/ayakashi2,143.20.185.213,online,,,143-20-185-213|elf|mirai|ua-wget,2026-10-01 12:01:22 UTC
,,http://115.49.131.205:51819/bin.sh,115.49.131.205,online,,,Mozi,2026-10-01 12:01:17 UTC
,,http://176.65.139.160/pid.mips,176.65.139.160,online,,,176-65-139-160|elf|ua-wget,2026-10-01 11:59:22 UTC
,,http://176.65.139.160/x86_64,176.65.139.160,online,,,176-65-139-160|elf|ua-wget,2026-10-01 11:58:36 UTC
,,http://176.65.139.160/pid.arm6,176.65.139.160,online,,,176-65-139-160|elf|ua-wget,2026-10-01 11:58:35 UTC
,,http://176.65.139.160/pid.ppc64,176.65.139.160,online,,,176-65-139-160|elf|ua-wget,2026-10-01 11:58:35 UTC
,,http://176.65.139.160/pid.x86,176.65.139.160,online,,,176-65-139-160|elf|mirai|ua-wget,2026-10-01 11:58:35 UTC
,,http://176.65.139.160/ppc64le,176.65.139.160,online,,,176-65-139-160|elf|ua-wget,2026-10-01 11:58:35 UTC
,,http://176.65.139.160/ppc64,176.65.139.160,online,,,176-65-139-160|elf|ua-wget,2026-10-01 11:58:35 UTC
,,http://176.65.139.160/pid.ppc,176.65.139.160,online,,,176-65-139-160|elf|ua-wget,2026-10-01 11:58:35 UTC
,,http://176.65.139.160/pid.mipsel,176.65.139.160,online,,,176-65-139-160|CoinMiner|elf|ua-wget,2026-10-01 11:58:34 UTC
,,http://176.65.139.160/pid.i686,176.65.139.160,online,,,176-65-139-160|elf|mirai|ua-wget,2026-10-01 11:58:34 UTC
,,http://176.65.139.160/x86,176.65.139.160,online,,,176-65-139-160|elf|mirai|ua-wget,2026-10-01 11:58:34 UTC
,,http://176.65.139.160/pid.x86_64,176.65.139.160,online,,,176-65-139-160|elf|ua-wget,2026-10-01 11:58:33 UTC
,,http://176.65.139.160/pid.arm,176.65.139.160,online,,,176-65-139-160|elf|ua-wget,2026-10-01 11:58:33 UTC
,,http://176.65.139.160/pid.arm7,176.65.139.160,online,,,176-65-139-160|elf|ua-wget,2026-10-01 11:58:32 UTC
,,http://176.65.139.160/pid.arm8,176.65.139.160,online,,,176-65-139-160|elf|ua-wget,2026-10-01 11:58:32 UTC
,,http://176.65.139.160/arm,176.65.139.160,online,,,176-65-139-160|elf|ua-wget,2026-10-01 11:57:32 UTC
,,http://176.65.139.160/armv7l,176.65.139.160,online,,,176-65-139-160|elf|ua-wget,2026-10-01 11:57:32 UTC
,,http://176.65.139.160/pid.aarch64,176.65.139.160,online,,,176-65-139-160|elf|ua-wget,2026-10-01 11:57:32 UTC
,,http://176.65.139.160/armv6l,176.65.139.160,online,,,176-65-139-160|elf|ua-wget,2026-10-01 11:57:32 UTC
,,http://176.65.139.160/mips,176.65.139.160,online,,,176-65-139-160|elf|ua-wget,2026-10-01 11:57:32 UTC
,,http://176.65.139.160/armv5l,176.65.139.160,online,,,176-65-139-160|elf|ua-wget,2026-10-01 11:57:32 UTC
,,http://176.65.139.160/mipsel,176.65.139.160,online,,,176-65-139-160|elf|ua-wget,2026-10-01 11:57:32 UTC
,,http://176.65.139.160/pid.arm5,176.65.139.160,online,,,176-65-139-160|elf|ua-wget,2026-10-01 11:57:32 UTC
,,http://176.65.139.160/aarch64,176.65.139.160,online,,,176-65-139-160|elf|ua-wget,2026-10-01 11:57:32 UTC
,,http://176.65.139.160/cnc,176.65.139.160,online,,,176-65-139-160|elf|ua-wget,2026-10-01 11:57:32 UTC
,,http://94.154.43.201/iran.m68k,94.154.43.201,offline,,,94-154-43-201|elf|mirai|ua-wget,2026-10-01 11:54:31 UTC
,,http://94.154.43.201/iran.armv5l,94.154.43.201,offline,,,94-154-43-201|elf|mirai|ua-wget,2026-10-01 11:54:29 UTC
,,http://94.154.43.201/iran.mips,94.154.43.201,offline,,,94-154-43-201|elf|mirai|ua-wget,2026-10-01 11:54:29 UTC
,,http://94.154.43.201/iran.powerpc,94.154.43.201,offline,,,94-154-43-201|elf|mirai|ua-wget,2026-10-01 11:54:23 UTC
,,http://94.154.43.100/eclipse.armv7l,94.154.43.100,offline,,,94-154-43-100|elf|mirai|ua-wget,2026-10-01 11:54:23 UTC
,,http://94.154.43.201/iran.armv4l,94.154.43.201,offline,,,94-154-43-201|elf|mirai|ua-wget,2026-10-01 11:54:23 UTC
,,http://94.154.43.201/iran.mipsel,94.154.43.201,offline,,,94-154-43-201|elf|mirai|ua-wget,2026-10-01 11:54:23 UTC
,,http://94.154.43.201/iran.aarch64,94.154.43.201,offline,,,94-154-43-201|elf|mirai|ua-wget,2026-10-01 11:54:23 UTC
,,http://94.154.43.201/iran.armv6l,94.154.43.201,offline,,,94-154-43-201|elf|mirai|ua-wget,2026-10-01 11:54:23 UTC
,,http://94.154.43.201/iran.sparc,94.154.43.201,offline,,,94-154-43-201|elf|mirai|ua-wget,2026-10-01 11:53:28 UTC
,,http://94.154.43.100/eclipse.i586,94.154.43.100,offline,,,94-154-43-100|elf|mirai|ua-wget,2026-10-01 11:53:25 UTC
,,http://94.154.43.201/iran.i486,94.154.43.201,offline,,,94-154-43-201|elf|mirai|ua-wget,2026-10-01 11:53:25 UTC
,,http://94.154.43.201/iran.armv7l,94.154.43.201,offline,,,94-154-43-201|elf|mirai|ua-wget,2026-10-01 11:53:24 UTC
,,http://94.154.43.201/iran.sh4,94.154.43.201,offline,,,94-154-43-201|elf|mirai|ua-wget,2026-10-01 11:53:24 UTC
,,http://94.154.43.201/cat.sh,94.154.43.201,offline,,,94-154-43-201|mirai|sh|ua-wget,2026-10-01 11:53:24 UTC
,,http://94.154.43.201/iran.x86_64,94.154.43.201,offline,,,94-154-43-201|elf|mirai|ua-wget,2026-10-01 11:53:24 UTC
,,http://94.154.43.201/iran.arc,94.154.43.201,offline,,,94-154-43-201|elf|mirai|ua-wget,2026-10-01 11:53:24 UTC
,,http://94.154.43.100/eclipse.armv6l,94.154.43.100,offline,,,94-154-43-100|elf|mirai|ua-wget,2026-10-01 11:53:24 UTC
,,http://94.154.43.201/iran.mipsrouter,94.154.43.201,offline,,,94-154-43-201|elf|mirai|ua-wget,2026-10-01 11:53:23 UTC
,,http://94.154.43.100/eclipse.mipsel,94.154.43.100,offline,,,94-154-43-100|elf|ua-wget,2026-10-01 11:52:22 UTC
,,http://94.154.43.100/eclipse.x86_64,94.154.43.100,offline,,,94-154-43-100|elf|mirai|ua-wget,2026-10-01 11:51:26 UTC
,,http://94.154.43.100/eclipse.sh4,94.154.43.100,offline,,,94-154-43-100|elf|mirai|ua-wget,2026-10-01 11:51:25 UTC
,,http://94.154.43.100/eclipse.armv4l,94.154.43.100,offline,,,94-154-43-100|elf|mirai|ua-wget,2026-10-01 11:51:25 UTC
,,http://94.154.43.100/eclipse.mips,94.154.43.100,offline,,,94-154-43-100|elf|mirai|ua-wget,2026-10-01 11:51:25 UTC
,,http://94.154.43.100/eclipse.powerpc,94.154.43.100,offline,,,94-154-43-100|elf|ua-wget,2026-10-01 11:51:22 UTC
,,http://94.154.43.100/eclipse.armv5l,94.154.43.100,offline,,,94-154-43-100|elf|mirai|ua-wget,2026-10-01 11:51:22 UTC
,,http://94.154.43.100/eclipse.m68k,94.154.43.100,offline,,,94-154-43-100|elf|mirai|ua-wget,2026-10-01 11:51:22 UTC
,,http://94.154.43.100/eclipse.i686,94.154.43.100,offline,,,94-154-43-100|elf|ua-wget,2026-10-01 11:51:22 UTC
,,http://94.154.43.100/eclipse.sh,94.154.43.100,offline,,,94-154-43-100|sh|ua-wget,2026-10-01 11:51:20 UTC
,,http://42.234.206.30:55524/i,42.234.206.30,online,,,Mozi,2026-10-01 11:47:13 UTC
,,http://112.237.51.216:33695/i,112.237.51.216,online,,,mirai,2026-10-01 11:46:32 UTC
,,http://182.119.58.161:53866/i,182.119.58.161,online,,,Mozi,2026-10-01 11:46:12 UTC
,,http://176.65.139.219/amd64,176.65.139.219,online,,,176-65-139-219|elf|mirai|ua-wget,2026-10-01 11:42:24 UTC
,,http://176.65.139.219/arm64,176.65.139.219,online,,,176-65-139-219|elf|mirai|ua-wget,2026-10-01 11:42:24 UTC
,,http://176.65.139.219/mipsle,176.65.139.219,online,,,176-65-139-219|elf|mirai|ua-wget,2026-10-01 11:42:24 UTC
,,http://176.65.139.219/bot.exe,176.65.139.219,online,,,176-65-139-219|exe|ua-wget,2026-10-01 11:42:11 UTC
,,http://176.65.139.219/bins.sh,176.65.139.219,offline,,,176-65-139-219|sh|ua-wget,2026-10-01 11:41:21 UTC
,,http://176.65.139.35/hiddenbin/ppc,176.65.139.35,online,,,176-65-139-35|elf|mirai|ua-wget,2026-10-01 11:40:21 UTC
,,http://176.65.139.35/hiddenbin/i686,176.65.139.35,online,,,176-65-139-35|elf|mirai|ua-wget,2026-10-01 11:40:21 UTC
,,http://176.65.139.35/hiddenbin/sh4,176.65.139.35,online,,,176-65-139-35|elf|mirai|ua-wget,2026-10-01 11:40:21 UTC
,,http://176.65.139.35/hiddenbin/m68k,176.65.139.35,online,,,176-65-139-35|elf|mirai|ua-wget,2026-10-01 11:40:21 UTC
,,http://176.65.139.35/hiddenbin/arm5,176.65.139.35,online,,,176-65-139-35|elf|mirai|ua-wget,2026-10-01 11:40:21 UTC
,,http://176.65.139.35/hiddenbin/x86,176.65.139.35,online,,,176-65-139-35|elf|mirai|ua-wget,2026-10-01 11:40:21 UTC
,,http://176.65.139.35/hiddenbin/arm7,176.65.139.35,online,,,176-65-139-35|elf|mirai|ua-wget,2026-10-01 11:40:21 UTC
,,http://176.65.139.35/hiddenbin/arc,176.65.139.35,online,,,176-65-139-35|elf|mirai|ua-wget,2026-10-01 11:40:21 UTC
,,http://176.65.139.35/hiddenbin/arm6,176.65.139.35,online,,,176-65-139-35|elf|mirai|ua-wget,2026-10-01 11:40:21 UTC
,,http://176.65.139.35/hiddenbin/x86_64,176.65.139.35,online,,,176-65-139-35|elf|mirai|ua-wget,2026-10-01 11:40:21 UTC
,,http://176.65.139.35/hiddenbin/arm,176.65.139.35,online,,,176-65-139-35|elf|mirai|ua-wget,2026-10-01 11:40:21 UTC
,,http://176.65.139.35/hiddenbin/mips,176.65.139.35,online,,,176-65-139-35|elf|mirai|ua-wget,2026-10-01 11:40:21 UTC
,,http://94.154.43.34/mips,94.154.43.34,offline,,,94-154-43-34|elf|mirai|ua-wget,2026-10-01 11:38:25 UTC
,,http://94.154.43.34/mipsle,94.154.43.34,offline,,,94-154-43-34|elf|mirai|ua-wget,2026-10-01 11:38:25 UTC
,,http://94.154.43.34/x86,94.154.43.34,offline,,,94-154-43-34|elf|mirai|ua-wget,2026-10-01 11:38:20 UTC
,,http://94.154.43.34/armv7l,94.154.43.34,offline,,,94-154-43-34|elf|mirai|ua-wget,2026-10-01 11:37:27 UTC
,,http://94.154.43.34/arm6,94.154.43.34,offline,,,94-154-43-34|elf|mirai|ua-wget,2026-10-01 11:37:27 UTC
,,http://94.154.43.34/arm5,94.154.43.34,offline,,,94-154-43-34|elf|mirai|ua-wget,2026-10-01 11:37:21 UTC
,,http://94.154.43.34/arm64,94.154.43.34,offline,,,94-154-43-34|elf|mirai|ua-wget,2026-10-01 11:37:21 UTC
,,http://94.154.43.34/arm,94.154.43.34,offline,,,94-154-43-34|elf|mirai|ua-wget,2026-10-01 11:37:21 UTC
,,http://94.154.43.34/amd64,94.154.43.34,offline,,,94-154-43-34|elf|mirai|ua-wget,2026-10-01 11:37:21 UTC
,,http://94.154.43.34/i386,94.154.43.34,offline,,,94-154-43-34|elf|mirai|ua-wget,2026-10-01 11:37:21 UTC
,,http://94.154.43.34/android_arm64,94.154.43.34,offline,,,94-154-43-34|elf|mirai|ua-wget,2026-10-01 11:37:21 UTC
,,http://94.154.43.34/bins.sh,94.154.43.34,offline,,,94-154-43-34|mirai|sh|ua-wget,2026-10-01 11:37:19 UTC
,,http://94.154.43.34/bot.exe,94.154.43.34,offline,,,94-154-43-34|exe|ua-wget,2026-10-01 11:37:13 UTC
,,http://42.180.248.244:60748/bin.sh,42.180.248.244,offline,,,,2026-10-01 11:32:11 UTC
,,http://175.31.228.93:38011/i,175.31.228.93,offline,,,mirai,2026-10-01 11:32:11 UTC
,,http://113.221.96.223:34810/i,113.221.96.223,online,,,mirai,2026-10-01 11:31:16 UTC
,,http://42.230.219.48:36307/i,42.230.219.48,online,,,Mozi,2026-10-01 11:17:14 UTC
,,http://60.23.239.198:53588/i,60.23.239.198,online,,,,2026-10-01 11:17:13 UTC
,,http://115.55.232.157:56561/bin.sh,115.55.232.157,online,,,Mozi,2026-10-01 11:17:13 UTC
,,http://103.87.194.116:36159/i,103.87.194.116,online,,,mirai,2026-10-01 11:17:13 UTC
,,http://154.223.128.222:34539/i,154.223.128.222,offline,,,mirai,2026-10-01 11:17:13 UTC
,,http://115.56.156.34:45390/bin.sh,115.56.156.34,offline,,,32-bit|elf|mips|Mozi,2026-10-01 11:13:21 UTC
,,http://91.218.183.174:443/0x/cls,91.218.183.174,online,,,DPRK,2026-10-01 11:06:08 UTC
,,https://cdn.discordapp.com/attachments/586400531312934913/1555171552734085201/bundle.zip?ex=6abf8ddf&is=6abe3c5f&hm=1af2de5aa606082d72d65a9b2146d14d8cc379d2ba66a1527da0638e01fb992f&,cdn.discordapp.com,online,,,IRAHook,2026-10-01 11:05:38 UTC
,,http://5.189.165.10:8888/x64,5.189.165.10,offline,,,docker|elf|mirai,2026-10-01 11:05:24 UTC
,,http://91.218.183.174:443/0x/js,91.218.183.174,offline,,,DPRK,2026-10-01 11:05:14 UTC
,,http://91.218.183.174:443/0x/ls,91.218.183.174,online,,,DPRK,2026-10-01 11:05:14 UTC
,,http://196.189.198.173:53345/bin.sh,196.189.198.173,offline,,,,2026-10-01 11:02:22 UTC
,,http://61.179.88.81:59819/i,61.179.88.81,online,,,Mozi,2026-10-01 11:02:10 UTC
,,http://125.162.25.238:55811/i,125.162.25.238,online,,,mirai,2026-10-01 11:02:10 UTC
,,http://124.95.22.94:46490/i,124.95.22.94,online,,,,2026-10-01 11:02:09 UTC
,,http://115.52.236.89:59755/i,115.52.236.89,online,,,Mozi,2026-10-01 11:01:17 UTC
,,http://123.13.3.11:49890/bin.sh,123.13.3.11,online,,,Mozi,2026-10-01 11:01:16 UTC
,,http://42.234.206.30:55524/bin.sh,42.234.206.30,online,,,Mozi,2026-10-01 10:47:11 UTC
,,http://163.142.87.211:44069/i,163.142.87.211,online,,,,2026-10-01 10:47:10 UTC
,,http://42.57.39.28:34929/i,42.57.39.28,online,,,,2026-10-01 10:47:09 UTC
,,http://99.39.251.174:47147/i,99.39.251.174,offline,,,,2026-10-01 10:47:08 UTC
,,http://125.41.247.56:43423/i,125.41.247.56,online,,,Mozi,2026-10-01 10:46:14 UTC
,,http://115.52.236.89:59755/bin.sh,115.52.236.89,online,,,Mozi,2026-10-01 10:46:14 UTC
,,http://115.56.156.34:45390/i,115.56.156.34,offline,,,32-bit|elf|mips|Mozi,2026-10-01 10:42:26 UTC
,,http://110.136.50.184:38922/i,110.136.50.184,online,,,mirai,2026-10-01 10:32:13 UTC
,,http://59.96.138.46:52546/bin.sh,59.96.138.46,offline,,,Mozi,2026-10-01 10:32:13 UTC
,,http://36.97.200.35:56210/i,36.97.200.35,online,,,mirai,2026-10-01 10:32:12 UTC
,,http://42.235.102.210:39456/i,42.235.102.210,offline,,,Mozi,2026-10-01 10:32:12 UTC
,,http://42.238.246.87:60448/i,42.238.246.87,online,,,,2026-10-01 10:17:09 UTC
,,http://122.241.89.11:35340/i,122.241.89.11,online,,,mirai,2026-10-01 10:16:16 UTC
,,http://115.58.91.2:54820/i,115.58.91.2,offline,,,Mozi,2026-10-01 10:16:15 UTC
,,http://59.58.115.103:56313/bin.sh,59.58.115.103,offline,,,32-bit|arm|elf|mirai|Mozi,2026-10-01 10:06:29 UTC
,,http://42.235.102.210:39456/bin.sh,42.235.102.210,offline,,,Mozi,2026-10-01 10:02:13 UTC
,,http://182.126.245.143:34478/i,182.126.245.143,offline,,,Mozi,2026-10-01 10:02:13 UTC
,,http://123.7.221.8:50883/i,123.7.221.8,offline,,,Mozi,2026-10-01 10:02:12 UTC
,,http://125.47.34.4:56861/i,125.47.34.4,offline,,,Mozi,2026-10-01 10:02:12 UTC
,,http://42.238.246.87:60448/bin.sh,42.238.246.87,online,,,,2026-10-01 10:02:12 UTC
,,http://182.124.76.75:40805/i,182.124.76.75,online,,,,2026-10-01 10:02:12 UTC
,,http://125.47.34.4:56861/bin.sh,125.47.34.4,offline,,,32-bit|elf|mips|Mozi,2026-10-01 09:59:23 UTC
,,http://123.7.221.8:50883/bin.sh,123.7.221.8,offline,,,Mozi,2026-10-01 09:47:13 UTC
,,http://42.177.162.29:23509/bin.sh,42.177.162.29,online,,,,2026-10-01 09:46:14 UTC
,,http://42.177.162.29:23509/i,42.177.162.29,online,,,,2026-10-01 09:46:14 UTC
,,http://115.48.140.54:34447/i,115.48.140.54,online,,,Mozi,2026-10-01 09:46:14 UTC
,,http://123.13.3.11:49890/i,123.13.3.11,online,,,Mozi,2026-10-01 09:46:14 UTC
,,http://58.47.104.163:35522/bin.sh,58.47.104.163,online,,,mirai,2026-10-01 09:46:13 UTC
,,http://110.136.40.247:33480/i,110.136.40.247,online,,,mirai,2026-10-01 09:32:14 UTC
,,http://182.124.76.75:40805/bin.sh,182.124.76.75,online,,,,2026-10-01 09:32:14 UTC
,,http://115.63.112.133:34953/i,115.63.112.133,online,,,mirai,2026-10-01 09:32:13 UTC
,,http://27.215.122.212:34071/bin.sh,27.215.122.212,offline,,,Mozi,2026-10-01 09:32:12 UTC
,,http://182.113.7.66:51822/i,182.113.7.66,online,,,Mozi,2026-10-01 09:32:12 UTC
,,http://123.11.175.208:54336/bin.sh,123.11.175.208,online,,,Mozi,2026-10-01 09:32:12 UTC
,,http://113.206.4.6:35021/bin.sh,113.206.4.6,online,,,32-bit|arm|elf|mirai|Mozi,2026-10-01 09:30:20 UTC
,,http://185.233.94.151:54854/i,185.233.94.151,offline,,,32-bit|elf|mips|Mozi,2026-10-01 09:22:18 UTC
,,http://196.191.233.24:40339/bin.sh,196.191.233.24,offline,,,32-bit|arm|elf|mirai|Mozi,2026-10-01 09:18:25 UTC
,,http://221.194.101.213:45123/i,221.194.101.213,online,,,mirai,2026-10-01 09:17:21 UTC
,,http://59.97.249.42:34403/i,59.97.249.42,offline,,,Mozi,2026-10-01 09:17:12 UTC
,,http://58.21.120.161:53319/i,58.21.120.161,online,,,mirai,2026-10-01 09:17:10 UTC
,,http://42.242.128.210:37927/i,42.242.128.210,online,,,mirai,2026-10-01 09:17:10 UTC
,,http://115.55.49.174:46425/i,115.55.49.174,online,,,Mozi,2026-10-01 09:02:13 UTC
,,http://115.63.112.133:34953/bin.sh,115.63.112.133,online,,,mirai,2026-10-01 09:02:13 UTC
,,http://61.52.159.237:45418/i,61.52.159.237,online,,,Mozi,2026-10-01 09:02:12 UTC
,,http://37.26.86.216:53452/i,37.26.86.216,offline,,,mirai,2026-10-01 09:02:11 UTC
,,http://115.50.105.81:59352/bin.sh,115.50.105.81,online,,,32-bit|arm|elf|mirai|Mozi,2026-10-01 08:54:14 UTC
,,http://82.54.132.207:39054/i,82.54.132.207,offline,,,32-bit|arm|elf|mirai|Mozi,2026-10-01 08:51:22 UTC
,,http://115.55.232.157:56561/i,115.55.232.157,online,,,Mozi,2026-10-01 08:47:10 UTC
,,http://58.21.120.161:53319/bin.sh,58.21.120.161,online,,,mirai,2026-10-01 08:47:10 UTC
,,http://185.78.93.213:55040/bin.sh,185.78.93.213,offline,,,,2026-10-01 08:46:15 UTC
,,http://125.78.41.62:47558/i,125.78.41.62,online,,,mirai,2026-10-01 08:46:14 UTC
,,http://125.78.41.62:47558/bin.sh,125.78.41.62,online,,,mirai,2026-10-01 08:46:14 UTC
,,http://103.87.194.109:46503/i,103.87.194.109,offline,,,mirai,2026-10-01 08:46:11 UTC
,,http://182.127.124.213:58579/bin.sh,182.127.124.213,offline,,,32-bit|elf|mips|Mozi,2026-10-01 08:43:22 UTC
,,http://210.208.110.21:55702/bin.sh,210.208.110.21,online,,,32-bit|arm|elf|mirai|Mozi,2026-10-01 08:40:31 UTC
,,http://51.38.247.67:8081,51.38.247.67,offline,,,SnakeKeylogger,2026-10-01 08:40:29 UTC
,,http://125.41.3.210:38324/bin.sh,125.41.3.210,online,,,32-bit|elf|mips|Mozi,2026-10-01 08:39:22 UTC
,,https://raw.githubusercontent.com/dsteru3421/4f77-bdc8-7e8087412ccf/refs/heads/main/8f16-efc0e3092243,raw.githubusercontent.com,offline,,,ascii|powershell|ps1,2026-10-01 08:38:13 UTC
,,https://raw.githubusercontent.com/dsteru3421/4f77-bdc8-7e8087412ccf/refs/heads/main/464cf7ac-29d9-4a5a-a7c0,raw.githubusercontent.com,offline,,,ascii|powershell|ps1,2026-10-01 08:38:13 UTC
,,http://115.48.41.100:55799/i,115.48.41.100,offline,,,Mozi,2026-10-01 08:32:11 UTC
,,http://115.55.49.174:46425/bin.sh,115.55.49.174,online,,,Mozi,2026-10-01 08:32:10 UTC
,,http://36.88.136.194:54925/i,36.88.136.194,offline,,,32-bit|arm|elf|mirai|Mozi,2026-10-01 08:27:26 UTC
,,http://82.54.132.207:39054/bin.sh,82.54.132.207,offline,,,32-bit|arm|elf|mirai|Mozi,2026-10-01 08:25:23 UTC
,,http://58.47.104.232:46693/bin.sh,58.47.104.232,offline,,,mirai,2026-10-01 08:16:13 UTC
,,http://115.61.118.253:42001/i,115.61.118.253,offline,,,,2026-10-01 08:16:12 UTC
,,http://115.55.60.81:59252/bin.sh,115.55.60.81,online,,,Mozi,2026-10-01 08:16:12 UTC
,,http://123.14.32.129:52698/i,123.14.32.129,online,,,,2026-10-01 08:16:12 UTC
,,http://115.49.40.27:47638/i,115.49.40.27,online,,,Mozi,2026-10-01 08:16:12 UTC
,,http://42.52.75.211:45783/bin.sh,42.52.75.211,online,,,,2026-10-01 08:01:14 UTC
,,http://42.52.75.211:45783/i,42.52.75.211,online,,,,2026-10-01 08:01:14 UTC
,,http://59.97.255.72:49326/i,59.97.255.72,offline,,,Mozi,2026-10-01 08:01:13 UTC
,,http://42.234.100.204:38961/i,42.234.100.204,online,,,32-bit|elf|mips|Mozi,2026-10-01 07:53:24 UTC
,,http://27.37.230.39:57988/i,27.37.230.39,offline,,,,2026-10-01 07:47:11 UTC
,,http://115.59.34.247:53210/i,115.59.34.247,offline,,,Mozi,2026-10-01 07:45:14 UTC
,,http://180.190.188.110:41166/i,180.190.188.110,online,,,mirai,2026-10-01 07:45:13 UTC
,,http://42.237.40.206:57804/bin.sh,42.237.40.206,offline,,,Mozi,2026-10-01 07:31:15 UTC
,,http://123.190.22.203:45590/bin.sh,123.190.22.203,offline,,,,2026-10-01 07:31:15 UTC
,,http://59.97.255.72:49326/bin.sh,59.97.255.72,offline,,,Mozi,2026-10-01 07:31:15 UTC
,,http://115.55.216.130:42148/bin.sh,115.55.216.130,online,,,Mozi,2026-10-01 07:16:15 UTC
,,http://42.229.188.148:42206/i,42.229.188.148,online,,,Mozi,2026-10-01 07:16:15 UTC
,,http://105.224.32.139:48175/i,105.224.32.139,offline,,,mirai,2026-10-01 07:16:15 UTC
,,http://115.49.40.27:47638/bin.sh,115.49.40.27,online,,,Mozi,2026-10-01 07:16:15 UTC
,,http://115.61.118.253:42001/bin.sh,115.61.118.253,online,,,,2026-10-01 07:16:14 UTC
,,http://27.204.247.42:42958/i,27.204.247.42,online,,,Mozi,2026-10-01 07:16:14 UTC
,,http://219.157.17.40:54079/bin.sh,219.157.17.40,offline,,,Mozi,2026-10-01 07:02:11 UTC
,,http://42.224.121.24:59011/i,42.224.121.24,online,,,Mozi,2026-10-01 07:02:11 UTC
,,http://59.183.97.58:59725/bin.sh,59.183.97.58,offline,,,Mozi,2026-10-01 06:47:15 UTC
,,http://47.212.193.38:54138/bin.sh,47.212.193.38,online,,,mirai,2026-10-01 06:47:12 UTC
,,http://182.118.242.94:46786/i,182.118.242.94,online,,,Mozi,2026-10-01 06:47:11 UTC
,,http://219.157.246.193:33066/i,219.157.246.193,online,,,Mozi,2026-10-01 06:47:10 UTC
,,http://192.3.47.188/135/images_95858005050050.JPG.hta,192.3.47.188,online,,,hta|rat|RemcosRAT,2026-10-01 06:46:14 UTC
,,http://154.23.2.62:51257/i,154.23.2.62,offline,,,Mozi,2026-10-01 06:32:13 UTC
,,http://222.138.101.8:53317/i,222.138.101.8,offline,,,Mozi,2026-10-01 06:32:13 UTC
,,http://219.157.170.251:44929/i,219.157.170.251,offline,,,Mozi,2026-10-01 06:32:13 UTC
,,http://175.147.89.33:42382/i,175.147.89.33,offline,,,,2026-10-01 06:32:12 UTC
,,http://115.57.18.198:40785/i,115.57.18.198,offline,,,Mozi,2026-10-01 06:31:12 UTC
,,http://91.92.242.236/files-129312398/files/file_6911193341ae26d7.exe,91.92.242.236,offline,,,c2-monitor-auto|dropped-by-amadey,2026-10-01 06:25:18 UTC
,,http://123.11.175.208:54336/i,123.11.175.208,online,,,Mozi,2026-10-01 06:16:15 UTC
,,http://219.157.246.193:33066/bin.sh,219.157.246.193,online,,,Mozi,2026-10-01 06:16:15 UTC
,,http://196.191.233.24:40339/i,196.191.233.24,offline,,,mirai,2026-10-01 06:16:14 UTC
,,http://46.72.77.178:8429/bin.sh,46.72.77.178,offline,,,,2026-10-01 06:16:14 UTC
,,http://46.10.44.157:45658/i,46.10.44.157,online,,,,2026-10-01 06:16:14 UTC
,,http://185.166.155.141:5001/utros.bin,185.166.155.141,offline,,,opendir,2026-10-01 06:06:09 UTC
,,http://185.166.155.141:5001/tr.bin,185.166.155.141,offline,,,opendir,2026-10-01 06:06:09 UTC
,,http://185.166.155.141:5001/one.exe,185.166.155.141,offline,,,exe|opendir|SalatStealer,2026-10-01 06:05:16 UTC
,,http://185.166.155.141:5001/irzfcxiywhew.exe,185.166.155.141,offline,,,exe|opendir|QuasarRAT,2026-10-01 06:05:15 UTC
,,http://185.166.155.141:5001/kisa.exe,185.166.155.141,offline,,,exe|opendir|SheetRAT,2026-10-01 06:05:14 UTC
,,http://185.166.155.141:5001/two.exe,185.166.155.141,offline,,,exe|opendir,2026-10-01 06:05:14 UTC
,,http://185.166.155.141:5001/pip.bin,185.166.155.141,offline,,,opendir,2026-10-01 06:05:13 UTC
,,http://185.166.155.141:5001/optimal.exe,185.166.155.141,offline,,,exe|opendir|RemusStealer,2026-10-01 06:05:13 UTC
,,http://185.166.155.141:5001/ufrop.exe,185.166.155.141,offline,,,exe|opendir|SalatStealer,2026-10-01 06:05:13 UTC
,,http://185.166.155.141:5001/kis.exe,185.166.155.141,offline,,,exe|opendir|SheetRAT,2026-10-01 06:05:13 UTC
,,http://185.166.155.141:5001/horos.bin,185.166.155.141,offline,,,opendir,2026-10-01 06:04:12 UTC
,,http://201.7.16.231/bins/payload.sh,201.7.16.231,online,,,,2026-10-01 06:02:08 UTC
,,http://222.127.55.82:43735/i,222.127.55.82,offline,,,mirai,2026-10-01 06:01:20 UTC
,,http://120.84.212.119:45721/bin.sh,120.84.212.119,online,,,,2026-10-01 06:01:09 UTC
,,http://201.7.16.231/bins/dbg,201.7.16.231,online,,,mirai,2026-10-01 06:01:08 UTC
,,http://175.147.89.33:42382/bin.sh,175.147.89.33,offline,,,,2026-10-01 06:01:08 UTC
,,http://123.13.136.149:53535/bin.sh,123.13.136.149,online,,,Mozi,2026-10-01 06:01:07 UTC
,,http://222.255.181.15/bins/xnxnxnxnxnxnxnxnriscv32xnxn,222.255.181.15,offline,,,ua-wget,2026-10-01 05:55:25 UTC
,,http://222.255.181.15/bins/xnxnxnxnxnxnxnxnmipsxnxn,222.255.181.15,offline,,,ua-wget,2026-10-01 05:55:25 UTC
,,http://222.255.181.15/bins/xnxnxnxnxnxnxnxnsh2xnxn,222.255.181.15,offline,,,ua-wget,2026-10-01 05:55:25 UTC
,,http://222.255.181.15/bins/xnxnxnxnxnxnxnxnmicroblazexnxn,222.255.181.15,offline,,,ua-wget,2026-10-01 05:55:25 UTC
,,http://222.255.181.15/bins/xnxnxnxnxnxnxnxnaarch64xnxn,222.255.181.15,offline,,,ua-wget,2026-10-01 05:55:25 UTC
,,http://222.255.181.15/bins/xnxnxnxnxnxnxnxnor1kxnxn,222.255.181.15,offline,,,ua-wget,2026-10-01 05:55:25 UTC
,,http://222.255.181.15/bins/xnxnxnxnxnxnxnxnloongarch64xnxn,222.255.181.15,offline,,,ua-wget,2026-10-01 05:55:25 UTC
,,http://222.255.181.15/bins/xnxnxnxnxnxnxnxnx86_64xnxn,222.255.181.15,offline,,,ua-wget,2026-10-01 05:55:25 UTC
,,http://222.255.181.15/bins/xnxnxnxnxnxnxnxnpowerpcxnxn,222.255.181.15,offline,,,ua-wget,2026-10-01 05:55:25 UTC
,,http://222.255.181.15/bins/xnxnxnxnxnxnxnxnm68kxnxn,222.255.181.15,offline,,,ua-wget,2026-10-01 05:55:25 UTC
,,http://222.255.181.15/bins/xnxnxnxnxnxnxnxnsh4xnxn,222.255.181.15,offline,,,ua-wget,2026-10-01 05:55:25 UTC
,,http://222.255.181.15/bins/xnxnxnxnxnxnxnxnriscv64xnxn,222.255.181.15,offline,,,ua-wget,2026-10-01 05:55:25 UTC
,,http://222.255.181.15/bins/xnxnxnxnxnxnxnxni386xnxn,222.255.181.15,offline,,,ua-wget,2026-10-01 05:55:25 UTC
,,https://drive.google.com/uc?export=download&id=1qjzMdGn-w0YYAgdJ6zcD7jCzqDtaokB3,drive.google.com,offline,,,ascii|Encoded|GuLoader|rat|RemcosRAT,2026-10-01 05:50:19 UTC
,,https://drive.google.com/uc?export=download&id=1ckCcpcK-lCAKi1lGZ0tnj5yynsi6uBla,drive.google.com,offline,,,ascii|Encoded|GuLoader|rat|RemcosRAT,2026-10-01 05:50:19 UTC
,,http://105.186.149.113:43297/bin.sh,105.186.149.113,offline,,,mirai,2026-10-01 05:47:10 UTC
,,http://222.142.93.87:45263/bin.sh,222.142.93.87,offline,,,mirai,2026-10-01 05:47:10 UTC
,,http://84.200.33.163/302/token.cmd,84.200.33.163,online,,,ascii|bat|ua-curl,2026-10-01 05:40:12 UTC
,,http://91.92.242.236/files-129312398/files/file_f374c4d0079d076f.exe,91.92.242.236,offline,,,c2-monitor-auto|dropped-by-amadey,2026-10-01 05:35:11 UTC
,,https://chrome.windows-browser.net/setup/downloads/ext1/ChromeSetup.exe,chrome.windows-browser.net,offline,,,Dapato|dropper|exe,2026-10-01 05:34:39 UTC
,,http://94.154.43.26:8080/bot-linux-arm64,94.154.43.26,offline,,,,2026-10-01 05:34:32 UTC
,,http://94.154.43.26:8080/bot-darwin-amd64,94.154.43.26,offline,,,,2026-10-01 05:34:32 UTC
,,https://github.com/dimdikoldu/salla/releases/download/31/31.zip,github.com,online,,,IRAHook,2026-10-01 05:34:23 UTC
,,http://115.59.233.233:39953/bin.sh,115.59.233.233,online,,,elf|mirai,2026-10-01 05:34:19 UTC
,,http://115.196.7.123:48161/bin.sh,115.196.7.123,online,,,elf|mirai,2026-10-01 05:34:14 UTC
,,https://api-willserver.phonkstyle-workers.workers.dev/board/config,api-willserver.phonkstyle-workers.workers.dev,offline,,,vs extension,2026-10-01 05:34:13 UTC
,,http://94.154.43.26:8080/bot-windows-386.exe,94.154.43.26,offline,,,,2026-10-01 05:34:11 UTC
,,http://94.154.43.26:8080/bot-linux-arm,94.154.43.26,offline,,,,2026-10-01 05:34:11 UTC
,,http://94.154.43.26:8080/bot-linux-386,94.154.43.26,offline,,,mirai,2026-10-01 05:34:11 UTC
,,http://94.154.43.26:8080/bot-freebsd-amd64,94.154.43.26,offline,,,,2026-10-01 05:34:11 UTC
,,http://94.154.43.26:8080/bot-openbsd-amd64,94.154.43.26,offline,,,,2026-10-01 05:34:11 UTC
,,http://94.154.43.26:8080/bot-darwin-arm64,94.154.43.26,offline,,,,2026-10-01 05:34:11 UTC
,,http://94.154.43.26:8080/bot-windows-amd64.exe,94.154.43.26,offline,,,,2026-10-01 05:34:11 UTC
,,http://85.192.48.80:8888/bot_x86_64,85.192.48.80,online,,,elf|mirai,2026-10-01 05:33:12 UTC
,,https://sandiegomobiletire.com/loader/agent/a75137e5a3f45aacaa1ed5259e81ad8dcbcc0c1b767d8fc46dc42d2ef548b449,sandiegomobiletire.com,offline,,,ClickFix|Loader|Mach-O|macOS,2026-10-01 05:33:11 UTC
,,http://45.207.157.28/backdoor.sh,45.207.157.28,offline,,,downloader|sh,2026-10-01 05:33:10 UTC
,,http://91.92.242.236/files-129312398/files/file_24ed2cf4c7e68a80.exe,91.92.242.236,offline,,,c2-monitor-auto|dropped-by-amadey,2026-10-01 05:33:09 UTC
,,https://cdn.discordapp.com/attachments/1324384206050168936/1554961466518409328/bundle.zip?ex=6abeca37&is=6abd78b7&hm=8d91bb35ae9f64d4d217282123810c09034c8ff617046c19d9cf678781b3a9c5&,cdn.discordapp.com,offline,,,IRAHook,2026-10-01 05:32:38 UTC
,,http://60.23.239.45:46659/i,60.23.239.45,online,,,,2026-10-01 05:32:18 UTC
,,http://120.84.218.167:43117/i,120.84.218.167,online,,,mirai,2026-10-01 05:32:15 UTC
,,http://124.95.22.94:46490/bin.sh,124.95.22.94,online,,,,2026-10-01 05:32:14 UTC
,,http://222.93.26.143:40336/i,222.93.26.143,online,,,mirai,2026-10-01 05:32:13 UTC
,,http://182.127.124.213:58579/i,182.127.124.213,offline,,,Mozi,2026-10-01 05:32:13 UTC
,,http://220.192.252.187:55755/bin.sh,220.192.252.187,online,,,32-bit|elf|mips|Mozi,2026-10-01 05:31:13 UTC
,,http://59.180.137.217:55956/i,59.180.137.217,offline,,,32-bit|elf|mips|Mozi,2026-10-01 05:27:22 UTC
,,http://42.242.128.210:37927/bin.sh,42.242.128.210,online,,,mirai,2026-10-01 05:17:26 UTC
,,http://105.186.149.113:43297/i,105.186.149.113,offline,,,mirai,2026-10-01 05:17:10 UTC
,,http://120.84.215.195:36474/bin.sh,120.84.215.195,online,,,32-bit|elf|mips|Mozi,2026-10-01 05:12:12 UTC
,,http://210.208.110.147:50667/bin.sh,210.208.110.147,online,,,mirai,2026-10-01 05:03:12 UTC
,,http://114.226.111.119:46491/i,114.226.111.119,online,,,mirai,2026-10-01 05:02:15 UTC
,,http://222.93.26.143:40336/bin.sh,222.93.26.143,online,,,mirai,2026-10-01 05:02:15 UTC
,,http://27.18.91.152:40493/i,27.18.91.152,online,,,mirai,2026-10-01 05:02:15 UTC
,,http://42.227.242.39:44734/i,42.227.242.39,online,,,,2026-10-01 05:02:14 UTC
,,http://125.43.82.123:52702/bin.sh,125.43.82.123,online,,,Mozi,2026-10-01 05:02:14 UTC
,,http://123.11.203.243:35205/bin.sh,123.11.203.243,online,,,Mozi,2026-10-01 05:02:13 UTC
,,http://182.34.59.182:33687/bin.sh,182.34.59.182,online,,,32-bit|arm|elf|mirai|Mozi,2026-10-01 04:57:19 UTC
,,http://222.127.154.221:42646/bin.sh,222.127.154.221,offline,,,mirai,2026-10-01 04:47:29 UTC
,,http://42.227.242.39:44734/bin.sh,42.227.242.39,online,,,,2026-10-01 04:47:20 UTC
,,http://206.130.211.211:54891/i,206.130.211.211,offline,,,,2026-10-01 04:47:14 UTC
,,http://47.212.193.38:54138/i,47.212.193.38,online,,,mirai,2026-10-01 04:47:14 UTC
,,http://92.34.131.196:52254/i,92.34.131.196,offline,,,32-bit|elf|mips|Mozi,2026-10-01 04:25:22 UTC
,,http://60.22.174.67:50480/bin.sh,60.22.174.67,online,,,,2026-10-01 04:17:28 UTC
,,http://61.53.95.150:40540/bin.sh,61.53.95.150,offline,,,Mozi,2026-10-01 04:17:16 UTC
,,http://60.22.174.67:50480/i,60.22.174.67,online,,,,2026-10-01 04:17:16 UTC
,,http://222.127.68.176:54016/i,222.127.68.176,online,,,mirai,2026-10-01 04:17:15 UTC
,,http://206.130.211.211:54891/bin.sh,206.130.211.211,offline,,,,2026-10-01 04:15:19 UTC
,,http://222.127.68.176:54016/bin.sh,222.127.68.176,online,,,mirai,2026-10-01 04:02:12 UTC
,,http://61.53.107.20:37834/bin.sh,61.53.107.20,online,,,Mozi,2026-10-01 04:02:12 UTC
,,http://182.126.90.79:36092/i,182.126.90.79,offline,,,Mozi,2026-10-01 04:02:12 UTC
,,http://119.109.233.246:51234/i,119.109.233.246,offline,,,,2026-10-01 04:02:11 UTC
,,http://94.244.36.34:43596/i,94.244.36.34,online,,,mirai,2026-10-01 04:02:10 UTC
,,http://103.140.87.105:49525/i,103.140.87.105,offline,,,mirai,2026-10-01 04:01:14 UTC
,,http://92.34.131.196:52254/bin.sh,92.34.131.196,offline,,,32-bit|elf|mips|Mozi,2026-10-01 03:52:23 UTC
,,http://60.23.233.111:43835/i,60.23.233.111,offline,,,,2026-10-01 03:47:14 UTC
,,http://180.190.85.135:52156/i,180.190.85.135,offline,,,mirai,2026-10-01 03:47:13 UTC
,,http://115.55.216.130:42148/i,115.55.216.130,online,,,Mozi,2026-10-01 03:46:15 UTC
,,http://115.51.120.187:45478/i,115.51.120.187,offline,,,Mozi,2026-10-01 03:46:13 UTC
,,http://49.64.226.190:3588/i,49.64.226.190,online,,,,2026-10-01 03:32:15 UTC
,,http://101.108.6.61:35666/i,101.108.6.61,offline,,,mirai,2026-10-01 03:32:12 UTC
,,http://213.66.68.29:56935/i,213.66.68.29,online,,,mirai,2026-10-01 03:32:11 UTC
,,http://182.126.113.232:40409/i,182.126.113.232,offline,,,Mozi,2026-10-01 03:32:11 UTC
,,http://94.244.36.34:43596/bin.sh,94.244.36.34,online,,,mirai,2026-10-01 03:32:11 UTC
,,http://61.54.193.34:49707/i,61.54.193.34,offline,,,Mozi,2026-10-01 03:17:16 UTC
,,http://120.84.215.195:36474/i,120.84.215.195,online,,,,2026-10-01 03:17:16 UTC
,,http://180.190.85.135:52156/bin.sh,180.190.85.135,offline,,,mirai,2026-10-01 03:17:15 UTC
,,http://176.65.139.135/mpsl,176.65.139.135,online,,,elf|mirai|ua-wget,2026-10-01 03:06:16 UTC
,,http://176.65.139.135/x86_64,176.65.139.135,online,,,elf|mirai|ua-wget,2026-10-01 03:06:16 UTC
,,http://115.48.162.176:35189/i,115.48.162.176,online,,,elf|Mozi,2026-10-01 03:05:25 UTC
,,http://123.5.169.11:54219/i,123.5.169.11,offline,,,elf|Mozi,2026-10-01 03:05:24 UTC
,,http://182.126.96.217:59916/i,182.126.96.217,offline,,,,2026-10-01 03:02:11 UTC
,,http://27.152.53.206:34777/i,27.152.53.206,online,,,mirai,2026-10-01 03:01:24 UTC
,,http://38.58.201.172:52112/i,38.58.201.172,offline,,,mirai,2026-10-01 03:01:20 UTC
,,http://27.203.230.103:46598/i,27.203.230.103,online,,,mirai,2026-10-01 03:01:20 UTC
,,http://115.61.7.215:35181/bin.sh,115.61.7.215,offline,,,Mozi,2026-10-01 03:01:19 UTC
,,http://177.36.24.219:34199/i,177.36.24.219,offline,,,mirai,2026-10-01 03:01:19 UTC
,,http://221.202.71.58:60286/i,221.202.71.58,online,,,,2026-10-01 03:01:19 UTC
,,http://125.41.3.210:38324/i,125.41.3.210,online,,,Mozi,2026-10-01 02:48:12 UTC
,,http://221.202.71.58:60286/bin.sh,221.202.71.58,online,,,,2026-10-01 02:47:15 UTC
,,http://115.51.120.187:45478/bin.sh,115.51.120.187,offline,,,Mozi,2026-10-01 02:47:14 UTC
,,http://115.56.152.78:39619/bin.sh,115.56.152.78,offline,,,Mozi,2026-10-01 02:47:13 UTC
,,http://60.23.233.111:43835/bin.sh,60.23.233.111,offline,,,,2026-10-01 02:47:13 UTC
,,http://182.126.96.217:59916/bin.sh,182.126.96.217,offline,,,,2026-10-01 02:31:14 UTC
,,http://119.154.97.145:51593/i,119.154.97.145,offline,,,32-bit|elf|mips|Mozi,2026-10-01 02:28:24 UTC
,,http://2.187.249.41:53704/i,2.187.249.41,online,,,Mozi,2026-10-01 02:16:14 UTC
,,http://39.38.200.174:43762/i,39.38.200.174,offline,,,Mozi,2026-10-01 02:02:24 UTC
,,http://114.226.31.30:59598/i,114.226.31.30,offline,,,mirai,2026-10-01 02:02:14 UTC
,,http://182.117.104.52:36496/i,182.117.104.52,offline,,,32-bit|elf|mips|Mozi,2026-10-01 02:02:14 UTC
,,http://115.56.152.78:39619/i,115.56.152.78,offline,,,Mozi,2026-10-01 02:01:14 UTC
,,http://61.52.35.70:60065/i,61.52.35.70,offline,,,32-bit|elf|mips|Mozi,2026-10-01 01:48:23 UTC
,,http://42.54.103.36:43136/i,42.54.103.36,online,,,32-bit|elf|mips|Mozi,2026-10-01 01:47:14 UTC
,,http://115.58.86.149:58598/i,115.58.86.149,online,,,Mozi,2026-10-01 01:47:11 UTC
,,http://114.226.31.30:59598/bin.sh,114.226.31.30,online,,,mirai,2026-10-01 01:32:28 UTC
,,http://120.28.193.113:44476/i,120.28.193.113,offline,,,mirai,2026-10-01 01:32:27 UTC
,,http://115.55.246.129:36450/bin.sh,115.55.246.129,offline,,,Mozi,2026-10-01 01:32:14 UTC
,,http://61.52.35.70:60065/bin.sh,61.52.35.70,offline,,,Mozi,2026-10-01 01:32:14 UTC
,,http://120.28.192.123:35603/i,120.28.192.123,online,,,mirai,2026-10-01 01:32:14 UTC
,,http://27.202.215.44:59040/i,27.202.215.44,offline,,,32-bit|elf|mips|Mozi,2026-10-01 01:20:31 UTC
,,http://193.31.201.20:44501/i,193.31.201.20,offline,,,32-bit|elf|mips|Mozi,2026-10-01 01:20:31 UTC
,,http://175.147.91.14:38463/i,175.147.91.14,online,,,,2026-10-01 01:17:17 UTC
,,http://182.126.5.163:59405/i,182.126.5.163,online,,,mirai,2026-10-01 01:17:14 UTC
,,http://27.207.187.125:46979/bin.sh,27.207.187.125,offline,,,Mozi,2026-10-01 01:17:14 UTC
,,http://175.146.157.50:44958/i,175.146.157.50,offline,,,,2026-10-01 01:17:14 UTC
,,http://115.58.86.149:58598/bin.sh,115.58.86.149,online,,,Mozi,2026-10-01 01:17:14 UTC
,,http://222.127.243.18:45691/i,222.127.243.18,offline,,,mirai,2026-10-01 01:17:13 UTC
,,http://114.227.52.147:57947/i,114.227.52.147,offline,,,mirai,2026-10-01 01:16:11 UTC
,,http://115.52.233.61:40787/bin.sh,115.52.233.61,online,,,,2026-10-01 01:16:11 UTC
,,http://164.163.25.149:51152/bin.sh,164.163.25.149,online,,,32-bit|arm|elf|mirai|Mozi,2026-10-01 01:09:22 UTC
,,http://182.117.104.52:36496/bin.sh,182.117.104.52,offline,,,32-bit|elf|mips|Mozi,2026-10-01 01:06:28 UTC
,,http://114.227.52.147:57947/bin.sh,114.227.52.147,online,,,mirai,2026-10-01 01:02:30 UTC
,,http://182.113.7.66:51822/bin.sh,182.113.7.66,online,,,Mozi,2026-10-01 01:02:19 UTC
,,http://59.96.138.132:43032/i,59.96.138.132,offline,,,Mozi,2026-10-01 01:02:19 UTC
,,http://61.52.81.231:49666/i,61.52.81.231,offline,,,Mozi,2026-10-01 01:02:18 UTC
,,http://42.231.174.3:60965/i,42.231.174.3,online,,,mirai,2026-10-01 01:02:18 UTC
,,http://27.215.121.147:37635/i,27.215.121.147,offline,,,Mozi,2026-10-01 01:02:18 UTC
,,http://193.31.201.20:44501/bin.sh,193.31.201.20,offline,,,32-bit|elf|mips|Mozi,2026-10-01 00:48:17 UTC
,,http://105.226.5.38:43743/i,105.226.5.38,offline,,,mirai,2026-10-01 00:47:13 UTC
,,http://42.231.110.141:42094/i,42.231.110.141,online,,,Mozi,2026-10-01 00:47:12 UTC
,,http://196.189.98.77:52659/i,196.189.98.77,offline,,,mirai,2026-10-01 00:47:12 UTC
,,http://180.191.20.148:37470/i,180.191.20.148,offline,,,32-bit|arm|elf|mirai|Mozi,2026-10-01 00:36:36 UTC
,,http://106.58.110.228:36339/i,106.58.110.228,online,,,mirai,2026-10-01 00:32:28 UTC
,,http://42.231.174.3:60965/bin.sh,42.231.174.3,online,,,mirai,2026-10-01 00:32:13 UTC
,,http://42.228.37.173:50698/i,42.228.37.173,online,,,Mozi,2026-10-01 00:31:22 UTC
,,http://42.231.95.117:46176/bin.sh,42.231.95.117,offline,,,,2026-10-01 00:31:19 UTC
,,http://42.231.95.117:46176/i,42.231.95.117,offline,,,,2026-10-01 00:31:18 UTC
,,http://109.236.44.237:52156/i,109.236.44.237,offline,,,mirai,2026-10-01 00:31:17 UTC
,,http://182.121.73.26:50774/i,182.121.73.26,online,,,Mozi,2026-10-01 00:31:17 UTC
,,http://182.121.73.26:50774/bin.sh,182.121.73.26,offline,,,Mozi,2026-10-01 00:17:15 UTC
,,http://112.248.190.63:52282/i,112.248.190.63,online,,,Mozi,2026-10-01 00:17:15 UTC
,,http://61.52.81.231:49666/bin.sh,61.52.81.231,offline,,,Mozi,2026-10-01 00:17:15 UTC
,,http://42.231.110.141:42094/bin.sh,42.231.110.141,online,,,Mozi,2026-10-01 00:17:15 UTC
,,http://42.230.43.253:42378/i,42.230.43.253,offline,,,32-bit|elf|mips|Mozi,2026-10-01 00:16:19 UTC
,,http://42.242.164.208:40082/bin.sh,42.242.164.208,online,,,mirai,2026-10-01 00:12:15 UTC
,,http://42.230.43.253:42378/bin.sh,42.230.43.253,offline,,,32-bit|elf|mips|Mozi,2026-10-01 00:10:28 UTC
,,http://180.191.20.148:37470/bin.sh,180.191.20.148,offline,,,32-bit|arm|elf|mirai|Mozi,2026-10-01 00:09:22 UTC
,,http://202.97.172.7:51117/i,202.97.172.7,offline,,,,2026-10-01 00:03:28 UTC
